,time,Pitch_increment,Cp,Lambda_i,Lambda,Tem,Tm,Ia,Ea,w,pitch,dpitch,pitch_ref
0,0.20000000000000004,0.0,0.2227591826993185,9.981532044098296,10.30965150268836,185.07819931103526,193.67624201691444,30.075237463280693,248.8394557973967,40.43645200352897,0.0,0.0,0.0
1,0.4000000000000002,0.0,0.21827489936482927,10.014877759454988,10.34509134240311,185.72042747598837,189.12728407588784,30.179599644447755,249.6948513872346,40.57545392587955,0.0,0.0,0.0
2,0.6000000000000003,0.0,0.2168401073419418,10.025495015666896,10.356376900969055,185.92494251498331,187.6793476381024,30.212833371518162,249.967245876145,40.61971807459164,0.0,0.0,0.0
3,0.8000000000000005,0.0,0.21638239725329478,10.028876778954626,10.359971684726636,185.99008651901136,187.21820563579382,30.22341928275863,250.05401156688754,40.63381751343674,0.0,0.0,0.0
4,1.0000000000000007,0.0,0.21623652050601747,10.029954051879416,10.361116831886225,186.01083865499737,187.0713122062049,30.226791508228583,250.0816514726521,40.638309002614974,0.0,0.0,0.0
5,1.2000000000000008,0.0003490643107588607,0.2161802690148334,10.030259231873625,10.361441241315019,186.01673237746687,187.01679216751242,30.227749239087604,250.08948159820932,40.639581399290414,0.0002206507271825203,0.000642067917881702,0.0003490643107588607
6,1.400000000000001,0.0003490643107588607,0.2161562449393237,10.030285925155743,10.361469616531732,186.0172669555059,186.99549692952195,30.22783610810582,250.09016647814758,40.63969269239168,0.0005224743205759515,0.0008782715047088495,0.0006981286215177214
7,1.6000000000000012,0.0003490643107588607,0.21614383862530057,10.030211936756762,10.361390965889026,186.01586406588257,186.9861836532367,30.227608138314057,250.08826812269652,40.639384209322394,0.0008541597426296804,0.0009651659482345085,0.001047192932276582
8,1.8000000000000014,0.0003490643107588607,0.21613563030334987,10.030101474239597,10.361273542725353,186.0137592961231,186.98120164146567,30.22726611288612,250.08543393221598,40.63892365290875,0.0011968307175234424,0.000997132627560002,0.0013962572430354428
9,2.0000000000000013,0.0003490643107588607,0.2161289421836481,10.029977774933158,10.361142048531434,186.01139980870767,186.97778860090142,30.22688269579769,250.0822601155601,40.638407907186426,0.0015435430514570026,0.001008892511686505,0.0017453215537943036
10,2.199999999999997,0.0003490643107588607,0.21612280569036918,10.029849265185796,10.361005440536422,186.00894775077126,186.9749449873529,30.226484235984568,250.07896286937023,40.63787210414477,0.0018917421182957088,0.0010132187312872766,0.002094385864553164
11,2.399999999999993,0.0003490643107588607,0.21611686977621922,10.029719005919246,10.36086697245374,186.00646202146794,186.97230839586007,30.226080304568846,250.07562072707464,40.637329005478634,0.002240488123604743,0.001014810258536409,0.0024434501753120247
12,2.5999999999999885,0.0003490643107588607,0.2161110069787624,10.029588110763532,10.360727828002457,186.00396404838693,186.96974719698906,30.22567438353726,250.07226225957208,40.63678325396372,0.002589435336332598,0.001015395748691437,0.002792514486070885
13,2.7999999999999843,0.0003490643107588607,0.21610517094223186,10.029456985444492,10.360588438391504,186.00146163716178,186.967213506164,30.22526774130653,250.06889787476004,40.63623654088505,0.002938456569133249,0.0010156111384824833,0.0031415787968297458
14,2.99999999999998,0.0003490643107588607,0.2160993447828735,10.029325777964898,10.360448960867462,185.9989576342091,186.96468987916745,30.22486084041982,250.06553136802896,40.63568948299419,0.0032875050323969168,0.0010156903759584476,0.0034906431075886063
15,3.1999999999999758,0.0003490643107588607,0.2160935223424822,10.0291945423782,10.360309452807844,185.99645307815163,186.96216995288324,30.224453849653493,250.06216412427437,40.63514230533689,0.003636563513188102,0.001015719525796824,0.003839707418347467
16,3.3999999999999715,0.0003490643107588607,0.2160877013713471,10.029063298450973,10.360169935142894,185.99394834786332,186.95965140327553,30.224046830574622,250.05879664868013,40.63459509000561,0.0039856256792217114,0.0010157302494230797,0.004188771729106327
17,3.5999999999999672,0.0003490643107588607,0.21608188104574286,10.028932053424217,10.360030415488067,185.9914435812022,186.9571333802655,30.22363980558516,250.05542912505712,40.63404786686965,0.004334689200980245,0.0010157341944247184,0.004537836039865188
18,3.799999999999963,0.0003490643107588607,0.2160760610627423,10.02880080995918,10.359890896590507,185.98893882790387,186.9546155721975,30.223232782767163,250.05206161971194,40.63350064670384,0.004683753221482106,0.0010157356457097177,0.004886900350624049
19,3.9999999999999587,0.0003490643107588607,0.21607024130980115,10.02866956904135,10.359751379416027,185.98643410545955,186.9520978642742,30.222825764962945,250.04869415595596,40.63295343329628,0.005032817425461386,0.001015736179607622,0.00523596466138291
20,4.199999999999955,0.0003490643107588607,0.21606442174402896,10.028538331042675,10.359611864278241,185.98392941955615,186.9495802137305,30.22241875309663,250.04532674135876,40.63240622787703,0.005381881696938234,0.0010157363760176846,0.005585028972141771
21,4.399999999999951,0.0003490643107588607,0.21605860234803761,10.028407096110374,10.35947235125189,185.98142477155542,186.94706260417615,30.222011747389505,250.04195937772437,40.63185903073924,0.005730945993246051,0.0010157364482729072,0.005934093282900632
22,4.599999999999946,0.0003490643107588607,0.2160527831137819,10.028275864309357,10.359332840324223,185.97892016123598,186.94454502888323,30.221604747805596,250.0385920647449,40.63131184183289,0.006080010298688668,0.001015736474854127,0.006283157593659493
23,4.799999999999942,0.0003490643107588607,0.21604696403664395,10.028144635674385,10.359193331450456,185.9764155877968,186.9420274846669,30.221197754214735,250.03522480133952,40.63076466098234,0.006429074607491792,0.001015736484632811,0.006632221904418354
24,4.999999999999938,0.0003490643107588607,0.21604114511326428,10.02801341022921,10.359053824574104,185.9739110502245,186.93950996964244,30.22079076645225,250.0318575861449,40.630217487966036,0.006778138917531177,0.0010157364882301895,0.006981286215177215
25,5.199999999999934,0.0003490643107588607,0.21603532634074565,10.027882187993592,10.358914319634456,185.97140654742958,186.93699248240102,30.22038378434109,250.02849041769556,40.629670322545856,0.00712720322802536,0.0010157364895535797,0.007330350525936076
26,5.399999999999929,0.0003490643107588607,0.21602950771636406,10.027750968985849,10.358774816569268,185.96890207829478,186.93447502171125,30.21997680769971,250.02512329448928,40.629123164477676,0.0074762675386868494,0.0010157364900404385,0.007679414836694937
27,5.599999999999925,0.0003490643107588607,0.2160236892374574,10.027619753223817,10.358635315315796,185.9663976416939,186.9319575864043,30.219569836345098,250.0217562150116,40.6285760135154,0.00782533184940989,0.00101573649021954,0.008028479147453797
28,5.799999999999921,0.0003490643107588607,0.21601787090138938,10.027488540725182,10.35849581581115,185.9638932364977,186.92944017533617,30.21916287009375,250.01838917774452,40.628028869412354,0.008174396160155573,0.0010157364902854248,0.008377543458212658
29,5.9999999999999165,0.0003490643107588607,0.2160120527055356,10.027357331507595,10.358356317992403,185.96138886157644,186.92692278737357,30.21875590876208,250.01502218116923,40.62748173192173,0.008523460470909587,0.001015736490309659,0.00872660776897152
30,6.199999999999912,0.0003490643107588607,0.21600623464727284,10.02722612558874,10.358216821796677,185.95888451580151,186.92440542138334,30.2183489521667,250.0116552237681,40.626934600796915,0.008872524781666662,0.0010157364903185927,0.00907567207973038
31,6.399999999999908,0.0003490643107588607,0.21600041672398598,10.027094922986308,10.358077327161114,185.95638019804397,186.92188807623887,30.217942000124147,250.0082883040239,40.62638747579136,0.009221589092424869,0.0010157364903218627,0.009424736390489241
32,6.599999999999904,0.0003490643107588607,0.2159945989330572,10.026963723718046,10.357937834022914,185.953875907177,186.91937075080995,30.217535052451318,250.0049214204209,40.625840356658756,0.009570653403183488,0.0010157364903230683,0.009773800701248102
33,6.7999999999998995,0.0003490643107588607,0.21598878127187357,10.026832527801716,10.357798342319313,185.95137164207318,186.91685344396993,30.217128108965003,250.00155457144413,40.62529324315292,0.009919717713942261,0.0010157364903235107,0.010122865012006963
34,6.999999999999895,0.0003490643107588607,0.21598296373782228,10.026701335255119,10.357658851987592,185.94886740160678,186.91433615459124,30.216721169482273,249.99818775557986,40.62474613502786,0.01026878202470109,0.0010157364903236668,0.010471929322765824
35,7.199999999999891,0.0003490643107588607,0.2159771463282922,10.026570146096088,10.357519362965071,185.946363184653,186.91181888154694,30.216314233820345,249.99482097131514,40.624199032037744,0.010617846335459936,0.0010157364903237449,0.010820993633524685
36,7.399999999999887,0.0003490643107588607,0.21597132904067398,10.026438960342471,10.357379875189103,185.94385899008597,186.909301623711,30.21590730179627,249.9914542171379,40.62365193393685,0.010966910646218792,0.0010157364903237709,0.011170057944283546
37,7.599999999999882,0.0003490643107588607,0.2159655118723603,10.02630777801215,10.357240388597084,185.9413548167831,186.9067843799581,30.21550037322763,249.9880874915372,40.623104840479634,0.011315974956977653,0.0010157364903237709,0.011519122255042407
38,7.799999999999878,0.0003490643107588607,0.21595969482074398,10.026176599123026,10.357100903126433,185.93885066362006,186.90426714916282,30.215093447931707,249.98472079300237,40.622557751420636,0.011665039267736517,0.0010157364903237535,0.011868186565801268
39,7.999999999999874,0.0003490643107588607,0.2159538778832185,10.026045423693034,10.35696141871462,185.93634652947446,186.90174993019875,30.214686525726126,249.98135412002432,40.62201066651462,0.01201410357849538,0.0010157364903237449,0.012217250876560129
40,8.19999999999987,0.0003490643107588607,0.21594806105718062,10.025914251740112,10.356821935299127,185.9338424132239,186.89923272194252,30.214279606428494,249.97798747109388,40.621463585516345,0.012363167889254236,0.0010157364903237709,0.01256631518731899
41,8.399999999999865,0.0003490643107588607,0.2159422443400269,10.025783083282228,10.356682452817475,185.93133831374675,186.89671552326945,30.213872689856537,249.97462084470322,40.620916508180784,0.012712232200013098,0.0010157364903237622,0.012915379498077851
42,8.599999999999861,0.0003490643107588607,0.21593642772915583,10.02565191833736,10.356542971207205,185.9288342299218,186.89419833305612,30.21346577582807,249.97125423934474,40.620369434262955,0.013061296510771958,0.0010157364903237709,0.013264443808836712
43,8.799999999999857,0.0003490643107588607,0.21593061122196663,10.025520756923507,10.35640349040589,185.92633016062797,186.89168115017907,30.21305886416091,249.96788765351158,40.619822363518,0.01341036082153082,0.0010157364903237622,0.013613508119595573
44,8.999999999999853,0.0003490643107588607,0.2159247948158592,10.02538959905869,10.356264010351135,185.92382610474561,186.8891639735146,30.21265195467312,249.96452108569787,40.6192752957012,0.013759425132289681,0.0010157364903237622,0.013962572430354434
45,9.199999999999848,0.0003490643107588607,0.2159189785082352,10.025258444760935,10.35612453098056,185.92132206115414,186.88664680194034,30.2122450471826,249.96115453439788,40.61872823056789,0.014108489443048542,0.0010157364903237622,0.014311636741113295
46,9.399999999999844,0.0003490643107588607,0.2159131622964959,10.025127294048293,10.35598505223182,185.91881802873482,186.88412963433277,30.21183814150755,249.95778799810682,40.61818116787353,0.014457553753807403,0.0010157364903237622,0.014660701051872156
47,9.59999999999984,0.0003490643107588607,0.21590734617804555,10.024996146938818,10.355845574042581,185.91631400636857,186.88161246957048,30.21143123746613,249.95442147532023,40.61763410737365,0.014806618064566261,0.0010157364903237796,0.015009765362631017
48,9.799999999999836,0.0003490643107588607,0.21590153015028865,10.024865003450577,10.355706096350534,185.9138099929364,186.87909530653192,30.211024334876498,249.95105496453408,40.61708704882384,0.015155682375325124,0.0010157364903237709,0.015358829673389878
49,9.999999999999831,0.0003490643107588607,0.21589571421063058,10.024733863601652,10.355566619093395,185.91130598732053,186.87657814409562,30.210617433557022,249.94768846424518,40.616539991979835,0.015504746686083985,0.0010157364903237709,0.01570789398414874
50,10.199999999999827,0.0003490643107588607,0.21588989835647682,10.02460272741014,10.355427142208905,185.90880198840296,186.87406098113956,30.210210533326016,249.94432197295072,40.61599293659743,0.015853810996842844,0.0010157364903237709,0.016056958294907598
51,10.399999999999823,0.0003490643107588607,0.21588408258523467,10.024471594894148,10.355287665634823,185.9062979950665,186.87154381654298,30.20980363400194,249.9409554891484,40.615445882432496,0.016202875307601703,0.0010157364903237709,0.016406022605666457
52,10.599999999999818,0.0003490643107588607,0.21587826689431236,10.02434046607178,10.355148189308915,185.90379400619372,186.8690266491856,30.209396735403217,249.9375890113362,40.614898829240964,0.016551939618360562,0.0010157364903237709,0.016755086916425316
53,10.799999999999814,0.0003490643107588607,0.2158724512811187,10.02420934096117,10.355008713168989,185.9012900206683,186.86650947794686,30.20898983734844,249.9342225380129,40.614351776778875,0.01690100392911943,0.0010157364903237362,0.017104151227184176
54,10.99999999999981,0.00034906435237075275,0.21586663574189932,10.024078219575918,10.354869237148034,185.89878603728775,186.86399230078595,30.2085829396422,249.9308560675612,40.61380472478342,0.017250068266182014,0.0010157365668645758,0.01745321557955493
55,11.199999999999806,0.00034906435237075275,0.2158608202752956,10.023947101933377,10.354729761183053,185.89628205492033,186.8614751176635,30.208176042100597,249.92748959846054,40.61325767300751,0.01759913261292121,0.0010157365950223644,0.017802279931925683
56,11.399999999999801,0.00034906435237075275,0.2158550048788348,10.023815988053888,10.354590285214224,185.89377807249176,186.85895792751833,30.207769144549054,249.92412312926697,40.61271062121651,0.017948196963220232,0.0010157366053810228,0.018151344284296437
57,11.599999999999797,0.00034906435237075275,0.2158491895498629,10.023684877957221,10.354450809181133,185.89127408891716,186.85644072914278,30.207362246811286,249.92075665852232,40.61216356917345,0.018297261314828846,0.0010157366091917246,0.01850040863666719
58,11.799999999999793,0.00034906435237075275,0.21584337428573575,10.023553771662371,10.354311333022547,185.88877010309844,186.85392352135253,30.206955348708846,249.91739018474868,40.61161651663818,0.018646325666919213,0.0010157366105936587,0.018849472989037944
59,11.999999999999789,0.00034906435237075275,0.215837559083835,10.0234226691879,10.354171856676789,185.8862661139275,186.85140630299338,30.206548450061668,249.91402370645736,40.611069463368786,0.018995390019186816,0.0010157366111094093,0.019198537341408698
60,12.199999999999784,0.00034906435237075275,0.21583174394155932,10.023291570552157,10.354032380081955,185.88376212029323,186.8488890729299,30.206141550689203,249.91065722215419,40.61052240912247,0.019344454371519628,0.0010157366112991187,0.019547601693779452
61,12.39999999999978,0.00034906435237075275,0.21582592885631727,10.023160475773395,10.353892903176053,185.8812581210825,186.84637183003662,30.20573465041056,249.9072907303429,40.609975353656075,0.019693518723876417,0.0010157366113689413,0.019896666046150206
62,12.599999999999776,0.00034906435237075275,0.21582011382552288,10.023029384869826,10.353753425897061,185.87875411518237,186.8438545731933,30.205327749044887,249.90392422952652,40.60942829672636,0.020042583076242036,0.0010157366113946152,0.02024573039852096
63,12.799999999999772,0.00034906435237075275,0.2158142988465907,10.022898297859665,10.353613948182963,185.87625010147912,186.84133730127988,30.204920846411202,249.90055771820815,40.60888123809006,0.020391647428610906,0.0010157366114040348,0.020594794750891713
64,12.999999999999767,0.00034906435237075275,0.21580848391693846,10.022767214761114,10.353474469971738,185.87374607885909,186.83882001317903,30.204513942328543,249.8971911948909,40.60833417750395,0.02074071178098096,0.001015736611407539,0.020943859103262467
65,13.199999999999763,0.00034906435237075275,0.21580266903398443,10.022636135592371,10.353334991201379,185.8712420462094,186.83630270777354,30.204107036616065,249.89382465807802,40.60778711472479,0.021089776133351463,0.001015736611408788,0.02129292345563322
66,13.399999999999759,0.00034906435237075275,0.21579685419514713,10.022505060371657,10.353195511809904,185.8687380024173,186.8337853839458,30.203700129092944,249.89045810627357,40.60724004950951,0.02143884048572213,0.0010157366114092216,0.021641987808003974
67,13.599999999999755,0.00034906435237075275,0.21579103939784625,10.022373989117183,10.353056031735333,185.86623394637022,186.83126804057906,30.20329321957838,249.88709153798158,40.60669298161499,0.021787904838092842,0.0010157366114094298,0.021991052160374728
68,13.79999999999975,0.00034906435237075275,0.21578522463950126,10.022242921847171,10.352916550915708,185.8637298769551,186.82875067655596,30.20288630789151,249.8837249517065,40.60614591079822,0.022136969190463585,0.0010157366114094818,0.02234011651274548
69,13.999999999999746,0.00034906435237075275,0.21577940991753472,10.022111858579835,10.352777069289074,185.8612257930606,186.82623329076148,30.202479393851743,249.880358345953,40.6055988368162,0.022486033542834336,0.0010157366114094991,0.022689180865116235
70,14.199999999999742,0.00034906435237075275,0.21577359522936818,10.021980799333404,10.352637586793493,185.85872169357435,186.82371588207934,30.20207247727831,249.87699171922617,40.60505175942601,0.022835097895205093,0.0010157366114094818,0.02303824521748699
71,14.399999999999737,0.00034906435237075275,0.2157677805724234,10.021849744126111,10.352498103367052,185.8562175773849,186.82119844939305,30.20166555799061,249.87362507003155,40.60450467838481,0.023184162247575833,0.0010157366114095512,0.023387309569857743
72,14.599999999999733,0.00034906435237075275,0.21576196594412325,10.02171869297619,10.352358618947841,185.85371344338031,186.81868099158663,30.20125863580794,249.87025839687487,40.60395759344976,0.02353322659994658,0.0010157366114095859,0.023736373922228497
73,14.799999999999729,0.00034906435237075275,0.21575615134189227,10.021587645901873,10.35221913347396,185.85120929045007,186.81616350754547,30.20085171054985,249.86689169826215,40.603410504378104,0.02388229095231734,0.0010157366114095512,0.02408543827459925
74,14.999999999999725,0.00034906435237075275,0.21575033676315397,10.021456602921406,10.352079646883535,185.84870511748267,186.81364599615344,30.200444782035717,249.8635249726998,40.60286341092713,0.024231355304688104,0.0010157366114094991,0.024434502626970004
75,15.19999999999972,0.00034906435237075275,0.2157445222053342,10.021325564053022,10.351940159114685,185.84620092336795,186.81112845629622,30.200037850085142,249.8601582186944,40.60231631285416,0.024580419657058854,0.0010157366114095165,0.024783566979340758
76,15.399999999999716,0.00034906435237075275,0.21573870766585754,10.021194529314979,10.351800670105568,185.84369670699505,186.80861088685788,30.19963091451761,249.85679143475323,40.60176920991661,0.024929484009429615,0.0010157366114094818,0.02513263133171151
77,15.599999999999712,0.00034906435237075275,0.2157328931421509,10.021063498725514,10.351661179794327,185.8411924672538,186.80609328672443,30.19922397515272,249.85342461938325,40.60122210187188,0.025278548361800365,0.0010157366114094991,0.025481695684082265
78,15.799999999999708,0.00034906435237075275,0.21572707863164117,10.020932472302887,10.351521688119139,185.8386882030337,186.80357565478133,30.198817031810012,249.85005777109234,40.60067498847749,0.025627612714171112,0.0010157366114095338,0.02583076003645302
79,15.999999999999703,0.00034906435237075275,0.21572126413175566,10.02080145006534,10.351382195018175,185.83618391322582,186.8010579899142,30.198410084309284,249.84669088838803,40.600127869490926,0.025976677066541862,0.0010157366114095512,0.026179824388823773
80,16.199999999999733,0.00034906435237075275,0.2157154496399228,10.020670432031134,10.351242700429633,185.83367959671952,186.798540291009,30.198003132470056,249.8433239697788,40.5995807446698,0.026325741418912654,0.0010157366114093604,0.026528888741194526
81,16.399999999999764,0.00034906435237075275,0.21570963515357247,10.020539418218513,10.351103204291709,185.83117525240607,186.79602255695312,30.197596176112164,249.8399570137728,40.599033613771695,0.026674805771283422,0.001015736611409291,0.02687795309356528
82,16.599999999999795,0.00034906435237075275,0.2157038206701327,10.02040840864575,10.350963706542629,185.8286708791761,186.79350478663153,30.19718921505533,249.83659001887898,40.598486476554314,0.027023870123654183,0.0010157366114092563,0.027227017445936034
83,16.799999999999827,0.00034906435237075275,0.21569800618703341,10.0202774033311,10.350824207120617,185.8261664759203,186.79098697893062,30.1967822491193,249.83322298360645,40.59793933277538,0.027372934476024936,0.0010157366114092563,0.027576081798306788
84,16.999999999999858,0.00034906435237075275,0.21569219170170653,10.020146402292818,10.350684705963907,185.82366204153064,186.7884691327385,30.19637527812401,249.82985590646422,40.59739218219262,0.027721998828395697,0.0010157366114092216,0.02792514615067754
85,17.19999999999989,0.00034906435237075275,0.21568637721158215,10.020015405549174,10.350545203010755,185.82115757489774,186.78595124694084,30.195968301889188,249.8264887859621,40.59684502456387,0.02807106318076645,0.0010157366114092216,0.028274210503048295
86,17.39999999999992,0.00034906435237075275,0.21568056271409267,10.01988441311843,10.350405698199422,185.81865307491358,186.78343332042544,30.19556132023478,249.82312162060987,40.59629785964697,0.0284201275331372,0.001015736611409239,0.02862327485541905
87,17.59999999999995,0.00034906435237075275,0.2156747482066701,10.019753425018848,10.35026619146818,185.81614854046987,186.78091535207923,30.19515433298069,249.81975440891767,40.59575068719981,0.028769191885507948,0.0010157366114092736,0.028972339207789802
88,17.799999999999983,0.00034906435237075275,0.2156689336867483,10.019622441268695,10.350126682755313,185.8136439704586,186.7783973407904,30.194747339946865,249.8163871493959,40.59520350698034,0.029118256237878712,0.0010157366114092216,0.029321403560160556
89,18.000000000000014,0.00034906435237075275,0.21566311915175998,10.019491461886242,10.349987171999121,185.81113936377255,186.7758792854459,30.19434034095338,249.81301984055526,40.59465631874655,0.02946732059024946,0.0010157366114092563,0.02967046791253131
90,18.200000000000045,0.00034906435237075275,0.21565730459914087,10.019360486889747,10.3498476591379,185.8086347193035,186.77336118493506,30.19393333582016,249.80965248090652,40.594109122256434,0.02981638494262022,0.0010157366114092216,0.030019532264902064
91,18.400000000000077,0.00034906435237075275,0.2156514900263232,10.019229516297496,10.349708144109988,185.80613003594448,186.77084303814348,30.193526324367305,249.80628506896127,40.593561917268126,0.030165449294990966,0.0010157366114092563,0.030368596617272817
92,18.600000000000108,0.00034906435237075275,0.2156456754307442,10.019098550127746,10.349568626853696,185.80362531258814,186.76832484396118,30.193119306414882,249.80291760323067,40.59301470353969,0.030514513647361723,0.001015736611409239,0.03071766096964357
93,18.80000000000014,0.00034906435237075275,0.21563986080984002,10.018967588398768,10.34942910730737,185.80112054812741,186.76580660127686,30.19271228178299,249.79955008222652,40.59246748082929,0.030863577999732467,0.001015736611409291,0.031066725322014325
94,19.00000000000017,0.00034906435237075275,0.21563404616104728,10.018836631128828,10.349289585409355,185.79861574145545,186.7632883089792,30.19230525029176,249.7961825044607,40.591920248895114,0.031212642352103227,0.001015736611409239,0.031415789674385075
95,19.200000000000202,0.00034906435237075275,0.21562823148180255,10.018705678336202,10.349150061098019,185.79611089146627,186.7607699659566,30.191898211761483,249.79281486844562,40.59137300749542,0.03156170670447398,0.001015736611409239,0.03176485402675583
96,19.400000000000233,0.00034906435237075275,0.21562241676954338,10.018574730039164,10.349010534311732,185.7936059970527,186.75825157109787,30.19149116601223,249.78944717269374,40.59082575638849,0.031910771056844735,0.001015736611409239,0.03211391837912658
97,19.600000000000264,0.00034906435237075275,0.21561660202170832,10.018443786255986,10.34887100498888,185.79110105710905,186.75573312329234,30.191084112864335,249.78607941571795,40.59027849533266,0.03225983540921547,0.001015736611409343,0.032462982731497336
98,19.800000000000296,0.00034906435237075275,0.2156107872357369,10.018312847004928,10.348731473067847,185.7885960705291,186.75321462143035,30.19067705213803,249.78271159603102,40.589731224086265,0.032608899761586235,0.0010157366114092736,0.03281204708386809
99,20.000000000000327,0.00034906435237075275,0.21560497240906706,10.018181912304279,10.348591938487049,185.7860910362071,186.75069606439982,30.19026998365364,249.7793437121465,40.58918394240775,0.03295796411395699,0.0010157366114092736,0.033161111436238844
100,20.200000000000358,0.00034906435237075275,0.21559915753914113,10.018050982172289,10.348452401184888,185.78358595303737,186.74817745109286,30.189862907231483,249.77597576257764,40.58863665005552,0.03330702846632774,0.0010157366114092736,0.0335101757886096
101,20.40000000000039,0.00034906435237075275,0.2155933426233972,10.017920056627249,10.3483128610998,185.78108081991425,186.745658780397,30.18945582269189,249.77260774583857,40.58808934678812,0.03365609281869852,0.0010157366114091695,0.03385924014098035
102,20.60000000000042,0.00034906435237075275,0.21558752765927797,10.01778913568742,10.348173318170213,185.77857563573323,186.74314005120394,30.189048729855383,249.76923966044313,40.58754203236404,0.034005157171069264,0.0010157366114092042,0.034208304493351105
103,20.800000000000452,0.00034906435237075275,0.21558171264422463,10.017658219371075,10.348033772334576,185.7760703993886,186.74062126240344,30.18864162854228,249.7658715049056,40.586994706541866,0.034354221523440004,0.0010157366114092736,0.03455736884572186
104,21.000000000000483,0.00034906435237075275,0.21557589757567983,10.017527307696486,10.347894223531345,185.77356510977515,186.73810241288643,30.188234518572983,249.76250327774056,40.58644736908021,0.03470328587581075,0.0010157366114093083,0.03490643319809261
105,21.200000000000514,0.00034906435237075275,0.2155700824510864,10.01739640068192,10.347754671698983,185.77105976578878,186.73558350154357,30.187827399768075,249.75913497746276,40.58590001973772,0.03505235022818152,0.001015736611409239,0.035255497550463366
106,21.400000000000546,0.00034906435237075275,0.21556426726788733,10.017265498345651,10.347615116775971,185.76855436632516,186.73306452726533,30.18742027194811,249.75576660258733,40.5853526582731,0.03540141458055227,0.001015736611409239,0.03560456190283412
107,21.600000000000577,0.00034906435237075275,0.21555845202352747,10.01713460070594,10.34747555870079,185.76604891027927,186.73054548894365,30.18701313493352,249.7523981516294,40.58480528444506,0.03575047893292302,0.0010157366114092736,0.035953626255204874
108,21.80000000000061,0.00034906435237075275,0.21555263671544966,10.017003707781074,10.347335997411951,185.76354339654742,186.728026385468,30.186605988544947,249.74902962310486,40.58425789801244,0.03609954328529377,0.0010157366114092736,0.03630269060757563
109,22.00000000000064,0.00034906435237075275,0.21554682134110165,10.016872819589297,10.347196432847943,185.7610378240254,186.7255072157326,30.18619883260296,249.74566101552895,40.58371049873396,0.036448607637664526,0.0010157366114092736,0.03665175495994638
110,22.20000000000067,0.00034906435237075275,0.21554100589792702,10.01674193614889,10.347056864947293,185.75853219160953,186.7229879786269,30.185791666928218,249.7422923274181,40.58316308636853,0.03679767199003527,0.0010157366114093083,0.037000819312317135
111,22.400000000000702,0.00034906435237075275,0.2155351903833726,10.01661105747812,10.346917293648529,185.75602649819666,186.72046867304334,30.185384491341452,249.73892355728847,40.58261566067504,0.03714673634240604,0.001015736611409239,0.03734988366468789
112,22.600000000000733,0.00034906435237075275,0.2155293747948857,10.016480183595249,10.34677771889019,185.7535207426826,186.7179492978744,30.18497730566323,249.73555470365656,40.58206822141241,0.037495800694776794,0.001015736611409239,0.03769894801705864
113,22.800000000000765,0.00034906435237075275,0.2155235591299126,10.016349314518544,10.346638140610821,185.75101492396456,186.7154298520112,30.184570109714354,249.7321857650392,40.58152076833964,0.037844865047147555,0.0010157366114092042,0.038048012369429396
114,23.000000000000796,0.00034906435237075275,0.215517743385902,10.016218450266269,10.346498558748982,185.74850904093933,186.71291033434684,30.184162903315546,249.7288167399533,40.580973301215714,0.03819392939951831,0.0010157366114092042,0.03839707672180015
115,23.200000000000827,0.00034906435237075275,0.21551192756030255,10.016087590856683,10.34635897324324,185.74600309250394,186.71039074377404,30.183755686287576,249.72544762691612,40.58042581979969,0.038542993751889056,0.001015736611409239,0.0387461410741709
116,23.40000000000086,0.00034906435237075275,0.21550611165056263,10.015956736308054,10.346219384032176,185.74349707755607,186.70787107918486,30.18334845845132,249.72207842444533,40.57987832385069,0.03889205810425981,0.001015736611409239,0.03909520542654166
117,23.60000000000089,0.00034906435237075275,0.21550029565413215,10.01582588663864,10.346079791054379,185.74099099499313,186.7053513394726,30.182941219627605,249.71870913105852,40.579330813127825,0.03924112245663056,0.001015736611409239,0.03944426977891241
118,23.80000000000092,0.00034906435237075275,0.2154944795684615,10.015695041866698,10.345940194248442,185.73848484371268,186.70283152353048,30.182533969637284,249.7153397452736,40.57878328739025,0.03959018680900132,0.001015736611409239,0.039793334131283165
119,24.000000000000952,0.00034906435237075275,0.21548866339100148,10.015564202010486,10.345800593552974,185.73597862261218,186.700311630252,30.182126708301187,249.71197026560887,40.57823574639719,0.03993925116137207,0.001015736611409239,0.04014239848365392
120,24.200000000000983,0.00034906435237075275,0.2154828471192018,10.015433367088274,10.345660988906609,185.7334723305905,186.69779165852884,30.181719435440392,249.70860069058307,40.57768818990794,0.04028831551374283,0.0010157366114092042,0.04049146283602467
121,24.400000000001015,0.00034906435237075275,0.21547703075051552,10.015302537118307,10.34552138024796,185.73096596654506,186.69527160725613,30.181312150875723,249.70523101871456,40.577140617681735,0.04063737986611359,0.0010157366114091695,0.040840527188395426
122,24.600000000001046,0.00034906435237075275,0.21547121428239507,10.01517171211884,10.345381767515672,185.72845952937485,186.69275147532747,30.180904854428267,249.70186124852245,40.57659302947793,0.04098644421848434,0.0010157366114092042,0.04118959154076618
123,24.800000000001077,0.00034906435237075275,0.21546539771229395,10.015040892108125,10.345242150648389,185.72595301797833,186.69023126163756,30.180497545919025,249.69849137852574,40.57604542505586,0.04133550857085508,0.0010157366114092736,0.04153865589313693
124,25.00000000000111,0.00034906435237075275,0.21545958103766494,10.014910077104416,10.345102529584775,185.7234464312542,186.6877109650798,30.18009022516903,249.69512140724416,40.57549780417498,0.04168457292322583,0.0010157366114092736,0.04188772024550769
125,25.20000000000114,0.00034906435237075275,0.21545376425596158,10.014779267125965,10.344962904263499,185.72093976810098,186.68519058454808,30.179682891999303,249.69175133319723,40.57495016659472,0.04203363727559659,0.001015736611409239,0.04223678459787844
126,25.40000000000117,0.00034906435237075275,0.21544794736463893,10.01464846219102,10.344823274623241,185.71843302741834,186.68267011893738,30.17927554623103,249.68838115490502,40.57440251207458,0.042382701627967354,0.0010157366114092042,0.042585848950249194
127,25.600000000001202,0.00034906435237075275,0.21544213036115306,10.014517662317822,10.34468364060268,185.71592620810517,186.68014956714336,30.17886818768528,249.68501087088734,40.57385484037403,0.0427317659803381,0.001015736611409239,0.04293491330261995
128,25.800000000001234,0.00034906435237075275,0.21543631324295823,10.014386867524625,10.344544002140529,185.71341930906146,186.67762892805936,30.178460816183307,249.681640479665,40.57330715125271,0.043080830332708854,0.001015736611409239,0.0432839776549907
129,26.000000000001265,0.00034906435237075275,0.21543049600751057,10.014256077829677,10.344404359175499,185.71091232918656,186.67510820058038,30.17805343154625,249.67826997975865,40.57275944447023,0.043429894685079594,0.0010157366114093083,0.043633042007361456
130,26.200000000001296,0.00034906435237075275,0.21542467865226883,10.014125293251205,10.344264711646296,185.70840526738013,186.67258738360357,30.177646033595305,249.67489936968894,40.572211719786175,0.04377895903745037,0.0010157366114092042,0.04398210635973221
131,26.400000000001327,0.00034906435237075275,0.21541886117468925,10.013994513807456,10.344125059491653,185.70589812254246,186.67006647602324,30.177238622151773,249.67152864797703,40.571663976960245,0.0441280233898211,0.0010157366114093083,0.04433117071210296
132,26.60000000000136,0.00034906435237075275,0.2154130435722295,10.01386373951667,10.343985402650315,185.7033908935738,186.66754547673474,30.176831197036943,249.66815781314446,40.57111621575219,0.04447708774219187,0.001015736611409239,0.04468023506447372
133,26.80000000000139,0.00034906435237075275,0.21540722584234812,10.01373297039709,10.343845741061035,185.70088357937428,186.66502438463374,30.17642375807208,249.66478686371295,40.57056843592179,0.044826152094562616,0.0010157366114092736,0.04502929941684447
134,27.00000000000142,0.00034906435237075275,0.2154014079825041,10.013602206466947,10.343706074662567,185.6983761788451,186.66250319861643,30.176016305078637,249.66141579820422,40.57002063722882,0.04517521644693337,0.0010157366114092736,0.045378363769215224
135,27.200000000001452,0.00034906435237075275,0.2153955899901581,10.013471447744465,10.343566403393675,185.69586869088593,186.6599819175799,30.175608837877803,249.6580446151402,40.5694728194331,0.04552428079930412,0.0010157366114092736,0.04572742812158598
136,27.400000000001484,0.00034906435237075275,0.21538977186276934,10.013340694247885,10.343426727193151,185.69336111439833,186.6574605404195,30.175201356291087,249.65467331304356,40.56892498229456,0.045873345151674884,0.001015736611409239,0.04607649247395673
137,27.600000000001515,0.00034906435237075275,0.21538395359779913,10.013209945995431,10.343287045999775,185.69085344828358,186.65493906603228,30.174793860139943,249.65130189043677,40.5683771255731,0.046222409504045645,0.0010157366114092042,0.046425556826327485
138,27.800000000001546,0.00034906435237075275,0.21537813519270835,10.013079203005335,10.343147359752356,185.68834569144298,186.65241749331454,30.174386349245836,249.64793034584275,40.5678292490287,0.04657147385641639,0.001015736611409239,0.04677462117869824
139,28.000000000001577,0.00034906435237075275,0.21537231664495907,10.01294846529582,10.343007668389701,185.68583784277757,186.64989582116354,30.17397882343018,249.64455867778452,40.56728135242134,0.04692053820878716,0.0010157366114091695,0.04712368553106899
140,28.20000000000161,0.00034906435237075275,0.21536649795201332,10.012817732885107,10.342867971850632,185.68332990118913,186.64737404847585,30.173571282514516,249.64118688478555,40.56673343551109,0.04726960256115789,0.0010157366114092736,0.04747274988343975
141,28.40000000000164,0.00034906435237075275,0.21536067911133464,10.012687005791422,10.342728270073978,185.68082186557982,186.6448521741493,30.17316372632045,249.6378149653693,40.56618549805801,0.04761866691352866,0.0010157366114092042,0.0478218142358105
142,28.60000000000167,0.00034906435237075275,0.21535486012038665,10.012556284032978,10.342588562998582,185.6783137348514,186.6423301970813,30.17275615466951,249.63444291805968,40.56563753982224,0.0479677312658994,0.0010157366114092736,0.048170878588181254
143,28.800000000001702,0.00034906435237075275,0.21534904097663343,10.012425567627991,10.342448850563292,185.67580550790632,186.63980811616952,30.172348567383345,249.63107074138074,40.56508956056393,0.04831679561827015,0.0010157366114092736,0.04851994294055201
144,29.000000000001734,0.00034906435237075275,0.21534322167754025,10.012294856594675,10.342309132706967,185.67329718364655,186.63728593031243,30.17194096428353,249.6276984338567,40.564541560043274,0.04866585997064092,0.0010157366114092042,0.04886900729292276
145,29.200000000001765,0.00034906435237075275,0.21533740222057046,10.012164150951254,10.342169409368495,185.670788760975,186.63476363840604,30.171533345191783,249.62432599401245,40.56399353802056,0.04901492432301167,0.001015736611409239,0.049218071645293515
146,29.400000000001796,0.00034906435237075275,0.21533158260319082,10.012033450715927,10.342029680486748,185.66828023879447,186.63224123934955,30.17112570992981,249.6209534203727,40.56344549425606,0.04936398867538242,0.001015736611409239,0.04956713599766427
147,29.600000000001828,0.00034906435237075275,0.21532576282286967,10.011902755906895,10.341889946000608,185.6657716160075,186.62971873204322,30.17071805831928,249.6175807114622,40.56289742851004,0.04971305302775317,0.0010157366114092736,0.04991620035003502
148,29.80000000000186,0.00034906435237075275,0.2153199428770715,10.011772066542374,10.341750205848992,185.66326289151823,186.62719611538333,30.170310390182102,249.61420786580666,40.56234934054292,0.05006211738012393,0.001015736611409239,0.050265264702405776
149,30.00000000000189,0.00034906435237075275,0.21531412276326448,10.011641382640569,10.341610459970815,185.66075406422894,186.624673388269,30.169902705339908,249.61083488193162,40.56180123011512,0.05041118173249469,0.0010157366114092042,0.05061432905477653
150,30.20000000000192,0.00034906435237075275,0.2153083024789172,10.01151070421967,10.341470708304993,185.65824513304332,186.6221505495998,30.169495003614543,249.60746175836283,40.56125309698706,0.050760246084865436,0.001015736611409239,0.050963393407147284
151,30.400000000001953,0.00034906435237075275,0.21530248202149863,10.011380031297877,10.341330950790457,185.65573609686507,186.61962759827523,30.16908728482786,249.60408849362622,40.5607049409192,0.05110931043723618,0.0010157366114092736,0.05131245775951804
152,30.600000000001984,0.00034906435237075275,0.21529666138847806,10.011249363893384,10.341191187366157,185.65322695459824,186.61710453319446,30.168679548801762,249.6007150862483,40.56015676167211,0.05145837478960695,0.0010157366114092042,0.05166152211188879
153,30.800000000002015,0.00034906435237075275,0.2152908405773248,10.011118702024387,10.341051417971046,185.65071770514734,186.61458135325677,30.16827179535824,249.59734153475554,40.559608559006335,0.0518074391419777,0.001015736611409239,0.052010586464259545
154,31.000000000002046,0.00034906435237075275,0.21528501958550944,10.010988045709073,10.340911642544093,185.64820834741596,186.61205805736176,30.16786402431912,249.5939678376749,40.559060332682506,0.05215650349434845,0.001015736611409239,0.0523596508166303
155,31.200000000002078,0.00034906435237075275,0.2152791984105034,10.01085739496563,10.340771861024265,185.6456988803085,186.60953464440993,30.167456235506364,249.59059399353333,40.55851208246125,0.052505567846719205,0.001015736611409239,0.05270871516900105
156,31.40000000000211,0.00034906435237075275,0.21527337704977753,10.010726749812246,10.340632073350562,185.64318930272992,186.6070111133007,30.167048428742042,249.58722000085834,40.55796380810329,0.052854632199089965,0.0010157366114092042,0.053057779521371806
157,31.60000000000214,0.00034906435237075275,0.2152675555008036,10.010596110267105,10.340492279461976,185.6406796135851,186.60448746293392,30.166640603848183,249.58384585817754,40.55741550936936,0.0532036965514607,0.0010157366114093083,0.05340684387374256
158,31.80000000000217,0.00034906435237075275,0.21526173376105537,10.010465476348381,10.340352479297513,185.63816981177905,186.60196369221106,30.166232760646857,249.58047156401867,40.55686718602022,0.05355276090383145,0.0010157366114093083,0.053755908226113314
159,32.0000000000022,0.00034906435237075275,0.21525591182800663,10.010334848074248,10.340212672796188,185.6356598962167,186.59943980003325,30.165824898960114,249.5770971169098,40.55631883781668,0.05390182525620222,0.001015736611409239,0.05410497257848407
160,32.20000000000216,0.00034906435237075275,0.21525008969913062,10.010204225462882,10.340072859897033,185.63314986580374,186.59691578530084,30.16541701861013,249.5737225153794,40.55577046451962,0.05425088960857289,0.0010157366114096553,0.05445403693085482
161,32.40000000000212,0.00034906435237075275,0.21524426737190144,10.010073608532458,10.33993304053909,185.63063971944555,186.59439164691446,30.165009119419025,249.57034775795606,40.55522206588993,0.05459995396094362,0.0010157366114097593,0.054803101283225575
162,32.60000000000208,0.00034906435237075275,0.21523844484379467,10.009942997301142,10.339793214661407,185.62812945604756,186.59186738377588,30.16460120120893,249.56697284316866,40.55467364168855,0.05494901831331437,0.001015736611409794,0.05515216563559633
163,32.80000000000204,0.00034906435237075275,0.21523262211228608,10.009812391787097,10.339653382203045,185.62561907451723,186.58934299478662,30.164193263802314,249.5635977695464,40.554125191676484,0.055298082665685123,0.001015736611409794,0.05550122998796708
164,33.000000000002004,0.00034906435237075275,0.21522679917485205,10.009681792008484,10.339513543103072,185.6231085737589,186.58681847884853,30.163785307021133,249.56022253561855,40.55357671561473,0.05564714701805586,0.0010157366114098634,0.055850294340337836
165,33.200000000001964,0.00034906435237075275,0.21522097602896959,10.009551197983464,10.339373697300575,185.62059795267973,186.58429383486364,30.163377330687787,249.5568471399148,40.55302821326437,0.05599621137042662,0.0010157366114098634,0.05619935869270859
166,33.400000000001924,0.00034906435237075275,0.21521515267211555,10.009420609730197,10.339233844734649,185.61808721018636,186.58176906173338,30.16296933462462,249.55347158096527,40.55247968438654,0.056345275722797385,0.001015736611409794,0.056548423045079343
167,33.600000000001884,0.00034906435237075275,0.2152093291017681,10.009290027266836,10.339093985344396,185.61557634518556,186.5792441583602,30.16256131865397,249.55009585729997,40.551931128742375,0.05669434007516813,0.0010157366114098287,0.0568974873974501
168,33.800000000001845,0.00034906435237075275,0.2152035053154063,10.009159450611527,10.338954119068932,185.6130653565838,186.57671912364694,30.16215328259815,249.54671996744935,40.551382546093066,0.057043404427538885,0.0010157366114098287,0.05724655174982085
169,34.000000000001805,0.00034906435237075275,0.2151976813105095,10.009028879782418,10.33881424584738,185.61055424328876,186.5741939564965,30.161745226279653,249.54334390994416,40.550833936199865,0.057392468779909646,0.001015736611409794,0.057595616102191605
170,34.200000000001765,0.00034906435237075275,0.21519185708455754,10.008898314797653,10.33867436561888,185.60804300420776,186.57166865581152,30.16133714952091,249.53996768331544,40.55028529882406,0.0577415331322804,0.001015736611409794,0.05794468045456236
171,34.400000000001725,0.00034906435237075275,0.21518603263503033,10.008767755675379,10.338534478322583,185.60553163824787,186.56914322049482,30.160929052144333,249.53659128609434,40.549736633726965,0.05809059748465117,0.0010157366114097247,0.05829374480693311
172,34.600000000001685,0.00034906435237075275,0.21518020795940926,10.008637202433729,10.338394583897642,185.60302014431767,186.56661764944988,30.160520933972556,249.53321471681247,40.54918794066997,0.05843966183702191,0.001015736611409794,0.058642809159303866
173,34.800000000001646,0.00034906435237075275,0.21517438305517608,10.008506655090839,10.338254682283235,185.60050852132414,186.56409194158033,30.16011279482797,249.52983797400157,40.548639219414476,0.05878872618939266,0.001015736611409794,0.05899187351167462
174,35.000000000001606,0.00034906435237075275,0.21516855791981251,10.008376113664845,10.338114773418539,185.5979967681756,186.56156609578937,30.15970463453317,249.5264610561937,40.54809046972195,0.05913779054176341,0.0010157366114098287,0.05934093786404537
175,35.200000000001566,0.00034906435237075275,0.21516273255080248,10.008245578173867,10.337974857242745,185.59548488378115,186.55904011098187,30.15929645291089,249.52308396192115,40.54754169135388,0.05948685489413416,0.0010157366114098287,0.05969000221641613
176,35.400000000001526,0.00034906435237075275,0.21515690694562886,10.008115048636036,10.33783493369506,185.5929728670486,186.5565139860614,30.158888249783647,249.51970668971657,40.54699288407183,0.059835919246504915,0.0010157366114098287,0.06003906656878688
177,35.60000000000149,0.00034906435237075275,0.21515108110177578,10.007984525069473,10.3376950027147,185.5904607168868,186.55398771993228,30.158480024974132,249.5163292381128,40.54644404763738,0.06018498359887567,0.0010157366114098287,0.060388130921157634
178,35.80000000000145,0.00034906435237075275,0.21514525501672818,10.007854007492295,10.337555064240885,185.5879484322048,186.55146131149942,30.15807177830506,249.51295160564283,40.54589518181214,0.06053404795124643,0.001015736611409794,0.06073719527352839
179,36.00000000000141,0.00034906435237075275,0.21513942868797092,10.00772349592262,10.33741511821286,185.5854360119118,186.5489347596669,30.15766350959918,249.50957379084034,40.54534628635784,0.06088311230361718,0.001015736611409794,0.06108625962589914
180,36.20000000000137,0.00034906435237075275,0.2151336021129907,10.007592990378557,10.33727516456987,185.58292345491728,186.54640806334058,30.15725521867928,249.5061957922388,40.54479736103617,0.06123217665598793,0.0010157366114098287,0.061435323978269896
181,36.40000000000133,0.00034906435237075275,0.21512777528927307,10.00746249087822,10.337135203251181,185.58041076013038,186.54388122142456,30.156846905368095,249.50281760837228,40.544248405608904,0.06158124100835868,0.0010157366114098634,0.06178438833064065
182,36.60000000000129,0.00034906435237075275,0.21512194821430664,10.007331997439707,10.336995234196058,185.57789792646108,186.5413542328256,30.156438569488497,249.499439237775,40.54369941983786,0.061930305360729444,0.001015736611409794,0.0621334526830114
183,36.80000000000125,0.00034906435237075275,0.21511612088557763,10.007201510081128,10.33685525734379,185.57538495281975,186.53882709644785,30.15603021086342,249.49606067898148,40.543150403484894,0.062279369713100184,0.0010157366114098634,0.06248251703538216
184,37.00000000000121,0.00034906435237075275,0.2151102933005759,10.007071028820569,10.336715272633665,185.57287183811567,186.53629981119846,30.155621829315628,249.49268193052632,40.542601356311884,0.06262843406547096,0.0010157366114097593,0.06283158138775291
185,37.20000000000117,0.00034906435237075275,0.21510446545679024,10.006940553676131,10.336575280004991,185.57035858126005,186.53377237598315,30.155213424668187,249.48930299094476,40.5420522780808,0.06297749841784168,0.0010157366114098981,0.06318064574012366
186,37.40000000000113,0.00034906435237075275,0.21509863735170912,10.006810084665915,10.3364352793971,185.56784518116282,186.53124478970696,30.154804996743955,249.48592385877237,40.54150316855368,0.06332656277021245,0.0010157366114098287,0.06352971009249442
187,37.60000000000109,0.00034906435237075275,0.21509280898282468,10.006679621807994,10.336295270749304,185.56533163673515,186.52871705127825,30.15439654536601,249.48254453254438,40.54095402749249,0.0636756271225832,0.0010157366114098287,0.06387877444486517
188,37.80000000000105,0.00034906435237075275,0.21508698034762572,10.006549165120463,10.336155254000955,185.56281794688823,186.52618915960153,30.153988070357407,249.47916501079692,40.54040485465936,0.06402469147495395,0.0010157366114098981,0.06422783879723593
189,38.00000000000101,0.00034906435237075275,0.21508115144360507,10.0064187146214,10.33601522909141,185.5603041105332,186.52366111358486,30.15357957154122,249.47578529206638,40.53985564981644,0.06437375582732471,0.0010157366114098287,0.06457690314960668
190,38.20000000000097,0.00034906435237075275,0.21507532226825593,10.006288270328874,10.33587519596002,185.55779012658127,186.52113291213635,30.153171048740507,249.47240537488878,40.53930641272584,0.06472282017969545,0.0010157366114098981,0.06492596750197743
191,38.40000000000093,0.00034906435237075275,0.21506949281906973,10.006157832260964,10.33573515454617,185.55527599394378,186.51860455416207,30.15276250177837,249.46902525780118,40.53875714314984,0.06507188453206623,0.0010157366114097593,0.06527503185434819
192,38.60000000000089,0.00034906435237075275,0.21506366309354094,10.006027400435737,10.335595104789245,185.5527617115335,186.51607603857033,30.152353930478125,249.4656449393405,40.538207840850674,0.06542094888443697,0.0010157366114098287,0.06562409620671894
193,38.80000000000085,0.00034906435237075275,0.21505783308916246,10.005896974871268,10.335455046628658,185.55024727826188,186.51354736426777,30.15194533466289,249.46226441804438,40.53765850559072,0.06577001323680773,0.0010157366114098287,0.0659731605590897
194,39.00000000000081,0.00034906435237075275,0.2150520028034296,10.00576655558561,10.335314980003814,185.5477326930411,186.5110185301629,30.151536714155895,249.45888369245026,40.537109137132305,0.06611907758917848,0.0010157366114098287,0.06632222491146045
195,39.20000000000077,0.00034906435237075275,0.2150461722338384,10.005636142596822,10.335174904854133,185.54521795478408,186.50848953516456,30.151128068780483,249.45550276109597,40.53655973523783,0.06646814194154924,0.0010157366114098287,0.0666712892638312
196,39.40000000000073,0.00034906435237075275,0.21504034137788386,10.005505735922963,10.33503482111906,185.54270306240335,186.50596037818022,30.150719398359943,249.45212162251985,40.536010299669776,0.06681720629391999,0.0010157366114098287,0.06702035361620196
197,39.60000000000069,0.00034906435237075275,0.2150345102330641,10.005375335582078,10.33489472873804,185.54018801481175,186.50343105811973,30.15031070271761,249.44874027526046,40.53546083019066,0.06716627064629076,0.0010157366114097593,0.06736941796857271
198,39.80000000000065,0.00034906435237075275,0.21502867879687554,10.005244941592217,10.334754627650536,185.53767281092317,186.50090157389113,30.149901981676997,249.44535871785652,40.53491132656301,0.06751533499866151,0.0010157366114097593,0.06771848232094346
199,40.00000000000061,0.00034906435237075275,0.2150228470668164,10.005114553971422,10.334614517796023,185.53515744964977,186.49837192440378,30.149493235061325,249.44197694884716,40.534361788549454,0.06786439935103225,0.0010157366114098287,0.06806754667331422
200,40.20000000000057,0.00034906435237075275,0.21501701504038537,10.004984172737734,10.334474399113985,185.5326419299062,186.495842108567,30.14908446269422,249.43859496677177,40.53381221591263,0.06821346370340302,0.0010157366114097593,0.06841661102568497
201,40.40000000000053,0.00034906435237075275,0.21501118271508163,10.004853797909186,10.334334271543922,185.53012625060555,186.49331212529017,30.148675664399068,249.43521277017012,40.53326260841526,0.06856252805577377,0.0010157366114097593,0.06876567537805572
202,40.60000000000049,0.00034906435237075275,0.21500535008840527,10.00472342950381,10.334194135025344,185.52761041066248,186.49078197348325,30.148266839999494,249.43183035758216,40.53271296582007,0.06891159240814451,0.0010157366114098287,0.06911473973042648
203,40.80000000000045,0.00034906435237075275,0.21499951715785723,10.004593067539632,10.334053989497772,185.52509440899075,186.48825165205662,30.147857989318986,249.4284477275481,40.53216328788986,0.06926065676051525,0.0010157366114098981,0.06946380408279723
204,41.00000000000041,0.00034906435237075275,0.21499368392093895,10.004462712034677,10.333913834900745,185.52257824450496,186.48572115992044,30.14744911218117,249.42506487860868,40.531613574387485,0.069609721112886,0.0010157366114098981,0.06981286843516799
205,41.20000000000037,0.00034906435237075275,0.2149878503751519,10.004332363006961,10.333773671173809,185.52006191612023,186.48319049598484,30.147040208409745,249.42168180930474,40.53106382507585,0.06995878546525676,0.0010157366114098981,0.07016193278753874
206,41.40000000000033,0.00034906435237075275,0.2149820165179992,10.004202020474501,10.333633498256525,185.51754542275089,186.48065965916098,30.1466312778283,249.41829851817747,40.53051403971788,0.07030784981762754,0.0010157366114097593,0.07051099713990949
207,41.60000000000029,0.00034906435237075275,0.21497618234698324,10.004071684455312,10.333493316088472,185.51502876331273,186.4781286483589,30.14622232026064,249.41491500376844,40.52996421807659,0.0706569141699983,0.0010157366114097593,0.07086006149228025
208,41.80000000000025,0.00034906435237075275,0.21497034785960945,10.003941354967395,10.333353124609229,185.5125119367207,186.47559746249118,30.14581333553045,249.41153126461947,40.52941435991502,0.07100597852236905,0.0010157366114097593,0.071209125844651
209,42.00000000000021,0.00034906435237075275,0.21496451305338224,10.003811032028748,10.333212923758394,185.50999494189034,186.47306610046903,30.145404323461506,249.40814729927254,40.52886446499625,0.07135504287473976,0.0010157366114099675,0.07155819019702175
210,42.20000000000017,0.00034906435237075275,0.2149586779258056,10.003680715657385,10.33307271347559,185.50747777773853,186.47053456120278,30.144995283877797,249.40476310627037,40.52831453308347,0.07170410722711051,0.0010157366114099675,0.07190725454939251
211,42.400000000000134,0.00034906435237075275,0.21495284247438726,10.003550405871286,10.33293249370043,185.5049604431798,186.46800284360594,30.14458621660294,249.40137868415542,40.52776456393982,0.07205317157948132,0.00101573661140969,0.07225631890176326
212,42.600000000000094,0.00034906435237075275,0.2149470066966341,10.003420102688441,10.33279226437255,185.50244293713186,186.46547094659084,30.14417712146105,249.3979940314708,40.52721455732856,0.07240223593185206,0.0010157366114097593,0.07260538325413401
213,42.800000000000054,0.00034906435237075275,0.21494117059005144,10.00328980612685,10.332652025431617,185.49992525851067,186.46293886906787,30.143767998275983,249.39460914676016,40.52666451301304,0.07275130028422283,0.00101573661140969,0.07295444760650477
214,43.000000000000014,0.00034906435237075275,0.21493533415214827,10.003159516204486,10.332511776817284,185.49740740623275,186.46040660995052,30.14335884687167,249.39122402856702,40.52611443075657,0.0731003646365936,0.0010157366114096206,0.07330351195887552
215,43.199999999999974,0.00034906435237075275,0.21492949738043543,10.003029232939316,10.332371518469222,185.49488937921504,186.4578741681536,30.142949667072113,249.38783867543515,40.52556431032252,0.07344942898896432,0.0010157366114097593,0.07365257631124628
216,43.399999999999935,0.00034906435237075275,0.21492366027242027,10.002898956349325,10.332231250327126,185.49237117637605,186.45534154258834,30.142540458701568,249.3844530859091,40.52501415147438,0.07379849334133508,0.0010157366114097593,0.07400164066361703
217,43.599999999999895,0.00034906435237075275,0.21491782282561375,10.002768686452479,10.332090972330702,185.489852796632,186.45280873216868,30.142131221583924,249.38106725853353,40.524463953975655,0.07414755769370582,0.0010157366114098287,0.07435070501598778
218,43.799999999999855,0.00034906435237075275,0.2149119850375256,10.002638423266745,10.331950684419672,185.48733423890107,186.45027573580725,30.14172195554338,249.3776811918535,40.52391371758991,0.07449662204607656,0.0010157366114098981,0.07469976936835854
219,43.999999999999815,0.00034906435237075275,0.21490614690566884,10.00250816681008,10.331810386533755,185.48481550210113,186.44774255241921,30.141312660404097,249.3742948844141,40.523363442080736,0.07484568639844733,0.0010157366114098287,0.07504883372072929
220,44.199999999999775,0.00034906435237075275,0.21490030842755495,10.002377917100437,10.3316700786127,185.48229658515072,186.445209180918,30.14090333599033,249.37090833476103,40.5228131272118,0.07519475075081808,0.0010157366114098287,0.07539789807310004
221,44.399999999999736,0.00034906435237075275,0.21489446960069652,10.002247674155775,10.331529760596265,185.47977748696852,186.44267562021753,30.140493982126365,249.36752154144034,40.52226277274683,0.07554381510318882,0.0010157366114098981,0.0757469624254708
222,44.599999999999696,0.00034906435237075275,0.21488863042260864,10.002117437994029,10.331389432424213,185.47725820647204,186.44014186923383,30.140084598636307,249.364134502998,40.52171237844956,0.07589287945555957,0.0010157366114098981,0.07609602677784155
223,44.799999999999656,0.00034906435237075275,0.21488279089080548,10.001987208633144,10.331249094036329,185.47473874258128,186.4376079268815,30.139675185344643,249.36074721798073,40.521161944083815,0.07624194380793035,0.0010157366114097593,0.0764450911302123
224,44.999999999999616,0.00034906435237075275,0.2148769510028014,10.00185698609106,10.331108745372417,185.47221909421486,186.435073792075,30.139265742075658,249.35735968493555,40.520611469413495,0.0765910081603011,0.0010157366114098287,0.07679415548258306
225,45.19999999999958,0.00034906435237075275,0.2148711107561118,10.001726770385712,10.330968386372287,185.4696992602933,186.43253946372914,30.13885626865393,249.3539719024097,40.520060954202535,0.07694007251267185,0.0010157366114098287,0.07714321983495381
226,45.39999999999954,0.00034906435237075275,0.21486527014825493,10.00159656153502,10.330828016975758,185.46717923973455,186.4300049407614,30.13844676490363,249.3505838689506,40.51951039821487,0.07728913686504259,0.0010157366114098981,0.07749228418732457
227,45.5999999999995,0.00034906435237075275,0.21485942917674725,10.001466359556911,10.330687637122669,185.46465903145986,186.42747022208675,30.13803723064946,249.34719558310613,40.51895980121455,0.07763820121741333,0.0010157366114099675,0.07784134853969532
228,45.79999999999946,0.00034906435237075275,0.214853587839106,10.00133616446931,10.33054724675288,185.46213863438925,186.42493530662063,30.137627665715918,249.34380704342482,40.518409162965696,0.07798726556978408,0.0010157366114099675,0.07819041289206607
229,45.99999999999942,0.00034906435237075275,0.214847746132851,10.00120597629012,10.33040684580625,185.45961804744294,186.4224001932805,30.13721806992755,249.340418248455,40.51785848323242,0.07833632992215482,0.001015736611410037,0.07853947724443683
230,46.19999999999938,0.00034906435237075275,0.21484190405550088,10.001075795037261,10.330266434222667,185.45709726954155,186.41986488098232,30.136808443108947,249.33702919674582,40.51730776177896,0.07868539427452562,0.0010157366114098287,0.07888854159680758
231,46.39999999999934,0.00034906435237075275,0.21483606160457597,10.000945620728633,10.33012601194202,185.4545762996057,186.41732936864307,30.13639878508471,249.33363988684633,40.51675699836953,0.07903445862689637,0.0010157366114098287,0.07923760594917834
232,46.5999999999993,0.00034906435237075275,0.21483021877759834,10.000815453382128,10.329985578904212,185.45205513655733,186.41479365518111,30.135989095679662,249.3302503173061,40.516206192768436,0.07938352297926711,0.0010157366114098981,0.07958667030154909
233,46.79999999999926,0.00034906435237075275,0.21482437557208772,10.000685293015657,10.329845135049183,185.4495337793175,186.412257739512,30.13557937471847,249.3268604866754,40.5156553447401,0.07973258733163789,0.0010157366114097593,0.07993573465391984
234,46.99999999999922,0.00034906435237075275,0.21481853198556808,10.0005551396471,10.329704680316857,185.44701222680786,186.40972162055493,30.1351696220259,249.32347039350424,40.515104454048895,0.08008165168400865,0.0010157366114097593,0.0802847990062906
235,47.19999999999918,0.00034906435237075275,0.21481268801556153,10.000424993294345,10.329564214647188,185.44449047795078,186.40718529722707,30.13475983742684,249.32008003634334,40.514553520459316,0.08043071603637941,0.00101573661140969,0.08063386335866135
236,47.39999999999914,0.00034906435237075275,0.21480684365959307,10.00029485397527,10.329423737980141,185.4419685316675,186.4046487684477,30.13435002074599,249.31668941374363,40.514002543735884,0.08077978038875014,0.0010157366114098287,0.0809829277110321
237,47.5999999999991,0.00034906435237075275,0.21480099891518598,10.000164721707753,10.329283250255699,185.43944638688163,186.40211203313396,30.133940171808437,249.31329852425654,40.51345152364321,0.08112884474112089,0.0010157366114098287,0.08133199206340286
238,47.79999999999906,0.00034906435237075275,0.21479515377986616,10.00003459650967,10.32914275141386,185.4369240425156,186.39957509020513,30.13353029043908,249.30990736643375,40.512900459945946,0.08147790909349166,0.0010157366114097593,0.08168105641577361
239,47.99999999999902,0.00034906435237075275,0.21478930825116024,9.999904478398875,10.329002241394626,185.4344014974918,186.39703793858095,30.133120376462795,249.30651593882718,40.51234935240877,0.08182697344586243,0.00101573661140969,0.08203012076814437
240,48.19999999999898,0.00034906435237075275,0.21478346232659457,9.999774367393238,10.328861720138026,185.43187875073414,186.39450057718005,30.13271042970473,249.30312423998933,40.51179820079647,0.08217603779823318,0.00101573661140969,0.08237918512051512
241,48.39999999999894,0.00034906435237075275,0.21477761600369788,9.999644263510607,10.328721187584094,185.42935580116557,186.39196300492318,30.132300449989856,249.2997322684728,40.51124700487384,0.08252510215060391,0.0010157366114098287,0.08272824947288587
242,48.5999999999989,0.00034906435237075275,0.21477176927999683,9.999514166768842,10.328580643672888,185.42683264771068,186.38942522072855,30.131890437143422,249.29634002283086,40.51069576440578,0.08287416650297466,0.0010157366114098287,0.08307731382525663
243,48.79999999999886,0.00034906435237075275,0.2147659221530214,9.999384077185784,10.328440088344477,185.42430928929326,186.38688722351708,30.131480390990546,249.2929475016169,40.510144479157226,0.08322323085534543,0.0010157366114097593,0.08342637817762738
244,48.99999999999882,0.00034906435237075275,0.2147600746203019,9.999253994779272,10.328299521538938,185.42178572483706,186.38434901220955,30.131070311356336,249.28955470338468,40.50959314889316,0.08357229520771618,0.0010157366114097593,0.08377544252999813
245,49.19999999999878,0.00034906435237075275,0.21475422667936817,9.999123919567149,10.328158943196383,185.41926195326727,186.3818105857259,30.13066019806613,249.28616162668857,40.50904177337867,0.08392135956008694,0.0010157366114097593,0.08412450688236889
246,49.39999999999874,0.00034906435237075275,0.21474837832775276,9.998993851567233,10.328018353256908,185.41673797350862,186.37927194298817,30.130250050945204,249.28276827008287,40.50849035237882,0.08427042391245768,0.0010157366114098287,0.08447357123473964
247,49.5999999999987,0.00034906435237075275,0.21474252956298664,9.998863790797362,10.327877751660656,185.41421378448607,186.3767330829163,30.129839869818856,249.27937463212268,40.507938885658824,0.08461948826482844,0.0010157366114097593,0.0848226355871104
248,49.79999999999866,0.00034906435237075275,0.2147366803826051,9.998733737275339,10.327737138347754,185.4116893851252,186.37419400443423,30.1294296545125,249.27598071136296,40.50738737298386,0.08496855261719918,0.0010157366114098287,0.08517169993948115
249,49.99999999999862,0.00034906435237075275,0.214730830784139,9.998603691019003,10.327596513258385,185.40916477435178,186.37165470646062,30.12901940485157,249.2725865063599,40.5068358141193,0.08531761696956995,0.0010157366114097593,0.0855207642918519
250,50.19999999999858,0.00034906435237075275,0.21472498076512522,9.998473652046142,10.327455876332703,185.4066399510917,186.36911518792007,30.128609120661523,249.2691920156691,40.50628420883044,0.0856666813219407,0.0010157366114097593,0.08586982864422266
251,50.39999999999854,0.00034906435237075275,0.2147191303230977,9.998343620374571,10.327315227510907,185.404114914271,186.3665754477336,30.12819880176784,249.265797237847,40.5057325568827,0.08601574567431146,0.0010157366114097593,0.08621889299659341
252,50.5999999999985,0.00034906435237075275,0.2147132794555936,9.998213596022087,10.327174566733197,185.40158966281635,186.36403548482477,30.127788447996107,249.26240217145045,40.505180858041555,0.08636481002668218,0.0010157366114098981,0.08656795734896416
253,50.79999999999846,0.00034906435237075275,0.21470742816014948,9.998083579006481,10.327033893939797,185.3990641956544,186.36149529811624,30.127378059171903,249.25900681503654,40.50462911207255,0.08671387437905292,0.0010157366114099675,0.08691702170133492
254,50.99999999999842,0.00034906435237075275,0.21470157643430265,9.997953569345547,10.326893209070947,185.39653851171275,186.35895488653077,30.12696763512096,249.25561116716284,40.50407731874128,0.08706293873142372,0.0010157366114097593,0.08726608605370567
255,51.19999999999838,0.00034906435237075275,0.2146957242755924,9.997823567057065,10.326752512066895,185.39401260991826,186.35641424899268,30.126557175668896,249.2522152263872,40.5035254778134,0.08741200308379446,0.0010157366114098287,0.08761515040607643
256,51.39999999999834,0.00034906435237075275,0.21468987168155806,9.997693572158807,10.326611802867903,185.39148648919868,186.35387338442595,30.12614668064147,249.24881899126774,40.5029735890546,0.0877610674361652,0.0010157366114098981,0.08796421475844718
257,51.5999999999983,0.00034906435237075275,0.21468401864973982,9.99756358466855,10.326471081414264,185.38896014848166,186.35133229175452,30.12573614986442,249.24542246036327,40.50242165223069,0.088110131788536,0.00101573661140969,0.08831327911081793
258,51.79999999999826,0.00034906435237075275,0.2146781651776781,9.997433604604062,10.326330347646273,185.38643358669609,186.34879096990244,30.1253255831637,249.2420256322329,40.50186966710751,0.08845919614090673,0.0010157366114097593,0.08866234346318869
259,51.999999999998224,0.00034906435237075275,0.21467231126291475,9.997303631983105,10.32618960150425,185.3839068027698,186.3462494177945,30.12491498036507,249.23862850543597,40.50131763345098,0.08880826049327747,0.0010157366114098287,0.08901140781555944
260,52.199999999998184,0.00034906435237075275,0.21466645690299266,9.99717366682343,10.326048842928522,185.3813797956318,186.34370763435606,30.12450434129451,249.23523107853225,40.500765551027044,0.08915732484564823,0.0010157366114098287,0.0893604721679302
261,52.399999999998144,0.00034906435237075275,0.214660602095456,9.997043709142785,10.325908071859434,185.37885256421134,186.34116561851306,30.12409366577801,249.23183335008193,40.500213419601735,0.08950638919801897,0.0010157366114098981,0.08970953652030095
262,52.599999999998104,0.00034906435237075275,0.2146547468378472,9.996913758958925,10.325767288237358,185.3763251074375,186.3386233691896,30.123682953641552,249.22843531864572,40.49966123894117,0.08985545355038976,0.00101573661140969,0.0900586008726717
263,52.799999999998064,0.00034906435237075275,0.2146488911277125,9.99678381628958,10.32562649200267,185.3737974242399,186.33608088531267,30.123272204711192,249.22503698278453,40.499109008811494,0.09020451790276053,0.0010157366114096206,0.09040766522504246
264,52.999999999998025,0.00034906435237075275,0.21464303496259812,9.996653881152485,10.325485683095764,185.3712695135492,186.33353816580887,30.122861418813166,249.22163834105962,40.49855672897892,0.09055358225513126,0.0010157366114097593,0.09075672957741321
265,53.199999999997985,0.00034906435237075275,0.2146371783400507,9.996523953565362,10.32534486145705,185.36874137429493,186.33099520960468,30.122450595773522,249.2182393920328,40.498004399209734,0.090902646607502,0.0010157366114098287,0.09110579392978396
266,53.399999999997945,0.00034906435237075275,0.21463132125761644,9.996394033545945,10.32520402702697,185.36621300540764,186.32845201562566,30.12203973541848,249.21484013426647,40.49745201927032,0.09125171095987276,0.0010157366114097593,0.09145485828215472
267,53.599999999997905,0.00034906435237075275,0.21462546371284472,9.996264121111945,10.325063179745964,185.3636844058182,186.3259085827998,30.121628837574296,249.2114405663231,40.49689958892709,0.09160077531224352,0.0010157366114097593,0.09180392263452547
268,53.799999999997866,0.00034906435237075275,0.21461960570328553,9.996134216281066,10.324922319554487,185.3611555744576,186.32336491005557,30.12121790206726,249.20804068676543,40.49634710794649,0.09194983966461424,0.0010157366114098981,0.09215298698689622
269,53.999999999997826,0.00034906435237075275,0.21461374722648757,9.996004319071018,10.324781446393025,185.35862651025846,186.32082099631938,30.12080692872393,249.20464049415702,40.49579457609509,0.092298904016985,0.0010157366114098981,0.09250205133926698
270,54.199999999997786,0.00034906435237075275,0.2146078882800025,9.995874429499501,10.324640560202077,185.3560972121508,186.31827684051987,30.120395917370423,249.20123998706174,40.49524199313953,0.09264796836935574,0.0010157366114099675,0.09285111569163773
271,54.399999999997746,0.00034906435237075275,0.21460202886138172,9.995744547584207,10.324499660922152,185.35356767906814,186.31573244158534,30.11998486783344,249.19783916404364,40.49468935884645,0.09299703272172652,0.0010157366114098287,0.09320018004400848
272,54.599999999997706,0.00034906435237075275,0.2145961689681784,9.99561467334282,10.324358748493776,185.35103790994134,186.31318779844497,30.11957377993925,249.19443802366726,40.494136672982606,0.09334609707409727,0.0010157366114098287,0.09354924439637924
273,54.79999999999767,0.00034906435237075275,0.21459030859794573,9.995484806793023,10.324217822857504,185.34850790370518,186.31064291002755,30.119162653514746,249.1910365644978,40.49358393531483,0.09369516142646803,0.0010157366114098287,0.09389830874874999
274,54.99999999999763,0.00034906435237075275,0.21458444774823662,9.9953549479525,10.324076883953902,185.34597765928987,186.30809777526105,30.118751488386092,249.1876347851007,40.49303114561001,0.09404422577883881,0.00101573661140969,0.09424737310112075
275,55.19999999999759,0.00034906435237075275,0.21457858641660876,9.995225096838904,10.32393593172354,185.34344717563073,186.30555239307756,30.11834028438028,249.18423268404158,40.49247830363506,0.09439329013120955,0.0010157366114097593,0.0945964374534915
276,55.39999999999755,0.00034906435237075275,0.21457272460061738,9.995095253469904,10.323794966107018,185.34091645166046,186.3030067624064,30.117929041323865,249.18083025988665,40.49192540915699,0.0947423544835803,0.0010157366114097593,0.09494550180586225
277,55.59999999999751,0.00034906435237075275,0.21456686229781888,9.994965417863162,10.32365398704496,185.3383854863135,186.30046088217728,30.117517759043704,249.17742751120284,40.49137246194292,0.09509141883595106,0.0010157366114097593,0.09529456615823301
278,55.79999999999747,0.00034906435237075275,0.21456099950577115,9.994835590036326,10.323512994477994,185.33585427852364,186.29791475132097,30.11710643736653,249.1740244365571,40.49081946175999,0.09544048318832178,0.0010157366114098981,0.09564363051060376
279,55.99999999999743,0.00034906435237075275,0.21455513622203298,9.994705770007041,10.323371988346771,185.33332282722475,186.2953683687686,30.1166950761191,249.17062103451693,40.49026640837541,0.09578954754069256,0.0010157366114097593,0.09599269486297451
280,56.19999999999739,0.00034906435237075275,0.21454927244416383,9.99457595779295,10.323230968591965,185.33079113135358,186.29282173345135,30.116283675128635,249.16721730365043,40.4897133015565,0.09613861189306334,0.0010157366114096206,0.09634175921534527
281,56.39999999999735,0.00034906435237075275,0.21454340816972395,9.994446153411685,10.323089935154256,185.32825918984375,186.2902748443007,30.115872234221843,249.1638132425258,40.489160141070585,0.09648767624543408,0.00101573661140969,0.09669082356771602
282,56.59999999999731,0.00034906435237075275,0.21453754339627534,9.994316356880868,10.322948887974347,185.32572700163095,186.2877277002493,30.115460753225783,249.16040884971184,40.4886069266851,0.09683674059780482,0.0010157366114097593,0.09703988792008678
283,56.79999999999727,0.00034906435237075275,0.21453167812138002,9.994186568218119,10.322807826992959,185.32319456565077,186.28518030022926,30.115049231967483,249.1570041237777,40.48805365816754,0.09718580495017558,0.0010157366114097593,0.09738895227245753
284,56.99999999999723,0.00034906435237075275,0.21452581234259993,9.994056787441064,10.322666752150841,185.32066188084013,186.2826326431721,30.114637670274195,249.15359906329334,40.4875003352855,0.0975348693025463,0.0010157366114098981,0.09773801662482828
285,57.19999999999719,0.00034906435237075275,0.21451994605750072,9.9939270145673,10.32252566338874,185.31812894613472,186.28008472801224,30.11422606797296,249.15019366682856,40.4869469578066,0.09788393365491707,0.0010157366114098287,0.09808708097719904
286,57.39999999999715,0.00034906435237075275,0.2145140792636467,9.99379724961443,10.322384560647434,185.3155957604719,186.2775365536826,30.11381442489111,249.14678793295397,40.48639352549855,0.09823299800728784,0.0010157366114097593,0.09843614532956979
287,57.59999999999711,0.00034906435237075275,0.21450821195860284,9.993667492600057,10.322243443867723,185.3130623227881,186.27498811911593,30.11340274085581,249.14338186024062,40.48584003812914,0.09858206235965858,0.0010157366114098287,0.09878520968194054
288,57.79999999999707,0.00034906435237075275,0.21450234413993707,9.99353774354176,10.322102312990404,185.3105286320206,186.27243942324748,30.112991015694366,249.13997544725964,40.48528649546619,0.09893112671202932,0.0010157366114098981,0.0991342740343113
289,57.99999999999703,0.00034906435237075275,0.2144964758052165,9.993408002457128,10.32196116795632,185.30799468710782,186.269890465011,30.112579249234273,249.13656869258315,40.48473289727766,0.09928019106440013,0.0010157366114096206,0.09948333838668205
290,58.19999999999699,0.00034906435237075275,0.21449060695200928,9.99327826936374,10.32182000870632,185.30546048698753,186.26734124334078,30.112167441302915,249.1331615947834,40.484179243331546,0.09962925541677083,0.0010157366114098981,0.0998324027390528
291,58.39999999999695,0.00034906435237075275,0.21448473757788555,9.993148544279162,10.321678835181263,185.30292603059831,186.2647917571726,30.111755591727817,249.12975415243304,40.4836255333959,0.0999783197691416,0.0010157366114098287,0.10018146709142356
292,58.59999999999691,0.00034906435237075275,0.2144788676804149,9.99301882722096,10.321537647322042,185.3003913168789,186.26224200544092,30.11134370033652,249.12634636410527,40.483071767238876,0.10032738412151236,0.0010157366114097593,0.10053053144379431
293,58.79999999999687,0.00034906435237075275,0.2144729972571694,9.992889118206689,10.321396445069556,185.29785634476738,186.25969198708222,30.11093176695647,249.12293822837376,40.48251794462868,0.10067644847388313,0.00101573661140969,0.10087959579616507
294,58.99999999999683,0.00034906435237075275,0.21446712630572104,9.9927594172539,10.321255228364729,185.29532111320492,186.25714170103245,30.11051979141559,249.1195297438125,40.4819640653336,0.10102551282625385,0.0010157366114098287,0.10122866014853582
295,59.19999999999679,0.00034906435237075275,0.21446125482364203,9.99262972438014,10.321113997148505,185.29278562112938,186.25459114622706,30.1101077735413,249.11612090899615,40.481410129122004,0.10137457717862464,0.00101573661140969,0.10157772450090657
296,59.39999999999675,0.00034906435237075275,0.21445538280850696,9.99250003960295,10.320972751361847,185.29024986748263,186.2520403216032,30.109695713161642,249.11271172249974,40.480856135762345,0.10172364153099536,0.0010157366114098287,0.10192678885327733
297,59.59999999999671,0.00034906435237075275,0.2144495102578916,9.992370362939853,10.320831490945729,185.28771385120365,186.24948922609877,30.109283610104203,249.10930218289857,40.480302085023105,0.1020727058833661,0.0010157366114098981,0.10227585320564808
298,59.79999999999667,0.00034906435237075275,0.21444363716937165,9.992240694408373,10.320690215841145,185.28517757123404,186.246937858651,30.108871464196998,249.1058922887685,40.47974797667286,0.10242177023573687,0.0010157366114098287,0.10262491755801884
299,59.99999999999663,0.00034906435237075275,0.21443776354052285,9.992111034026038,10.32054892598913,185.28264102651434,186.24438621819647,30.108459275267858,249.10248203868625,40.479193810480325,0.10277083458810762,0.0010157366114098287,0.10297398191038959
300,60.19999999999659,0.00034906435237075275,0.21443188936892463,9.99198138181035,10.320407621330702,185.2801042159866,186.241834303675,30.108047043144868,249.0990714312282,40.47863958621417,0.10311989894047839,0.0010157366114097593,0.10332304626276034
301,60.39999999999655,0.00034906435237075275,0.21442601465215488,9.991851737778816,10.320266301806928,185.27756713859216,186.23928211402423,30.107634767655995,249.09566046497196,40.47808530364325,0.10346896329284914,0.0010157366114097593,0.1036721106151311
302,60.59999999999651,0.00034906435237075275,0.21442013938779347,9.991722101948936,10.320124967358883,185.2750297932734,186.2367296481831,30.10722244862938,249.0922491384952,40.477530962536434,0.10381802764521987,0.0010157366114098981,0.10402117496750185
303,60.79999999999647,0.00034906435237075275,0.21441426357342003,9.991592474338205,10.319983617927667,185.2724921789721,186.23417690508978,30.106810085893056,249.08883745037636,40.47697656266272,0.10416709199759062,0.0010157366114098981,0.1043702393198726
304,60.99999999999643,0.00034906435237075275,0.21440838720661917,9.991462854964091,10.319842253454377,185.26995429463216,186.23162388368678,30.106397679275407,249.08542539919372,40.47642210379109,0.10451615634996139,0.0010157366114098287,0.10471930367224336
305,61.19999999999639,0.00034906435237075275,0.21440251028497032,9.991333243844089,10.319700873880167,185.26741613919665,186.22907058291105,30.105985228604684,249.08201298352688,40.47586758569071,0.10486522070233219,0.0010157366114096206,0.10506836802461411
306,61.39999999999635,0.00034906435237075275,0.21439663280605928,9.991203640995657,10.319559479146179,185.26487771160836,186.22651700170488,30.105572733709096,249.07860020195525,40.47531300813074,0.1052142850547029,0.0010157366114098287,0.10541743237698487
307,61.599999999996314,0.00034906435237075275,0.2143907547674691,9.99107404643627,10.319418069193595,185.26233901081176,186.22396313900762,30.105160194417106,249.0751870530592,40.474758370880494,0.10556334940707364,0.0010157366114098981,0.10576649672935562
308,61.799999999996274,0.00034906435237075275,0.21438487616678642,9.990944460183375,10.319276643963605,185.2598000357509,186.22140899376134,30.104747610557133,249.07177353541917,40.47420367370929,0.1059124137594444,0.0010157366114098981,0.10611556108172637
309,61.999999999996234,0.00034906435237075275,0.21437899700159746,9.990814882254426,10.319135203397423,185.25726078537087,186.21885456490716,30.10433498195775,249.06835964761638,40.47364891638658,0.10626147811181516,0.0010157366114098287,0.10646462543409713
310,62.199999999996194,0.00034906435237075275,0.214373117269489,9.99068531266687,10.318993747436286,185.254721258616,186.21629985138628,30.10392230844741,249.0649453882324,40.47309409868186,0.1066105424641859,0.0010157366114098981,0.10681368978646788
311,62.399999999996155,0.00034906435237075275,0.21436723696805035,9.990555751438134,10.318852276021445,185.2521814544317,186.2137448521417,30.103509589854745,249.06153075584925,40.47253922036472,0.10695960681655667,0.0010157366114098287,0.10716275413883863
312,62.599999999996115,0.00034906435237075275,0.21436135609487122,9.99042619858565,10.318710789094176,185.24964137176383,186.211189566116,30.10309682600845,249.0581157490496,40.47198428120484,0.1073086711689274,0.0010157366114099675,0.10751181849120939
313,62.799999999996075,0.00034906435237075275,0.21435547464754132,9.990296654126844,10.318569286595775,185.24710100955917,186.20863399225155,30.102684016737385,249.0547003664164,40.47142928097195,0.10765773552129816,0.0010157366114098981,0.10786088284358014
314,62.999999999996035,0.00034906435237075275,0.21434959262365322,9.990167118079123,10.318427768467552,185.2445603667632,186.20607812949268,30.102271161870185,249.05128460653322,40.47087421943587,0.10800679987366896,0.00101573661140969,0.1082099471959509
315,63.199999999995995,0.00034906435237075275,0.21434371002079775,9.990037590459904,10.318286234650854,185.24201944232306,186.20352197678145,30.10185826123576,249.04786846798433,40.47031909636655,0.10835586422603971,0.00101573661140969,0.10855901154832165
316,63.399999999995956,0.00034906435237075275,0.2143378268365698,9.989908071286582,10.31814468508703,185.2394782351862,186.20096553306328,30.101445314663074,249.04445194935414,40.46976391153396,0.10870492857841044,0.0010157366114098287,0.1089080759006924
317,63.599999999995916,0.00034906435237075275,0.21433194306856243,9.989778560576553,10.318003119717464,185.23693674429964,186.1984087972814,30.101032321981016,249.04103504922767,40.46920866470816,0.1090539929307812,0.0010157366114097593,0.10925714025306316
318,63.799999999995876,0.00034906435237075275,0.2143260587143741,9.989649058347188,10.317861538483536,185.2343949686115,186.19585176838336,30.100619283018652,249.0376177661903,40.46865335565928,0.10940305728315194,0.0010157366114098287,0.10960620460543391
319,63.999999999995836,0.00034906435237075275,0.21432017377159776,9.98951956461589,10.31771994132669,185.23185290707076,186.193294445311,30.100206197605196,249.0342000988285,40.468097984157616,0.1097521216355227,0.0010157366114098287,0.10995526895780466
320,64.19999999999594,0.00034906435237075275,0.21431428823783366,9.98939007940001,10.317578328188347,185.2293105586248,186.1907368270125,30.0997930655696,249.03078204572847,40.46754254997343,0.11010118598789359,0.0010157366114091348,0.11030433331017542
321,64.39999999999604,0.00034906435237075275,0.21430840211067811,9.989260602716929,10.317436699009983,185.2267679222243,186.1881789124318,30.099379886741335,249.0273636054776,40.466987052877165,0.1104502503402644,0.0010157366114088573,0.11065339766254617
322,64.59999999999614,0.00034906435237075275,0.21430251538773312,9.989131134583987,10.31729505373307,185.2242249968175,186.1856207005175,30.098966660949504,249.02394477666326,40.46643149263927,0.11079931469263518,0.0010157366114087185,0.11100246201491692
323,64.79999999999625,0.00034906435237075275,0.21429662806659822,9.989001675018542,10.31715339229911,185.221681781354,186.1830621902155,30.098553388023415,249.0205255578735,40.46587586903031,0.11114837904500595,0.0010157366114086491,0.11135152636728768
324,64.99999999999635,0.00034906435237075275,0.21429074014487454,9.988872224037937,10.317011714649638,185.21913827478508,186.18050338047232,30.098140067792645,249.01710594769716,40.46532018182097,0.1114974433973767,0.0010157366114086491,0.11170059071965843
325,65.19999999999645,0.00034906435237075275,0.21428485162016478,9.988742781659509,10.316870020726201,185.21659447606064,186.1779442702357,30.097726700086554,249.01368594472333,40.464764430781976,0.11184650774974747,0.0010157366114085797,0.11204965507202919
326,65.39999999999655,0.00034906435237075275,0.21427896249007428,9.988613347900571,10.316728310470355,185.21405038413215,186.17538485845506,30.09731328473476,249.01026554754148,40.46420861568411,0.11219557210211822,0.0010157366114085797,0.11239871942439994
327,65.59999999999665,0.00034906435237075275,0.21427307275220578,9.988483922778464,10.316586583823703,185.2115059979505,186.17282514407682,30.09689982156678,249.00684475474205,40.46365273629832,0.11254463645448895,0.0010157366114087185,0.1127477837767707
328,65.79999999999676,0.00034906435237075275,0.21426718240416773,9.988354506310476,10.316444840727844,185.20896131646745,186.17026512605224,30.09648631041227,249.0034235649155,40.46309679239556,0.1128937008068597,0.0010157366114087185,0.11309684812914145
329,65.99999999999686,0.00034906435237075275,0.21426129144356454,9.988225098513928,10.31630308112442,185.20641633863605,186.16770480332823,30.09607275110111,249.0000019766532,40.46254078374693,0.11324276515923047,0.0010157366114086491,0.1134459124815122
330,66.19999999999696,0.00034906435237075275,0.21425539986800493,9.988095699406113,10.316161304955086,185.20387106340783,186.16514417485513,30.095659143462917,248.99657998854693,40.46198471012359,0.11359182951160122,0.0010157366114086491,0.11379497683388295
331,66.39999999999706,0.00034906435237075275,0.21424950767509893,9.98796630900432,10.316019512161517,185.20132548973586,186.16258323958377,30.095245487327567,248.99315759918886,40.461428571296764,0.11394089386397196,0.0010157366114087185,0.11414404118625371
332,66.59999999999717,0.00034906435237075275,0.21424361486245597,9.987836927325825,10.315877702685414,185.19877961657397,186.16002199646402,30.094831782525056,248.98973480717197,40.460872367037815,0.11428995821634273,0.0010157366114086491,0.11449310553862446
333,66.79999999999727,0.00034906435237075275,0.21423772142768727,9.987707554387907,10.315735876468496,185.19623344287493,186.1574604444468,30.094418028885205,248.98631161108952,40.460316097118145,0.11463902256871346,0.001015736611408788,0.11484216989099522
334,66.99999999999737,0.00034906435237075275,0.21423182736840535,9.98757819020783,10.31559403345251,185.1936869675942,186.15489858248353,30.094004226238287,248.98288800953543,40.45975976130927,0.11498808692108421,0.001015736611408788,0.11519123424336597
335,67.19999999999747,0.00034906435237075275,0.21422593268222306,9.987448834802857,10.315452173579223,185.19114018968503,186.15233640952553,30.093590374414195,248.9794640011042,40.45920335938279,0.11533715127345497,0.001015736611408788,0.11554029859573672
336,67.39999999999758,0.00034906435237075275,0.21422003736675393,9.987319488190241,10.315310296790427,185.18859310810345,186.149773924524,30.093176473243282,248.9760395843909,40.45864689111041,0.11568621562582573,0.0010157366114087185,0.11588936294810748
337,67.59999999999768,0.00034906435237075275,0.21421414141961534,9.987190150387216,10.315168403027931,185.18604572180428,186.14721112643315,30.092762522555716,248.97261475799095,40.45809035626389,0.11603527997819651,0.0010157366114085797,0.11623842730047823
338,67.79999999999778,0.00034906435237075275,0.21420824483842316,9.98706082141102,10.315026492233565,185.18349802974348,186.14464801420533,30.09234852218184,248.9691895205004,40.45753375461507,0.11638434433056727,0.0010157366114085797,0.11658749165284898
339,67.99999999999788,0.00034906435237075275,0.21420234762079493,9.986931501278882,10.314884564349192,185.18095003087694,186.14208458679371,30.091934471951976,248.96576387051593,40.456977085935925,0.11673340868293802,0.0010157366114085797,0.11693655600521974
340,68.19999999999798,0.00034906435237075275,0.21419644976435073,9.98680219000801,10.314742619316684,185.17840172416217,186.13952084315326,30.091520371696724,248.9623378066346,40.456420349998474,0.11708247303530876,0.0010157366114086491,0.11728562035759049
341,68.39999999999809,0.00034906435237075275,0.2141905512667085,9.986672887615631,10.314600657077953,185.17585310855435,186.1369567822364,30.091106221246307,248.95891132745436,40.45586354657488,0.11743153738767952,0.0010157366114086491,0.11763468470996125
342,68.59999999999819,0.00034906435237075275,0.21418465212549154,9.986543594118935,10.314458677574919,185.17330418301233,186.13439240299985,30.090692020431526,248.95548443157332,40.45530667543734,0.11778060174005027,0.0010157366114086491,0.117983749062332
343,68.79999999999829,0.00034906435237075275,0.21417875233831965,9.986414309535126,10.314316680749535,185.17075494649345,186.13182770439656,30.090277769082956,248.95205711759047,40.45474973635819,0.11812966609242102,0.0010157366114086491,0.11833281341470275
344,68.9999999999984,0.00034906435237075275,0.21417285190281654,9.986285033881394,10.314174666543778,185.16820539795694,186.1292626853824,30.08986346703147,248.9486293841053,40.45419272910984,0.11847873044479179,0.0010157366114085797,0.11868187776707351
345,69.1999999999985,0.00034906435237075275,0.21416695081660886,9.986155767174901,10.31403263489963,185.16565553636008,186.12669734491547,30.08944911410763,248.94520122971753,40.45363565346475,0.11882779479716254,0.0010157366114085797,0.11903094211944426
346,69.3999999999986,0.00034906439398264474,0.21416104907613565,9.986026509428546,10.313890585754214,185.16310536057463,186.1241316810095,30.08903471012809,248.94177265290938,40.45307850917629,0.11917685917583705,0.001015736687949298,0.11938000651342691
347,69.5999999999987,0.00034906439398264474,0.2141551466802786,9.98589726065847,10.313748519048705,185.1605548695448,186.12156569372755,30.088620254921285,248.93834365226115,40.452521296013735,0.11952592356418813,0.0010157367161071212,0.11972907090740956
348,69.7999999999988,0.00034906439398264474,0.21414924362677937,9.985768020884011,10.313606434727573,185.1580040622726,186.1189993820826,30.08820574832505,248.93491422643248,40.451964013759294,0.11987498795609905,0.0010157367264657796,0.1200781353013922
349,69.9999999999989,0.00034906439398264474,0.21414333991320159,9.985638790123913,10.313464332734636,185.15545293774946,186.11643274494443,30.08779119017548,248.93148437406737,40.45140666219261,0.12022405234931956,0.0010157367302764814,0.12042719969537485
350,70.19999999999901,0.00034906439398264474,0.21413743553711595,9.985509568396159,10.313322213012919,185.152901494954,186.11386578120317,30.087376580306604,248.92805409379056,40.45084924109021,0.1205731167430218,0.0010157367316784849,0.1207762640893575
351,70.39999999999911,0.00034906439398264474,0.2141315304961212,9.985380355718274,10.313180075504983,185.15034973285321,186.11129848978155,30.086961918550568,248.92462338421578,40.45029175022682,0.1209221811369013,0.0010157367321942529,0.12112532848334015
352,70.59999999999921,0.00034906439398264474,0.21412562478783395,9.985251152107546,10.313037920153171,185.14779765041243,186.10873086962172,30.086547204739226,248.9211922439513,40.44973418937628,0.12127124553084599,0.0010157367323840316,0.1214743928773228
353,70.79999999999932,0.00034906439398264474,0.21411971840988112,9.98512195758116,10.312895746899745,185.14524524659606,186.10616291967614,30.0861324387043,248.91776067160356,40.44917655831214,0.12162030992481469,0.0010157367324537675,0.12182345727130545
354,70.99999999999942,0.00034906439398264474,0.2141138113598945,9.98499277215625,10.312753555686946,185.14269252036553,186.10359463890163,30.08571762027702,248.91432866577844,40.448618856807855,0.12196937431879218,0.0010157367324795802,0.1221725216652881
355,71.19999999999952,0.00034906439398264474,0.21410790363550875,9.984863595849921,10.312611346457022,185.14013947068668,186.1010260262573,30.085302749289333,248.91089622508204,40.44806108463692,0.12231843871277295,0.0010157367324889477,0.12252158605927074
356,71.39999999999962,0.00034906439398264474,0.21410199523435974,9.984734428679271,10.312469119152244,185.13758609652103,186.09845708070293,30.084887825572494,248.90746334812093,40.447503241572896,0.1226675031067549,0.0010157367324924865,0.12287065045325339
357,71.59999999999972,0.00034906439398264474,0.21409608615408576,9.984605270661381,10.312326873714893,185.1350323968322,186.09588780119992,30.084472848958082,248.904030033502,40.44694532738941,0.1230165675007373,0.0010157367324936661,0.12321971484723604
358,71.79999999999983,0.00034906439398264474,0.21409017639232758,9.98447612181331,10.312184610087273,185.13247837058546,186.0933181867114,30.08405781927796,248.9005962798327,40.44638734186016,0.12336563189471984,0.0010157367324942213,0.12356877924121869
359,71.99999999999993,0.00034906439398264474,0.21408426594672292,9.98434698215214,10.312042328211732,185.12992401674572,186.09074823619693,30.083642736363917,248.89716208572145,40.44582928475902,0.12371469628870246,0.00101573673249436,0.12391784363520134
360,72.20000000000003,0.00034906439398264474,0.2140783548149159,9.984217851694906,10.311900028030614,185.12736933427686,186.08817794862148,30.083227600047593,248.8937274497767,40.44527115585987,0.1240637606826851,0.0010157367324944294,0.12426690802918398
361,72.40000000000013,0.00034906439398264474,0.21407244299454853,9.984088730458664,10.311757709486315,185.12481432214614,186.08560732294725,30.08281241016116,248.89029237060802,40.44471295493676,0.12441282507666775,0.0010157367324944294,0.12461597242316663
362,72.60000000000024,0.00034906439398264474,0.2140665304832644,9.983959618460451,10.31161537252124,185.12225897931765,186.08303635813758,30.082397166536285,248.8868568468253,40.4441546817638,0.12476188947065038,0.0010157367324944988,0.12496503681714928
363,72.80000000000034,0.00034906439398264474,0.2140606172787098,9.983830515717287,10.311473017077818,185.11970330476007,186.08046505315738,30.08198186900538,248.88342087703896,40.44359633611517,0.12511095386463303,0.0010157367324944988,0.12531410121113193
364,73.00000000000044,0.00034906439398264474,0.21405470337853008,9.983701422246204,10.311330643098524,185.11714729743917,186.07789340697002,30.081566517400383,248.8799844598605,40.44303791776525,0.1254600182586156,0.0010157367324947764,0.12566316560511456
365,73.20000000000054,0.00034906439398264474,0.2140487887803741,9.983572338064198,10.311188250525824,185.1145909563228,186.0753214185418,30.081151111553567,248.8765475939014,40.442479426488404,0.1258090826525983,0.0010157367324944988,0.1260122299990972
366,73.40000000000065,0.00034906439398264474,0.2140428734818903,9.983443263188278,10.311045839302238,185.1120342803781,186.0727490868377,30.080735651297097,248.87311027777415,40.44192086205916,0.12615814704658096,0.00101573673249436,0.12636129439307983
367,73.60000000000075,0.00034906439398264474,0.2140369574807276,9.98331419763544,10.310903409370308,185.10947726857447,186.07017641082254,30.080320136463488,248.86967251009193,40.44136222425217,0.1265072114405636,0.00101573673249436,0.12671035878706247
368,73.80000000000085,0.00034906439398264474,0.2140310407745392,9.983185141422663,10.310760960672585,185.10691991988062,186.06760338946458,30.07990456688517,248.8662342894682,40.440803512842095,0.1268562758345462,0.0010157367324944988,0.1270594231810451
369,74.00000000000095,0.00034906439398264474,0.21402512336097584,9.983056094566928,10.31061849315167,185.10436223326465,186.06503002172894,30.079488942394452,248.86279561451744,40.44024472760381,0.1272053402285289,0.0010157367324942213,0.12740848757502773
370,74.20000000000105,0.00034906439398264474,0.21401920523769358,9.982927057085188,10.31047600675016,185.10180420769805,186.06245630658526,30.0790732628242,248.85935648385419,40.439685868312175,0.1275544046225115,0.00101573673249436,0.12775755196901037
371,74.40000000000116,0.00034906439398264474,0.21401328640234588,9.982798028994411,10.310333501410707,185.09924584214994,186.0598822429999,30.078657528006897,248.85591689609421,40.43912693474225,0.1279034690164942,0.0010157367324940825,0.128106616362993
372,74.60000000000126,0.00034906439398264474,0.2140073668525887,9.982669010311547,10.310190977075976,185.09668713559117,186.05730782994092,30.078241737775304,248.85247684985376,40.438567926669165,0.12825253341047677,0.00101573673249436,0.12845568075697564
373,74.80000000000136,0.00034906439398264474,0.21400144658608133,9.982540001053522,10.31004843368865,185.09412808699244,186.05473306637896,30.077825891962167,248.84903634374933,40.43800884386811,0.12860159780445943,0.0010157367324942213,0.12880474515095827
374,75.00000000000146,0.00034906439398264474,0.21399552560048005,9.982411001237285,10.309905871191463,185.0915686953267,186.0521579512809,30.077409990400582,248.8455953763987,40.437449686114476,0.128950662198442,0.0010157367324944988,0.1291538095449409
375,75.20000000000157,0.00034906439398264474,0.21398960389344604,9.982282010879747,10.30976328952715,185.08900895956475,186.0495824836179,30.076994032923306,248.8421539464197,40.43689045318366,0.1292997265924246,0.0010157367324946376,0.12950287393892354
376,75.40000000000167,0.00034906439398264474,0.21398368146264066,9.982153029997818,10.309620688638484,185.08644887868,186.04700666236025,30.076578019363517,248.83871205243108,40.436331144851195,0.1296487909864073,0.00101573673249436,0.12985193833290617
377,75.60000000000177,0.00034906439398264474,0.21397775830572652,9.982024058608403,10.309478068468266,185.08388845164504,186.04443048647883,30.07616194955427,248.83526969305225,40.435771760892756,0.12999785538038988,0.0010157367324946376,0.1302010027268888
378,75.80000000000187,0.00034906439398264474,0.21397183442036719,9.981895096728394,10.309335428959317,185.08132767743461,186.04185395494497,30.075745823328948,248.8318268669031,40.43521230108406,0.13034691977437252,0.0010157367324946376,0.13055006712087144
379,76.00000000000198,0.00034906439398264474,0.21396590980422836,9.981766144374676,10.309192770054489,185.07876655502082,186.03927706673096,30.075329640520525,248.8283835726043,40.434652765200966,0.13069598416835515,0.0010157367324946376,0.13089913151485408
380,76.20000000000208,0.00034906439398264474,0.21395998445497436,9.98163720156413,10.309050091696669,185.07620508337865,186.03669982080729,30.074913400962433,248.82493980877726,40.43409315301946,0.13104504856233776,0.0010157367324947764,0.1312481959088367
381,76.40000000000218,0.00034906439398264474,0.21395405837027442,9.981508268313616,10.308907393828758,185.07364326148465,186.03412221614826,30.074497104488362,248.82149557404392,40.4335334643156,0.13139411295632042,0.0010157367324946376,0.13159726030281935
382,76.60000000000228,0.00034906439398264474,0.21394813154779718,9.98137934463999,10.308764676393686,185.07108108831284,186.0315442517271,30.07408075093159,248.81805086702673,40.432973698865545,0.13174317735030308,0.0010157367324944988,0.13194632469680198
383,76.80000000000238,0.00034906439398264474,0.21394220398521363,9.981250430560095,10.308621939334415,185.06851856283944,186.02896592651842,30.073664340125752,248.814605686349,40.43241385644557,0.13209224174428572,0.0010157367324944988,0.13229538909078462
384,77.00000000000249,0.00034906439398264474,0.21393627568019216,9.981121526090787,10.308479182593945,185.06595568404123,186.02638723949363,30.073247871904574,248.81116003063497,40.43185393683212,0.13244130613826838,0.00101573673249436,0.13264445348476725
385,77.20000000000259,0.00034906439398264474,0.21393034663040864,9.980992631248876,10.30833640611528,185.06339245089467,186.02380818963047,30.072831346101733,248.80771389850892,40.43129393980164,0.13279037053225104,0.0010157367324942213,0.13299351787874988
386,77.40000000000269,0.00034906439398264474,0.2139244168335365,9.98086374605118,10.308193609841462,185.0608288623778,186.02122877590392,30.07241476255116,248.8042672885961,40.43073386513073,0.1331394349262337,0.0010157367324940825,0.13334258227273252
387,77.6000000000028,0.00034906439398264474,0.21391848628724988,9.980734870514521,10.308050793715571,185.05826491746876,186.01864899728855,30.071998121086796,248.8008201995227,40.43017371259615,0.1334884993202163,0.0010157367324942213,0.13369164666671515
388,77.8000000000029,0.00034906439398264474,0.21391255498922657,9.98060600465569,10.3079079576807,185.05570061514527,186.01606885276192,30.07158142154253,248.7973726299151,40.429613481974684,0.1338375637141989,0.0010157367324944988,0.1340407110606978
389,78.000000000003,0.00034906439398264474,0.2139066229371431,9.980477148491484,10.307765101679982,185.05313595438733,186.0134883412996,30.071164663752608,248.79392457840072,40.42905317304329,0.13418662810818152,0.0010157367324944988,0.13438977545468042
390,78.2000000000031,0.00034906439398264474,0.2139006901286799,9.98034830203868,10.307622225656567,185.05057093417264,186.0109074618801,30.070747847550905,248.79047604360753,40.42849278557901,0.13453569250216418,0.00101573673249436,0.13473883984866306
391,78.4000000000032,0.00034906439398264474,0.2138947565615169,9.980219465314049,10.307479329553644,185.04800555348322,186.00832621348073,30.070330972772,248.78702702416413,40.427932319358995,0.1348847568961468,0.0010157367324944988,0.1350879042426457
392,78.6000000000033,0.00034906439398264474,0.2138888222333377,9.980090638334344,10.307336413314417,185.04543981129882,186.00574459508147,30.069914039250097,248.78357751869984,40.4273717741605,0.13523382129012948,0.0010157367324942213,0.13543696863662832
393,78.80000000000341,0.00034906439398264474,0.2138828871418237,9.979961821116328,10.307193476882128,185.04287370660015,186.00316260565984,30.06949704681957,248.78012752584456,40.426811149760894,0.13558288568411211,0.0010157367324942213,0.13578603303061096
394,79.00000000000351,0.00034906439398264474,0.21387695128466033,9.979833013676737,10.30705052020005,185.0403072383684,186.00058024419585,30.069079995314862,248.77667704422922,40.4262504459377,0.13593195007809472,0.00101573673249436,0.1361350974245936
395,79.20000000000361,0.00034906439398264474,0.21387101465953295,9.979704216032307,10.306907543211482,185.03774040558588,185.99799750966915,30.06866288457059,248.7732260724852,40.42568966246851,0.13628101447207736,0.00101573673249436,0.13648416181857623
396,79.40000000000371,0.00034906439398264474,0.2138650772641293,9.979575428199755,10.306764545859744,185.03517320723546,185.99541440106088,30.068245714421476,248.76977460924437,40.42512879913101,0.13663007886606002,0.0010157367324942213,0.13683322621255886
397,79.60000000000382,0.00034906439398264474,0.21385913909613766,9.979446650195799,10.306621528088197,185.03260564230078,185.99283091735168,30.06782848470236,248.7663226531398,40.424567855703074,0.13697914326004262,0.00101573673249436,0.1371822906065415
398,79.80000000000392,0.00034906439398264474,0.21385320015324835,9.979317882037137,10.306478489840222,185.03003770976397,185.99024705752367,30.067411195247843,248.76287020280478,40.42400683196261,0.13732820765402523,0.0010157367324944988,0.13753135500052413
399,80.00000000000402,0.00034906439398264474,0.213847260433152,9.979189123740465,10.306335431059237,185.02746940860968,185.98766282055828,30.06699384589292,248.75941725687363,40.42344572768769,0.13767727204800786,0.0010157367324944988,0.13788041939450676
400,80.20000000000412,0.00034906439398264474,0.21384131993354283,9.979060375322458,10.306192351688674,185.024900737824,185.98507820543972,30.06657643647284,248.7559638139811,40.422884542656476,0.13802633644199053,0.00101573673249436,0.1382294837884894
401,80.40000000000423,0.00034906439398264474,0.213835378652113,9.9789316367998,10.306049251672018,185.02233169638993,185.98249321114955,30.066158966822332,248.75250987276303,40.42232327664727,0.13837540083597316,0.00101573673249436,0.13857854818247203
402,80.60000000000433,0.00034906439398264474,0.21382943658655917,9.978802908189145,10.305906130952764,185.01976228329403,185.97990783667265,30.065741436776715,248.7490554318555,40.42176192943845,0.13872446522995582,0.0010157367324942213,0.13892761257645467
403,80.80000000000443,0.00034906439398264474,0.2138234937345782,9.978674189507146,10.30576298947444,185.0171924975226,185.97732208099345,30.065323846171268,248.7456004898957,40.42120050080855,0.13907352962393846,0.0010157367324942213,0.1392766769704373
404,81.00000000000453,0.00034906439398264474,0.21381755009386738,9.97854548077045,10.305619827180612,185.01462233806225,185.97473594309605,30.064906194841313,248.7421450455213,40.420638990536204,0.1394225940179211,0.0010157367324942213,0.13962574136441994
405,81.20000000000464,0.00034906439398264474,0.21381160566212667,9.978416781995687,10.30547664401487,185.01205180390065,185.97214942196635,30.06448848262234,248.73868909737084,40.42007739840016,0.13977165841190373,0.0010157367324942213,0.13997480575840257
406,81.40000000000474,0.00034906439398264474,0.2138056604370568,9.97828809319948,10.305333439920835,185.00948089402513,185.96956251659,30.064070709349796,248.7352326440835,40.4195157241793,0.14012072280588636,0.0010157367324942213,0.1403238701523852
407,81.60000000000484,0.00034906439398264474,0.21379971441636134,9.978159414398432,10.30519021484215,185.00690960742477,185.96697522595483,30.0636528748594,248.73177568429907,40.41895396765257,0.14046978719986905,0.0010157367324939437,0.14067293454636784
408,81.80000000000494,0.00034906439398264474,0.2137937675977431,9.978030745609152,10.3050469687225,185.00433794308753,185.96438754904707,30.063234978986706,248.72831821665824,40.418392128599095,0.14081885159385163,0.0010157367324942213,0.14102199894035047
409,82.00000000000504,0.00034906439398264474,0.21378781997890664,9.977902086848237,10.304903701505605,185.00176590000314,185.96179948485366,30.062817021567533,248.72486023980264,40.417830206798136,0.14116791598783418,0.0010157367324946376,0.1413710633343331
410,82.20000000000515,0.00034906439398264474,0.21378187155756048,9.977773438132251,10.304760413135188,184.99919347716164,185.95921103236495,30.06239900243777,248.7214017523739,40.417268202028964,0.14151698038181681,0.0010157367324946376,0.14172012772831574
411,82.40000000000525,0.00034906439398264474,0.2137759223314109,9.977644799477781,10.304617103555035,184.99662067355374,185.956622190568,30.061980921433403,248.71794275301522,40.41670611407109,0.14186604477579948,0.0010157367324944988,0.14206919212229838
412,82.60000000000535,0.00034906439398264474,0.21376997229816813,9.977516170901378,10.304473772708944,184.99404748817093,185.9540329584529,30.061562778390556,248.71448324037007,40.41614394270408,0.14221510916978217,0.0010157367324942213,0.142418256516281
413,82.80000000000545,0.00034906439398264474,0.21376402145554177,9.9773875524196,10.30433042054075,184.99147392000364,185.9514433350085,30.061144573145167,248.71102321308294,40.415581687707665,0.1425641735637648,0.0010157367324942213,0.14276732091026365
414,83.00000000000556,0.00034906439398264474,0.21375806980124595,9.977258944048973,10.304187046994313,184.98889996804527,185.94885331922703,30.060726305533663,248.70756266979862,40.41501934886163,0.14291323795774738,0.0010157367324944988,0.14311638530424628
415,83.20000000000566,0.00034906439398264474,0.21375211733299276,9.97713034580604,10.304043652013533,184.98632563128854,185.94626291009814,30.060307975392366,248.70410160916313,40.414456925945935,0.14326230235173007,0.0010157367324942213,0.14346544969822891
416,83.40000000000576,0.00034906439398264474,0.2137461640484988,9.977001757707306,10.303900235542326,184.9837509087256,185.94367210661483,30.059889582557492,248.7006400298228,40.413894418740625,0.1436113667457127,0.0010157367324942213,0.14381451409221155
417,83.60000000000586,0.00034906439398264474,0.21374020994548035,9.976873179769283,10.303756797524654,184.98117579935095,185.94108090776902,30.05947112686566,248.69717793042508,40.41333182702591,0.14396043113969534,0.0010157367324942213,0.14416357848619418
418,83.80000000000597,0.00034906439398264474,0.21373425502165455,9.976744612008472,10.303613337904512,184.97860030215972,185.93848931255263,30.059052608153564,248.69371530961823,40.412769150582115,0.14430949553367792,0.0010157367324944988,0.14451264288017682
419,84.00000000000607,0.00034906439398264474,0.21372829927474124,9.976616054441356,10.303469856625911,184.97602441614617,185.93589731995954,30.05863402625778,248.69025216605078,40.41220638918964,0.14465855992766058,0.00101573673249436,0.14486170727415945
420,84.20000000000617,0.00034906439398264474,0.21372234270246207,9.976487507084409,10.303326353632908,184.97344814030603,185.93330492898426,30.058215381015113,248.68678849837247,40.41164354262907,0.14500762432164319,0.0010157367324944988,0.14521077166814209
421,84.40000000000627,0.00034906439398264474,0.21371638530253856,9.976358969954099,10.30318282886958,184.97087147363496,185.9307121386206,30.057796672262352,248.6833243052336,40.411080610681076,0.14535668871562582,0.0010157367324944988,0.14555983606212472
422,84.60000000000637,0.00034906439398264474,0.21371042707269497,9.976230443066878,10.303039282280052,184.96829441513046,185.928118947864,30.057377899836602,248.67985958528544,40.41051759312648,0.14570575310960848,0.00101573673249436,0.14590890045610735
423,84.80000000000648,0.00034906439398264474,0.21370446801065665,9.97610192643919,10.302895713808459,184.96571696378882,185.92552535571022,30.056959063574748,248.6763943371797,40.40995448974619,0.14605481750359114,0.0010157367324942213,0.14625796485009
424,85.00000000000658,0.00034906439398264474,0.2136985081141505,9.975973420087469,10.302752123398989,184.96313911860935,185.92293136115563,30.05654016331418,248.67292855956916,40.40939130032129,0.14640388189757378,0.0010157367324942213,0.14660702924407262
425,85.20000000000668,0.00034906439398264474,0.21369254738090548,9.975844924028126,10.302608510995839,184.9605608785893,185.9203369631979,30.05612119889196,248.66946225110703,40.40882802463292,0.14675294629155639,0.00101573673249436,0.14695609363805526
426,85.40000000000678,0.00034906439398264474,0.21368658580864996,9.975716438277589,10.302464876543272,184.95798224272855,185.91774216083303,30.05570217014556,248.66599541044792,40.40826466246245,0.14710201068553908,0.0010157367324940825,0.1473051580320379
427,85.60000000000689,0.00034906439398264474,0.21368062339511668,9.97558796285224,10.302321219985545,184.95540321002554,185.9151469530605,30.05528307691223,248.66252803624647,40.40770121359127,0.14745107507952165,0.00101573673249436,0.14765422242602053
428,85.80000000000699,0.00034906439398264474,0.21367466013803812,9.975459497768476,10.302177541266976,184.95282377948064,185.91255133887884,30.054863919029525,248.65906012715865,40.40713767780096,0.1478001394735043,0.00101573673249436,0.14800328682000316
429,86.00000000000709,0.00034906439398264474,0.21366869603514768,9.975331043042676,10.302033840331903,184.95024395009474,185.90995531728652,30.054444696335093,248.655591681841,40.40657405487322,0.1481492038674869,0.0010157367324944988,0.1483523512139858
430,86.2000000000072,0.00034906439398264474,0.21366273108418213,9.975202598691203,10.3018901171247,184.9476637208708,185.9073588872842,30.054025408666913,248.65212269895085,40.40601034458986,0.14849826826146958,0.0010157367324942213,0.14870141560796843
431,86.4000000000073,0.00034906439398264474,0.21365676528287833,9.975074164730414,10.30174637158977,184.94508309080842,185.90476204787217,30.053606055862428,248.6486531771464,40.40544654673284,0.14884733265545216,0.0010157367324944988,0.14905048000195106
432,86.6000000000074,0.00034906439398264474,0.21365079862897587,9.974945741176649,10.301602603671554,184.94250205891092,185.90216479805224,30.053186637759662,248.64518311508652,40.40488266108422,0.14919639704943483,0.00101573673249436,0.1493995443959337
433,86.8000000000075,0.00034906439398264474,0.21364483112021446,9.974817328046246,10.301458813314525,184.93992062418152,185.89956713682545,30.052767154196655,248.64171251143105,40.40431868742623,0.1495454614434175,0.0010157367324942213,0.14974860878991633
434,87.0000000000076,0.00034906439398264474,0.2136388627543359,9.974688925355524,10.301315000463186,184.93733878562531,185.89696906319426,30.052347605011718,248.63824136484044,40.4037546255412,0.14989452583740012,0.0010157367324942213,0.15009767318389897
435,87.2000000000077,0.00034906439398264474,0.21363289352908357,9.974560533120798,10.30117116506208,184.9347565422439,185.89437057616144,30.051927990042625,248.63476967397617,40.4031904752116,0.15024359023138273,0.00101573673249436,0.1504467375778816
436,87.40000000000781,0.00034906439398264474,0.21362692344220194,9.974432151358366,10.30102730705578,184.9321738930441,185.89177167473014,30.05150830912798,248.63129743750042,40.40262623622006,0.1505926546253654,0.0010157367324942213,0.15079580197186424
437,87.60000000000791,0.00034906439398264474,0.2136209524914395,9.974303780084508,10.300883426388884,184.92959083703082,185.88917235790655,30.05108856210607,248.627824654076,40.40206190834926,0.15094171901934808,0.0010157367324939437,0.15114486636584687
438,87.80000000000801,0.00034906439398264474,0.21361498067454307,9.974175419315504,10.300739523006031,184.92700737320996,185.88657262469428,30.05066874881537,248.6243513223667,40.40149749138208,0.1512907834133307,0.0010157367324940825,0.1514939307598295
439,88.00000000000811,0.00034906439398264474,0.21360900798926136,9.974047069067627,10.300595596851906,184.92442350058877,185.88397247409804,30.050248869094546,248.62087744103727,40.40093298510154,0.15163984780731332,0.0010157367324940825,0.15184299515381214
440,88.20000000000822,0.00034906439398264474,0.21360303443334722,9.97391872935712,10.300451647871206,184.92183921817426,185.88137190512523,30.04982892278224,248.6174030087531,40.40036838929077,0.15198891220129587,0.0010157367324944988,0.15219205954779477
441,88.40000000000832,0.00034906439398264474,0.2135970600045528,9.973790400200228,10.300307676008673,184.91925452497432,185.87877091678243,30.049408909717236,248.61392802418027,40.399803703733,0.1523379765952785,0.0010157367324944988,0.1525411239417774
442,88.60000000000842,0.00034906439398264474,0.2135910847006324,9.973662081613181,10.300163681209083,184.91666941999796,185.87616950807677,30.048988829738498,248.61045248598595,40.399238928211645,0.1526870409892612,0.0010157367324942213,0.15289018833576004
443,88.80000000000852,0.00034906439398264474,0.213585108519341,9.973533773612203,10.300019663417249,184.9140839022544,185.87356767801543,30.048568682685023,248.60697639283808,40.39867406251025,0.15303610538324378,0.0010157367324944988,0.15323925272974268
444,89.00000000000863,0.00034906439398264474,0.21357913145843724,9.973405476213497,10.299875622578014,184.91149797075258,185.87096542560806,30.048148468395762,248.60349974340542,40.39810910641249,0.15338516977722644,0.00101573673249436,0.1535883171237253
445,89.20000000000873,0.00034906439398264474,0.2135731535156801,9.973277189433258,10.299731558636255,184.9089116245033,185.86836274986396,30.047728186709975,248.60002253635747,40.39754405970215,0.15373423417120916,0.0010157367324939437,0.15393738151770794
446,89.40000000000883,0.00034906439398264474,0.21356717468883019,9.973148913287666,10.299587471536876,184.90632486251755,185.8657596497932,30.04730783746694,248.59654477036435,40.39697892216313,0.15408329856519176,0.0010157367324940825,0.15428644591169058
447,89.60000000000893,0.00034906439398264474,0.2135611949756491,9.973020647792904,10.299443361224844,184.9037376838077,185.86315612440538,30.04688742050617,248.59306644409781,40.39641369357959,0.15443236295917437,0.0010157367324942213,0.1546355103056732
448,89.80000000000904,0.00034906439398264474,0.21355521437390032,9.97289239296513,10.299299227645136,184.90115008738525,185.86055217271158,30.046466935667038,248.58958755622976,40.39584837373571,0.154781427353157,0.0010157367324942213,0.15498457469965585
449,90.00000000000914,0.0003490644355945368,0.2135492328801502,9.972764148816347,10.299155070737768,184.89856207217437,185.85794779277023,30.04604638277472,248.58610810531238,40.39528296239622,0.15513049177344332,0.0010157368090353558,0.1553336391352504
450,90.20000000000924,0.0003490644355945368,0.21354325049343675,9.972635915361534,10.299010890446937,184.89597363717292,185.8553429847155,30.04562576166636,248.58262808999876,40.39471745934226,0.1554795562034064,0.0010157368371926934,0.15568270357084493
451,90.40000000000934,0.0003490644355945368,0.21353726721164526,9.972507692618974,10.298866686720157,184.89338478143716,185.85273774761825,30.04520507218861,248.57914750902214,40.39415186436796,0.15582862063692912,0.001015736847551768,0.15603176800643948
452,90.60000000000944,0.0003490644355945368,0.21353128303247795,9.972379480606394,10.29872245950432,184.89079550401453,185.85013208040112,30.044784314186675,248.57566636110062,40.39358617726503,0.15617768507176147,0.0010157368513627474,0.15638083244203402
453,90.80000000000955,0.0003490644355945368,0.21352529795364716,9.972251279340739,10.298578208745504,184.8882058039373,185.84752598201018,30.0443634875033,248.57218464493275,40.39302039782197,0.15652674950707568,0.001015736852764404,0.15672989687762856
454,91.00000000000965,0.0003490644355945368,0.2135193119728933,9.972123088838499,10.298433934389333,184.88561568022925,185.84491945142395,30.043942591979846,248.56870235920607,40.392454525825514,0.15687581394256706,0.0010157368532802413,0.1570789613132231
455,91.20000000000975,0.0003490644355945368,0.21351332508797619,9.971994909115915,10.298289636381215,184.88302513190942,185.84231248764175,30.04352162745691,248.56521950260287,40.39188856106153,0.1572248783781236,0.0010157368534702282,0.15742802574881765
456,91.40000000000985,0.0003490644355945368,0.2135073372966659,9.971866740189123,10.298145314666494,184.88043415799783,185.8397050896727,30.04310059377524,248.56173607380396,40.39132250331565,0.15757394281370427,0.0010157368535396172,0.1577770901844122
457,91.60000000000996,0.0003490644355945368,0.21350134859673717,9.971738582074211,10.298000969190511,184.87784275751156,185.83709725652994,30.04267949077512,248.5582520714901,40.390756352373494,0.1579230072492937,0.0010157368535651523,0.15812615462000673
458,91.80000000001006,0.0003490644355945368,0.2134953589859696,9.971610434787225,10.29785659989861,184.87525092947186,185.8344889872308,30.0422583182975,248.5547674943421,40.3901901080207,0.15827207168488633,0.001015736853574728,0.15847521905560127
459,92.00000000001016,0.0003490644355945368,0.21348936846214375,9.971482298344204,10.297712206736179,184.8726586728964,185.83188028079238,30.04183707618274,248.5512823410417,40.38962377004305,0.15862113612048018,0.0010157368535781974,0.15882428349119582
460,92.20000000001026,0.0003490644355945368,0.2134833770230436,9.971354172761162,10.297567789648626,184.87006598680577,185.82927113623444,30.0414157642717,248.54779661027138,40.389057338226436,0.1589702005560745,0.0010157368535793077,0.15917334792679036
461,92.40000000001037,0.0003490644355945368,0.2134773846664537,9.971226058054103,10.297423348581402,184.86747287021942,185.82666155257616,30.04099438240504,248.54431030071436,40.3884908123569,0.15931926499166893,0.0010157368535798628,0.1595224123623849
462,92.60000000001047,0.0003490644355945368,0.2134713913901607,9.971097954239022,10.297278883479994,184.86487932216068,185.82405152883797,30.04057293042404,248.54082341105504,40.38792419222064,0.1596683294272634,0.001015736853580279,0.15987147679797944
463,92.80000000001057,0.0003490644355945368,0.21346539719195393,9.970969861331893,10.297134394289916,184.8622853416506,185.8214410640418,30.04015140816963,248.53733593997822,40.38735747760394,0.16001739386285796,0.0010157368535801403,0.160220541233574
464,93.00000000001067,0.0003490644355945368,0.21345940206962272,9.970841779348685,10.296989880956732,184.85969092771114,185.81883015720885,30.039729815482875,248.53384788617004,40.3867906682933,0.16036645829845247,0.001015736853580279,0.16056960566916853
465,93.20000000001077,0.0003490644355945368,0.2134534060209593,9.970713708305352,10.296845343426037,184.85709607936633,185.81621880736193,30.039308152205184,248.53035924831738,40.38622376407534,0.160715522734047,0.0010157368535804179,0.16091867010476307
466,93.40000000001088,0.0003490644355945368,0.2134474090437562,9.970585648217842,10.29670078164347,184.85450079564094,185.81360701352332,30.038886418178073,248.52687002510802,40.38565676473682,0.16106458716964162,0.0010157368535800015,0.16126773454035762
467,93.60000000001098,0.0003490644355945368,0.21344141113580983,9.970457599102076,10.296556195554691,184.8519050755569,185.81099477471813,30.038464613242613,248.52338021523056,40.38508967006464,0.16141365160523616,0.0010157368535800015,0.16161679897595216
468,93.80000000001108,0.0003490644355945368,0.21343541229491672,9.970329560973973,10.296411585105412,184.84930891814264,185.80838208997054,30.038042737240918,248.51988981737458,40.38452247984585,0.16176271604083065,0.001015736853580279,0.1619658634115467
469,94.00000000001118,0.0003490644355945368,0.2134294125188743,9.970201533849446,10.296266950241387,184.846712322422,185.8057689583047,30.03762079001437,248.5163988302307,40.383955193867685,0.1621117804764252,0.001015736853580279,0.16231492784714124
470,94.20000000001129,0.0003490644355945368,0.2134234118054845,9.970073517744376,10.296122290908388,184.84411528742223,185.80315537874804,30.037198771404885,248.51290725249018,40.383387811917466,0.16246084491201973,0.001015736853580279,0.1626639922827358
471,94.40000000001139,0.0003490644355945368,0.21341741015254956,9.969945512674638,10.295977607052228,184.84151781217133,185.80054135032768,30.036776681254523,248.50941508284504,40.382820333782654,0.1628099093476143,0.0010157368535801403,0.16301305671833033
472,94.60000000001149,0.0003490644355945368,0.21341140755787108,9.969817518656114,10.295832898618789,184.83891989569628,185.7979268720686,30.036354519405165,248.50592231998908,40.38225275925099,0.16315897378320876,0.0010157368535805567,0.16336212115392487
473,94.8000000000116,0.0003490644355945368,0.2134054040192565,9.969689535704648,10.295688165553951,184.83632153702655,185.79531194300088,30.0359322856991,248.50242896261608,40.3816850881102,0.1635080382188034,0.0010157368535801403,0.16371118558951941
474,95.0000000000117,0.0003490644355945368,0.2133993995345122,9.96956156383608,10.295543407803656,184.83372273519095,185.79269656215243,30.03550997997851,248.49893500942122,40.38111732014827,0.16385710265439796,0.0010157368535800015,0.16406025002511396
475,95.2000000000118,0.0003490644355945368,0.2133933941014476,9.969433603066241,10.295398625313874,184.83112348922018,185.79008072855316,30.03508760208588,248.4954404591004,40.38054945515327,0.1642061670899925,0.0010157368535800015,0.1644093144607085
476,95.4000000000119,0.0003490644355945368,0.21338738771787305,9.969305653410945,10.295253818030616,184.82852379814463,185.78746444123303,30.034665151863656,248.4919453103505,40.37998149291345,0.164555231525587,0.001015736853580279,0.16475837889630304
477,95.600000000012,0.0003490644355945368,0.21338138038160176,9.969177714885989,10.295108985899931,184.82592366099513,185.78484769922358,30.03424262915434,248.48844956186937,40.37941343321721,0.16490429596118153,0.001015736853580279,0.16510744333189759
478,95.8000000000121,0.0003490644355945368,0.21337537209044669,9.96904978750717,10.294964128867917,184.82332307680454,185.78223050155512,30.033820033800772,248.48495321235592,40.37884527585312,0.16525336039677613,0.0010157368535800015,0.16545650776749213
479,96.00000000001221,0.0003490644355945368,0.21336936284222494,9.968921871290258,10.29481924688069,184.82072204460593,185.77961284726123,30.03339736564583,248.4814562605097,40.37827702060985,0.16560242483237067,0.0010157368535800015,0.16580557220308667
480,96.20000000001231,0.0003490644355945368,0.2133633526347532,9.968793966251024,10.29467433988443,184.81812056343256,185.7769947353737,30.032974624532415,248.47795870503163,40.37770866727631,0.16595148926796519,0.0010157368535801403,0.1661546366386812
481,96.40000000001241,0.0003490644355945368,0.21335734146585195,9.96866607240521,10.294529407825335,184.81551863231866,185.7743761649275,30.03255181030359,248.47446054462304,40.37714021564146,0.1663005537035597,0.001015736853580279,0.16650370107427576
482,96.60000000001251,0.0003490644355945368,0.21335132933334144,9.968538189768559,10.294384450649655,184.812916250299,185.77175713495586,30.03212892280251,248.47096177798667,40.3765716654945,0.16664961813915424,0.001015736853580279,0.1668527655098703
483,96.80000000001262,0.0003490644355945368,0.2133453162350458,9.96841031835679,10.294239468303669,184.8103134164101,185.7691376444952,30.031705961872607,248.46746240382586,40.37600301662472,0.16699868257474879,0.001015736853580279,0.16720182994546484
484,97.00000000001272,0.0003490644355945368,0.21333930216878927,9.968282458185616,10.294094460733705,184.80771012968643,185.76651769258086,30.031282927356973,248.46396242084515,40.37543426882161,0.1673477470103433,0.0010157368535804179,0.16755089438105938
485,97.20000000001282,0.0003490644355945368,0.21333328713239927,9.968154609270732,10.293949427886124,184.8051063891671,185.76389727825008,30.030859819099472,248.46046182774992,40.37486542187479,0.16769681144593787,0.001015736853580279,0.16789995881665393
486,97.40000000001292,0.0003490644355945368,0.21332727112370384,9.968026771627821,10.29380436970733,184.8025021938883,185.76127640054003,30.030436636943488,248.45696062324646,40.37429647557403,0.16804587588153244,0.0010157368535801403,0.16824902325224847
487,97.60000000001303,0.0003490644355945368,0.2133212541405325,9.967898945272559,10.293659286143772,184.79989754289033,185.75865505848805,30.03001338073306,248.45345880604233,40.37372742970931,0.16839494031712696,0.001015736853580279,0.168598087687843
488,97.80000000001313,0.0003490644355945368,0.2133152361807173,9.967771130220607,10.293514177141935,184.79729243520998,185.756033251133,30.029590050311672,248.44995637484578,40.373158284070726,0.16874400475272153,0.0010157368535801403,0.16894715212343756
489,98.00000000001323,0.0003490644355945368,0.21330921724209384,9.967643326487593,10.293369042648328,184.7946868698901,185.7534109775163,30.02916664552379,248.4464533283658,40.37258903844848,0.16909306918831601,0.0010157368535804179,0.1692962165590321
490,98.20000000001333,0.0003490644355945368,0.21330319732249703,9.967515534089157,10.293223882609526,184.792080845969,185.75078823667735,30.02874316621313,248.44294966531285,40.37201969263303,0.1694421336239106,0.0010157368535801403,0.16964528099462664
491,98.40000000001343,0.0003490644355945368,0.2132971764197633,9.96738775304092,10.293078696972136,184.789474362489,185.7481650276563,30.028319612224074,248.43944538439814,40.371450246414945,0.16979119805950518,0.0010157368535800015,0.16999434543022118
492,98.60000000001354,0.0003490644355945368,0.2132911545317328,9.967259983358483,10.2929334856828,184.78686741849216,185.7455413494957,30.027895983400963,248.43594048433394,40.370880699584966,0.1701402624950997,0.0010157368535801403,0.17034340986581573
493,98.80000000001364,0.0003490644355945368,0.21328513165624677,9.967132225057435,10.292788248688204,184.7842600130217,185.74291720123827,30.02747227958831,248.43243496383332,40.37031105193397,0.17048932693069427,0.0010157368535800015,0.17069247430141027
494,99.00000000001374,0.0003490644355945368,0.21327910779114803,9.967004478153353,10.292642985935075,184.78165214512035,185.74029258192706,30.027048500630556,248.42892882161047,40.36974130325301,0.17083839136628876,0.001015736853580279,0.1710415387370048
495,99.20000000001384,0.0003490644355945368,0.2132730829342829,9.96687674266179,10.292497697370175,184.77904381383308,185.73766749060766,30.02662464637252,248.42542205638043,40.36917145333327,0.17118745580188333,0.0010157368535801403,0.17139060317259935
496,99.40000000001395,0.0003490644355945368,0.21326705708349586,9.96674901859831,10.29235238294032,184.77643501820552,185.73504192632274,30.026200716659115,248.42191466685955,40.36860150196618,0.1715365202374779,0.0010157368535800015,0.1717396676081939
497,99.60000000001405,0.0003490644355945368,0.2132610302366365,9.966621305978443,10.29220704259236,184.77382575728188,185.73241588811877,30.02577671133502,248.4184066517649,40.36803144894325,0.1718855846730724,0.0010157368535801403,0.17208873204378844
498,99.80000000001415,0.0003490644355945368,0.21325500239155495,9.96649360481771,10.292061676273182,184.77121603010988,185.72978937504195,30.02535263024549,248.4148980098146,40.36746129405617,0.17223464910866695,0.0010157368535801403,0.17243779647938298
499,100.00000000001425,0.0003490644355945368,0.21324897354610453,9.966365915131616,10.291916283929721,184.76860583573654,185.7271623861403,30.02492847323566,248.41138873972776,40.3668910370968,0.1725837135442615,0.0010157368535801403,0.17278686091497752
