,time,Pitch_increment,Cp,Lambda_i,Lambda,Tem,Tm,Ia,Ea,w,pitch,dpitch,pitch_ref
0,0.20000000000000004,0.0,0.2227591826993185,9.981532044098296,10.30965150268836,185.07819931103526,193.67624201691444,30.075237463280693,248.8394557973967,40.43645200352897,0.0,0.0,0.0
1,0.4000000000000002,0.0,0.21827489936482927,10.014877759454988,10.34509134240311,185.72042747598837,189.12728407588784,30.179599644447755,249.6948513872346,40.57545392587955,0.0,0.0,0.0
2,0.6000000000000003,0.0,0.2168401073419418,10.025495015666896,10.356376900969055,185.92494251498331,187.6793476381024,30.212833371518162,249.967245876145,40.61971807459164,0.0,0.0,0.0
3,0.8000000000000005,0.0,0.21638239725329478,10.028876778954626,10.359971684726636,185.99008651901136,187.21820563579382,30.22341928275863,250.05401156688754,40.63381751343674,0.0,0.0,0.0
4,1.0000000000000007,0.0,0.21623652050601747,10.029954051879416,10.361116831886225,186.01083865499737,187.0713122062049,30.226791508228583,250.0816514726521,40.638309002614974,0.0,0.0,0.0
5,1.2000000000000008,0.017453109427618352,0.21570152431460876,10.02839759060623,10.359461876617425,185.98158973303003,186.63828565355686,30.222038553655935,250.04170655614843,40.63181794719207,0.011032469284608283,0.032103200715050344,0.017453109427618352
6,1.400000000000001,0.017453101105239947,0.21523615751437025,10.024553268821707,10.355370450454863,185.90843047122118,186.30920358708386,30.210150161723604,249.9429536293922,40.615770580546815,0.025630434895446183,0.04637887818706058,0.0349062105328583
7,1.6000000000000012,0.01745308029929393,0.21485775193309892,10.019473790322376,10.349953807679533,185.81133871639798,186.07898773376888,30.194372735787407,249.81221454086818,40.59452545741654,0.04143499373335159,0.05462148549400317,0.052359290832152225
8,1.8000000000000014,0.017453051170969507,0.21452511023912202,10.013783631623557,10.343866635450103,185.7021359725731,185.90023565184646,30.176627272170403,249.66529118225404,40.57065038776667,0.05780616498107284,0.06003088511024442,0.06981234200312172
9,2.0000000000000013,0.01745301372026668,0.2142133002878311,10.007793172148576,10.337429279296243,185.58661142953815,185.74562776074742,30.157854515154465,249.50991559058804,40.545401828872386,0.0744913061069719,0.06387024808208255,0.08726535572338841
10,2.199999999999997,0.017452965866590838,0.21391016331708212,10.001652512591974,10.330791567278453,185.46747322794474,185.6019517762314,30.13849453803556,249.3497040988789,40.51936743543526,0.09136962496455528,0.06674348312711985,0.10471832158997925
11,2.399999999999993,0.0174529096905366,0.21360997101993023,9.995436534227657,10.324023366126193,185.34598428268686,185.46299177710299,30.118752564689178,249.18634304918518,40.49282123831383,0.1083758298836555,0.06897700698430174,0.12217123128051585
12,2.5999999999999885,0.017452843111509346,0.2133099513242189,9.989185024960616,10.317157317901371,185.222734720706,185.3257570142267,30.098724490839217,249.02062030838277,40.46589126600347,0.12547117945670258,0.07076447467661312,0.1396240743920252
13,2.7999999999999843,0.017452764048914483,0.21300864064384514,9.982920889063108,10.310208252833093,185.09799282523522,185.18870821417627,30.07845391255464,248.85289382709092,40.43863568553796,0.14263138781103823,0.07222725314950731,0.1570768384409397
14,2.99999999999998,0.01745267042215741,0.2127052077514275,9.976658445585121,10.303182073419554,184.97186571090666,185.05101326976663,30.057958235980568,248.6833060712736,40.41107764765961,0.1598400010130386,0.07344753925029243,0.1745295088630971
15,3.1999999999999758,0.017452551828265116,0.2123991127106776,9.97040741924662,10.296080051556247,184.84437673592808,184.91217485948187,30.03724125682957,248.5118877401044,40.38322214098911,0.17708544940341067,0.07448305643975764,0.1919820606913622
16,3.3999999999999715,0.017452408267237606,0.2120899148067425,9.964174835767382,10.288900872253658,184.71550270573502,184.77182721141133,30.01629920598115,248.33860709426858,40.35506400788265,0.19436010227509906,0.07537183341750367,0.2094344689585998
17,3.5999999999999672,0.01745223557788567,0.2117772907529955,9.957965884279243,10.281641624419015,184.58519162704323,184.62973443482826,29.99512363451816,248.1633938700194,40.32659183046999,0.2116582660553587,0.0761421924056338,0.22688670453648546
18,3.799999999999963,0.017452027518425506,0.21146099886695846,9.951784615422072,10.274298616567354,184.453377224751,184.48574494120314,29.973703772725813,247.98615896763238,40.29779113003139,0.22897531242606167,0.07681709814424648,0.24433873205491097
19,3.9999999999999587,0.017451754960532695,0.21114079137209224,9.94563433031678,10.266867811103959,184.31998715843193,184.3397073059536,29.952027865273056,247.8068049334863,40.268646070337596,0.24630820791017685,0.07741139552633405,0.26179048701544366
20,4.199999999999955,0.017451413743018028,0.21081650766517662,9.93951760820845,10.259344968649046,184.18494530431286,184.19154912138274,29.93008354203438,247.62522944356385,40.23914002371915,0.26365406636392236,0.07793917197269656,0.27924190075846167
21,4.399999999999951,0.0174509934629085,0.21048798459064483,9.933436622084518,10.251726003436367,184.04817832119957,184.04119242159624,29.907858885053816,247.4413338815492,40.20925696500871,0.281010854340033,0.07841019940668603,0.2966928942213702
22,4.599999999999946,0.017450450427717475,0.21015509580108788,9.927393076172514,10.244006991787305,183.90961574318868,183.8885879462876,29.885342443610607,247.25502354336314,40.178981504778015,0.2983769317268119,0.07883206461137882,0.31414334464908766
23,4.799999999999942,0.017449655640579657,0.20981775504854716,9.921388280647035,10.236184319650608,183.76919261382622,183.73371548016138,29.862523662270426,247.066211198264,40.14829946801737,0.3157508518745665,0.07921074207550421,0.3315930002896673
24,4.999999999999938,0.01744862366565725,0.20947588518734028,9.915423233077725,10.228254793171924,183.62685154856143,183.57655482646882,29.839393216034452,246.8748197576152,40.1171983278108,0.33313166345073186,0.07954980252296351,0.34904162395532456
25,5.199999999999934,0.017447285843328407,0.2091294593829012,9.909498543142213,10.220215641538324,183.4825426934536,183.41712192091083,29.815943003629215,246.680782343542,40.085667216492794,0.350518446280945,0.07985231758853989,0.36648890979865295
26,5.399999999999929,0.017372983648915194,0.20877897033369977,9.903613998811288,10.212064815564325,183.3362288457366,183.25587550173645,29.792166979599177,246.4840494957692,40.05369809676059,0.36790411715314514,0.0797888814721151,0.38386189344756816
27,5.599999999999925,0.01278038939680337,0.20849073697958223,9.897721347499752,10.203861462840353,183.18890950648742,183.15000290606432,29.768227563031772,246.28604883328165,40.02152295693123,0.38438523867637225,0.06128522083999638,0.39664228284437153
28,5.799999999999921,-0.014332433907020315,0.20915702687707413,9.893463108270023,10.199514909720863,183.11002837175536,183.81360880866754,29.755409365819613,246.18113802106203,40.004474932897516,0.3830733421547639,-0.0038174660870635146,0.3823098489373512
29,5.9999999999999165,-0.016933862714972058,0.20990388966205736,9.893406965297883,10.200794284290472,183.1322956942942,184.44683866532466,29.75902780935062,246.21201771389934,40.00949288800153,0.37188711757116705,-0.032555656743939454,0.36537598622237916
30,6.199999999999912,-0.0161409543540768,0.21044016041076377,9.896272695414757,10.20541197771656,183.21484607902613,184.83439993700833,29.772442260284006,246.32347291865455,40.02760437688574,0.35788362523866474,-0.04324296685181195,0.34923503186830235
31,6.399999999999908,-0.0060468227280253,0.21053576042973215,9.900092259804115,10.210451725655256,183.3054349334738,184.82709428428714,29.78716296385246,246.44511506476337,40.0473712453953,0.34859435060239596,-0.027030707310594648,0.34318820914027703
32,6.599999999999904,0.012591531744219321,0.2099725280296693,9.902025857828738,10.212020037648971,183.33422181406502,184.30432967568814,29.791840836626402,246.4829687112164,40.053522469095135,0.35313638352288806,0.013216786808041558,0.3557797408844964
33,6.7999999999998995,0.01443566468877451,0.20940824719751575,9.900921650446334,10.209664963144832,183.2924133303225,183.8514290689859,29.78504695122436,246.42612532928254,40.044285410293824,0.36393238448554893,0.0314151054386097,0.3702154055732709
34,6.999999999999895,0.0076782762521051436,0.20918678144635006,9.898257809661416,10.205829223585795,183.22361676943635,183.72601696683816,29.773867498900906,246.33354379592978,40.029240896079486,0.3727576075619129,0.025680371317315653,0.377893681825376
35,7.199999999999891,-0.008417386678386197,0.2095714863303078,9.896437765091424,10.204143921593996,183.1929045699595,184.09429797332302,29.768876761495182,246.29286641412074,40.022630814925435,0.37068342252451447,-0.0060356368876232636,0.3694762951469898
36,7.399999999999887,-0.01216841994543838,0.21005342593463017,9.897004980851587,10.20570757711278,183.22055519557077,184.48937848420252,29.773369992650245,246.33060766931706,40.0287637750278,0.36222846407614206,-0.02460294437295313,0.35730787520155144
37,7.599999999999882,-0.006196113713070259,0.21024089201109403,9.899045575113028,10.208640809276263,183.2731465546202,184.6009731102894,29.781916097041883,246.40140578456842,40.04026848026085,0.3552013678241461,-0.02044803167832454,0.35111176148848117
38,7.799999999999878,0.0065849009024109,0.2099455605713977,9.9004510734314,10.209958724973829,183.29715803484123,184.31786372540193,29.78581796647967,246.43321572740535,40.045437601140975,0.3567786948201089,0.0045898378539158124,0.35769666239089204
39,7.999999999999874,0.010098066030443172,0.20955067737688535,9.899966954500385,10.208675188469169,183.2744599021526,183.99431394237266,29.78212951622932,246.40223557979974,40.04040332212078,0.3637421561361435,0.0202628614259584,0.3677947284213352
40,8.19999999999987,0.004391864726730908,0.2094175235791026,9.898349670261611,10.206354207429488,183.23283081636654,183.9192140351433,29.775364783024347,246.34621509659726,40.03129998449704,0.3690800583790769,0.015532673844945999,0.3721865931480661
41,8.399999999999865,-0.0058204977278552,0.2096740698403168,9.897297373050446,10.205436802313178,183.21606504829285,184.1610771187175,29.772640342987934,246.3240720988607,40.02770174376661,0.36736450659689,-0.004992055883395463,0.3663660954202109
42,8.599999999999861,-0.008330277383902686,0.20999578954273668,9.897799362236963,10.206633787222113,183.237279382417,184.42201953100198,29.77608767573044,246.35296318923943,40.03239655064796,0.361467650770877,-0.017159163672843813,0.35803581803630824
43,8.799999999999857,-0.002663200621376669,0.2100679284766402,9.8991436507914,10.208482555099637,183.27047307485142,184.45196270740266,29.781481656145015,246.3975860741564,40.039647776698196,0.35761485487986394,-0.011211187324661753,0.3553726174149316
44,8.999999999999853,0.005407665106703584,0.20983697000328766,9.899869095808567,10.209031321472104,183.28057985909493,184.2392636698271,29.78312401022694,246.41083140310366,40.04180014480449,0.35961578676969835,0.005822478759684169,0.3607802825216352
45,9.199999999999848,0.006733653013454037,0.20958131658404347,9.899320241214305,10.207892552611375,183.26034647609242,184.03532530356782,29.779836082201104,246.3833454474912,40.03733367255099,0.36460836898095483,0.014527832770671878,0.3675139355350892
46,9.399999999999844,0.0012132404852884262,0.209558929869695,9.898218409989823,10.206429697773867,183.2340468234434,184.04204169461644,29.775562384371938,246.34803717333847,40.031596072263575,0.3672119515884043,0.007576122159866638,0.36872717602037763
47,9.59999999999984,-0.005050473826983211,0.2097704626373628,9.897749580504396,10.206187299445544,183.2294722545482,184.23219266583533,29.7748190161831,246.34218651310127,40.0306453390243,0.36497724776524726,-0.006502727859264146,0.36367670219339443
48,9.799999999999836,-0.005287850945677141,0.20996718404235695,9.898328634924878,10.207267181803651,183.24870535490894,184.38545523877087,29.7779443981171,246.36825115148855,40.03488084699774,0.36081258687683,-0.012118678145563444,0.3583888512477173
49,9.999999999999831,-4.9087468436124586e-05,0.2099484564941575,9.899227159755412,10.208391714990496,183.26895875840512,184.34869972475897,29.781235579476412,246.3953935069957,40.039291484178285,0.35924946455853374,-0.004548503896262823,0.3583397637792812
50,10.199999999999827,0.004635804040798361,0.20975909557093997,9.899474028552484,10.208392356078338,183.26916086150746,184.18241668099907,29.781268421263384,246.39540898064672,40.03929399864909,0.36160481103445924,0.006853783928101598,0.36297556782007956
51,10.399999999999823,0.003972287858178126,0.2096145959672658,9.898893609860242,10.207398415380856,183.25142160716644,184.07345875498723,29.778385789550335,246.37141867775514,40.03539557053078,0.36498225940052037,0.009827981388686458,0.36694785567825766
52,10.599999999999818,-0.0007986726482390563,0.20966211885940103,9.898185257725322,10.206564573050764,183.23636986680287,184.13023267156697,29.775939879295347,246.3512925976848,40.03212507924886,0.36571989581730396,0.0021464360635731206,0.3661491830300186
53,10.799999999999814,-0.00414971368372355,0.20982876756574972,9.898103514600074,10.20674352126858,183.2394220725831,184.27335670586658,29.776435863230617,246.3556117909306,40.03282694885317,0.36336813775738497,-0.006843342055449786,0.361999469346295
54,10.99999999999981,-0.0028092906116270275,0.20992732164002387,9.89866351225056,10.207631370118396,183.25529859155728,184.3438722804531,29.77901580014386,246.3770414022575,40.03630926417611,0.3607271639652,-0.007684926152660143,0.35919017873466796
55,11.199999999999806,0.0013755018970799102,0.20986093936204384,9.899201581862416,10.2082126326102,183.26582447320388,184.27508654147246,29.78072625762189,246.39107107553,40.03858908836271,0.3606250870302174,-0.00029703199234759614,0.3605656806317479
56,11.399999999999801,0.0035941564340897045,0.209719503817854,9.899154766880695,10.207914038897265,183.26059400169552,184.15628118827772,29.77987630515183,246.38386405238163,40.03741794592996,0.362859475198038,0.00650180933899791,0.3641598370658376
57,11.599999999999797,0.0018177697303580068,0.2096589210358528,9.898641432355863,10.20714848861404,183.24687988624743,184.11689097594967,29.777647759162967,246.36538630695892,40.034415309296136,0.3648305102863532,0.005735482549212023,0.3659776067961956
58,11.799999999999793,-0.0017100219777236839,0.20973527356842916,9.898252936167683,10.206777213823798,183.24012243243644,184.1906414902095,29.776549671820593,246.35642501309454,40.03295909758696,0.3644746735250197,-0.0010354435327389333,0.36426758481847193
59,11.999999999999789,-0.003007090659808858,0.20985153489975555,9.898386192179798,10.207146587911767,183.24665182960086,184.28607366730552,29.777610699920842,246.3653404305567,40.03440785437332,0.36244292466779676,-0.005912152545668459,0.36126049415866307
60,12.199999999999784,-0.0010029371038481338,0.2098810569549518,9.898841198239944,10.207782474419293,183.25806408302103,184.3005175720582,29.77946519295611,246.38068853931094,40.036901924539954,0.36106150887104216,-0.0040197590811361095,0.36025755705481494
61,12.39999999999978,0.0018522701500421426,0.2098020631059186,9.89909987671893,10.207982749759111,183.26174727757592,184.2275370623595,29.7800637126698,246.38552249577955,40.03768744325162,0.36172417244203914,0.001928273814089665,0.36210982720485707
62,12.599999999999776,0.002415033539078715,0.20971054622503427,9.898911668360023,10.207585298018694,183.25468774814263,184.15434605896706,29.778916537989716,246.3759293805549,40.03612856046873,0.36349454509652684,0.005151578237044818,0.3645248607439358
63,12.799999999999772,0.0003678595285402029,0.20970448349576915,9.898526274835614,10.20707758919042,183.24555828719963,184.15818189005574,29.77743299910294,246.36367503922258,40.0341372280109,0.3643783603700822,0.002571799511968953,0.364892720272476
64,12.999999999999767,-0.0018453448909106357,0.20978097795201778,9.898372916711287,10.207009894393861,183.2442632191801,184.22657957163742,29.77722255033932,246.3620411201389,40.03387171589429,0.36353701739535416,-0.002448210068944079,0.36304737538156534
65,13.199999999999763,-0.0018525312646646465,0.20984955441149544,9.898588800711932,10.207404355149226,183.25129201553636,184.27968072876558,29.778364730889393,246.3715620432926,40.03541886745392,0.36205648151371467,-0.004308186984069984,0.36119484411690067
66,13.399999999999759,0.00010440007592030939,0.20983847834124797,9.898903203909473,10.207790732993569,183.25825553585682,184.2629794103192,29.77949630407304,246.3808878728314,40.036934316269424,0.36157781623526875,-0.0013928602122387224,0.361299244192821
67,13.599999999999755,0.0017299478322234407,0.20976850105945766,9.898971567334021,10.207760763598557,183.25778669877462,184.2020718931255,29.779420117970997,246.3801645149232,40.03681677049179,0.3624952607105658,0.002669656572393264,0.36302919202504447
68,13.79999999999975,0.0013414279992891075,0.20972026695699775,9.898749591518344,10.207392702857367,183.25121246424544,184.1663570047801,29.77835180379169,246.3712807971259,40.035373164906126,0.363680713887981,0.0034495306817627913,0.36437062002433357
69,13.999999999999746,-0.0004293254945586919,0.20974264842816517,9.898504820073006,10.207114917957295,183.2461915594947,184.19102393857202,29.777535905953794,246.36457602700398,40.03428363867179,0.36384543226889055,0.0004793113044215813,0.36394129452977486
70,14.199999999999742,-0.0015441268074604627,0.20980392202959192,9.89849949539277,10.20721208615439,183.24787830786502,184.24307903318044,29.77781000283807,246.36692133239862,40.03466475117953,0.3629299544743834,-0.0026639337603451274,0.3623971677223144
71,14.399999999999737,-0.0008977807317901341,0.2098347474511206,9.89871272931167,10.207539060149532,183.2537307613509,184.26424627865234,29.778761027480552,246.37481335774882,40.03594720658139,0.36202566335705055,-0.0026313818326315075,0.36149938699052425
72,14.599999999999733,0.0006318661775403236,0.20980577437354256,9.898893394853456,10.207722973517537,183.2570692038419,184.2354844202849,29.779303524927833,246.37925239260818,40.03666855046738,0.3620924088473948,0.00019422160334875427,0.36213125316806455
73,14.799999999999729,0.001317405454018752,0.20975450140721028,9.898853425905592,10.207584749182354,183.25463363572584,184.19295458325695,29.778907744713194,246.37591613353715,40.036126407826195,0.36294972221287625,0.0024946820460353125,0.3634486586220833
74,14.999999999999725,0.0005296673707085329,0.20973777686629655,9.898660100418432,10.207307000487463,183.24965273886914,184.1832797964384,29.778098348164583,246.36921223728353,40.0350370235956,0.36359992380904527,0.001892010918732867,0.36397832599279184
75,15.19999999999972,-0.000734521674887171,0.2097695961840859,9.898535562133386,10.207200385168804,183.24770231047367,184.21314634777875,29.777781403233377,246.36663891093315,40.0346188576455,0.36337481335729727,-0.0006550451969630777,0.36324380431790465
76,15.399999999999716,-0.0010761521875819959,0.20981068282874277,9.898604590140014,10.20735903281597,183.25051561985703,184.24636367398594,29.778238566465333,246.37046811836802,40.03524110447591,0.36261174192791096,-0.002220448987941548,0.36216765213032265
77,15.599999999999712,-0.0002371794622067757,0.20981637943175965,9.898772224259123,10.207584727353456,183.25457096948787,184.24729229107697,29.77889756143934,246.3759156066628,40.03612632220903,0.36218109762269945,-0.0012531247729177797,0.3619304726681159
78,15.799999999999708,0.0007606341774348581,0.20978458786081924,9.898849229305073,10.207630263629587,183.25542233071172,184.21855316844665,29.779035907776564,246.37701469543111,40.03630492431248,0.36250348493765383,0.000938109539484755,0.3626911068455508
79,15.999999999999703,0.000838685603320196,0.2097532570348174,9.89876404728191,10.207467373326441,183.2525228612588,184.19397988082778,29.7785647435193,246.37308308490293,40.035666036962766,0.36315223501517,0.0018877871685046843,0.36352979244887096
80,16.199999999999733,1.7092084652344486e-05,0.2097556264530957,9.898625242571832,10.207292352918389,183.24937121074768,184.19921891302496,29.7780525997991,246.36885869544787,40.034979572989855,0.36340170108925124,0.0007259172213602838,0.3635468845335233
81,16.399999999999764,-0.0007312332951193035,0.20978543398407662,9.898586216598371,10.207292586570036,183.24934541620271,184.22539050836787,29.778048408181352,246.3688643349934,40.03498048941692,0.3630312469300347,-0.00107797845815355,0.362815651238404
82,16.599999999999795,-0.0006189644104156507,0.20980792811157248,9.898677423265934,10.207448262665503,183.2521239685588,184.2423340100521,29.77849992339073,246.3726218194114,40.035591081245435,0.3625037043319566,-0.0015350875198413827,0.36219668682798833
83,16.799999999999827,0.00013876733754994132,0.2098000225009069,9.898787329723296,10.207576566626354,183.254440589184,184.23307597317586,29.778876374618772,246.37571863483592,40.03609431425515,0.36239734994273803,-0.00030947888599891504,0.36233545416553825
84,16.999999999999858,0.0006643047279742498,0.209773517623504,9.898797024081233,10.20754423068368,183.25388541989128,184.21038461910476,29.778786159518493,246.3749381566233,40.03596748641878,0.3627781450253424,0.0011080693408505038,0.3629997588935125
85,17.19999999999989,0.00042544622592396325,0.20975864126021176,9.898707446154983,10.207403503694263,183.2513681911143,184.19986058247946,29.778377109433183,246.37154149210426,40.03541552788247,0.36318716501361414,0.0011902005291114515,0.36342520511943643
86,17.39999999999992,-0.00023925381502459516,0.2097699260363779,9.898624807903335,10.207316060956432,183.2497834149576,184.21134839018092,29.778119583050195,246.36943092577818,40.035072560511516,0.36318639780307493,-2.232493315490469e-06,0.36318595130441184
87,17.59999999999995,-0.0005753593087548064,0.20979245231776295,9.898636193958877,10.20736892267819,183.25071192269203,184.2301759543473,29.778270465707923,246.37070682555728,40.03527989443295,0.3628224191143157,-0.0010591355932931812,0.36261059199565704
88,17.799999999999983,-0.0002625138223734552,0.20980102188128752,9.898719045076943,10.207490237444944,183.2528862010885,184.2355117122724,29.77862378630067,246.37363494592404,40.03575571446837,0.36252257845359726,-0.0008725014015684152,0.36234807817328357
89,18.000000000000014,0.0002946184373738206,0.2097880841368063,9.898777274853433,10.207543420221173,183.25385617704075,184.22319067494337,29.77878140755053,246.37491859485155,40.03596430762769,0.36259850761016305,0.00022094500247177296,0.3626426966106574
90,18.200000000000045,0.00047636669820411886,0.2097697888664387,9.898751753640697,10.207479542747366,183.25272519664136,184.20827762781943,29.778597623051844,246.37337681278302,40.03571376779101,0.3629275615693236,0.0009575086976895686,0.3631190633088615
91,18.400000000000077,0.00013157680260672736,0.20976617737849668,9.898678954521257,10.207379538464565,183.25092938339415,184.20691092205857,29.778305803107354,246.37096305405382,40.03532153160528,0.36313178615792824,0.0005942697676999953,0.36325064011146824
92,18.600000000000108,-0.0003147991647122765,0.20977946076265705,9.898641504460997,10.207353761122834,183.25045218491368,184.21904099286854,29.778228258276734,246.37034087786415,40.035220427873355,0.36300792516154307,-0.00036042107393552403,0.36293584094675596
93,18.80000000000014,-0.0003766750078672855,0.20979362825224762,9.898675306174987,10.207421342080414,183.251653958786,184.23026250169912,29.77842354672627,246.37197204926724,40.03548549349142,0.3627242552309412,-0.0008254464602627798,0.36255916593888865
94,19.00000000000017,-3.122556378117907e-05,0.20979352116499317,9.89873647412942,10.207500019366462,183.25306976285947,184.2287484552312,29.77865361511828,246.37387104779677,40.035794081061056,0.36260016057456607,-0.0003611009972928625,0.3625279403751075
95,19.200000000000202,0.0003089142028815819,0.2097808464450567,9.898756913503751,10.207504922134817,183.25317073763446,184.21752975484873,29.778670023535625,246.37398938372783,40.035813310669084,0.3627497797202802,0.00043537428854434346,0.3628368545779891
96,19.400000000000233,0.00028273408100934196,0.20977047676737043,9.898719455171031,10.207439058420995,183.25199604118936,184.209612306254,29.778479135172407,246.3723996606708,40.035554980413984,0.36298354355328105,0.0006802255285867642,0.3631195886589984
97,19.600000000000264,-4.1104226949691744e-05,0.209773180889791,9.898670363355583,10.207380333202062,183.25093663529117,184.21304673761955,29.7783069815418,246.37098223627797,40.03532464871982,0.36304355763462287,0.00017463398712919131,0.3630784844320487
98,19.800000000000296,-0.0002851850214500555,0.20978462848651416,9.898663122010499,10.207390393434325,183.2511061352429,184.22291791721872,29.778334525311497,246.37122505561294,40.03536410690121,0.36288536426620227,-0.00046032427801795395,0.3627932994105987
99,20.000000000000327,-0.00019886739321246387,0.2097916728550601,9.898700782081933,10.207450877781614,183.2521873835638,184.22801229649713,29.77851022833935,246.37268493930154,40.03560133823784,0.3627014600105006,-0.0005351399655717515,0.3625944320173862
100,20.200000000000358,8.929912030171946e-05,0.2097873155300508,9.898738288707376,10.207491858968302,183.25292917235512,184.2234462969249,29.778630769138477,246.37367408390944,40.03576207439736,0.36269025322551096,-3.261043911517714e-05,0.3626837311376879
101,20.40000000000039,0.000250389157332489,0.2097774601433323,9.898735782198623,10.20747194260366,183.25258072151766,184.21515128113447,29.778574145820766,246.3731933715073,40.035683958553896,0.3628444066137681,0.000448568406261618,0.3629341202950204
102,20.60000000000042,0.00012732406724100706,0.20977319651887774,9.898700393662402,10.207419086529509,183.2516339356398,184.21236108193588,29.778420292961762,246.371917608042,40.03547664678347,0.3629816006366317,0.0003992186281487342,0.36306144436226145
103,20.800000000000452,-0.00011739546980205542,0.20977843573194527,9.898673402522716,10.207393158426624,183.25116212014112,184.2174298325871,29.778343622866554,246.3712917929977,40.03537495173708,0.3629578634071206,-6.907257330601713e-05,0.3629440488924594
104,21.000000000000483,-0.0002100214608717723,0.20978654762566235,9.898682573018355,10.207418724143029,183.25161397835944,184.2240918985486,29.77841704990046,246.3719088612813,40.03547522543344,0.3628163720851816,-0.0004117232679698435,0.3627340274315876
105,21.200000000000514,-6.904661244950751e-05,0.20978858784770318,9.8987141272702,10.207462861912143,183.25240612728567,184.22508691452657,29.778545774229695,246.37297419491003,40.035648342321224,0.3627206745534891,-0.00027846867175496115,0.3626649808191381
106,21.400000000000546,0.00012963976903261504,0.20978306429117732,9.898732016753248,10.207476576808416,183.25265846804655,184.2199889027439,29.778586779644346,246.37330522523865,40.035702134803415,0.3627674173622548,0.00013601612957964138,0.36279462058817075
107,21.600000000000577,0.00016833882862282896,0.20977669225510784,9.898718749153199,10.207448678952135,183.2521628949527,184.21489680407936,29.778506248936065,246.372631867136,40.03559271400231,0.3628910235150435,0.0003596795087504323,0.3629629594167936
108,21.80000000000061,2.3764551539753953e-05,0.2097763405842424,9.898691902342094,10.207413464360592,183.2515296077725,184.21522350771005,29.778403339666376,246.37178190826074,40.035454595546966,0.3629515177390569,0.00017603114638220507,0.3629867239683333
109,22.00000000000064,-0.00012995810000666357,0.20978171243970534,9.898681527895993,10.20740918747983,183.2514472445648,184.22001799364213,29.778389955631734,246.37167867909906,40.03543782079142,0.36289162313358125,-0.00017428632627297658,0.36285676586832666
110,22.20000000000067,-0.00012838933167703877,0.20978645854917172,9.898696823014253,10.207436946744178,183.25194196020217,184.2236847941658,29.7784703470032,246.37234869207015,40.0355466980081,0.36278843160350266,-0.0003002753342651321,0.36272837653664963
111,22.400000000000702,9.502075545618657e-06,0.2097856030971783,9.898718664293403,10.2074636591422,183.25242347626377,184.22245147842287,29.778548593441457,246.372993437296,40.03565146921207,0.36275647601838723,-9.298703095989014e-05,0.36273787861219525
112,22.600000000000733,0.00012192700484439337,0.20978067985946325,9.898723100280307,10.207461043048298,183.25238135777414,184.2181753691237,29.77854174918005,246.3729302938054,40.03564120838459,0.36282179278203047,0.00019006417504574546,0.3628598056170396
113,22.800000000000765,9.219946917638388e-05,0.20977737585625345,9.898707356728703,10.207435146791735,183.25191871322238,184.21574132421563,29.778466569365207,246.37230524742156,40.035539638245645,0.36290410265651807,0.0002395121484896623,0.362952005086216
114,23.000000000000796,-3.225337751438153e-05,0.20977902412593846,9.898690418684152,10.207416097821511,183.25157429277508,184.21753253432442,29.77841060098655,246.37184547093128,40.03546492449126,0.3629139947441293,2.878482286167161e-05,0.3629197517087016
115,23.200000000000827,-0.00010854358006944438,0.20978332027950197,9.89869042851636,10.207423387583075,183.25170113896053,184.22117363927168,29.7784312135123,246.37202142065178,40.03549351634943,0.3628490212113014,-0.0001890654133462899,0.36281120812863216
116,23.40000000000086,-6.093853528697719e-05,0.20978540168584325,9.898705489611077,10.207446331622348,183.25211189260642,184.22258733396785,29.778497961046504,246.37257521068486,40.0355835073198,0.3627865982833741,-0.0001816434501447639,0.36275026959334516
117,23.60000000000089,4.616631361544392e-05,0.2097833019018061,9.898717910450607,10.207458791249977,183.25233820074865,184.22051854613116,29.77853473615639,246.3728759431546,40.035632376395,0.3627928168474931,1.8095297337483718e-05,0.3627964359069606
118,23.80000000000092,9.225356463602611e-05,0.2097797191705971,9.89871477887666,10.207448686462817,183.2521599838082,184.21755474707427,29.77850577587461,246.37263204841798,40.03559274346067,0.36285341990421727,0.00017634783689685074,0.36288868947159664
119,24.000000000000952,3.5132920443029706e-05,0.20977862749381443,9.898701156304975,10.20742927181542,183.25181174095752,184.21694647581478,29.778449186354784,246.372163445741,40.03551659544951,0.36289792276416216,0.00012949813938761823,0.3629238223920397
120,24.200000000000983,-5.3005228070983335e-05,0.20978091114635572,9.898692693933654,10.207422228269614,183.25168270317107,184.2190789823412,29.77842821769352,246.37199343882034,40.035488969297276,0.3628807887570207,-4.985796525996955e-05,0.3628708171639687
121,24.400000000001015,-7.495758171272243e-05,0.20978376563185155,9.898697816750119,10.207433668201706,183.25188567722157,184.22137918294212,29.778461201009705,246.37226955935412,40.035533838928885,0.3628271032796078,-0.0001562184867592853,0.36279585958225596
122,24.600000000001046,-1.4768060482330026e-05,0.20978409234810286,9.89870956491323,10.207449369228556,183.25216786812868,184.22138271998134,29.778507057077967,246.3726485280298,40.03559542140027,0.3627980183015332,-8.463389879781458e-05,0.3627810915217736
123,24.800000000001077,5.442211299468956e-05,0.20978182546153487,9.8987147084534,10.207452162681733,183.25222041410856,184.21934164418334,29.778515595808237,246.37271595236206,40.035606377865214,0.3628217198725311,6.896881118600984e-05,0.3628355136347683
124,25.00000000000111,5.80485893853209e-05,0.20977966378818727,9.898708514122646,10.207440514712935,183.2520129994553,184.21765359177857,29.778481890893378,246.3724348105392,40.035560692273314,0.3628671328999859,0.00013214662083843587,0.3628935622241536
125,25.20000000000114,-4.618920015606179e-07,0.20977989450063195,9.89869883034259,10.207428418805588,183.25179511702945,184.21807449156663,29.778446484963773,246.3721428570235,40.03551324977957,0.36288354744771795,4.7764422170526455e-05,0.36289310033215205
126,25.40000000000117,-5.197117255397601e-05,0.20978200610732536,9.898696343178576,10.207428788337007,183.25179964114525,184.21992212840914,29.778447220133323,246.37215177623838,40.03551469915344,0.36285673397572726,-7.802408064583322e-05,0.3628411291595981
127,25.600000000001202,-4.246285522455248e-05,0.2097835430943247,9.898702896232555,10.20743984077807,183.25199696872878,184.22107236083053,29.778479285897713,246.3724185440742,40.03555804897011,0.3628200282068616,-0.00010680951244040893,0.3627986663043735
128,25.800000000001234,1.1120778145682444e-05,0.20978293576357604,9.898710513707924,10.207448634182864,183.25215580591745,184.22038033397547,29.778505096966683,246.3726307865601,40.03559253840856,0.3628135545816193,-1.883749550041225e-05,0.3628097870825192
129,26.000000000001265,4.6919488861231954e-05,0.20978106849940825,9.898710977746056,10.207446070436443,183.25211155382559,184.21878686961668,29.778497905994563,246.37256890655723,40.035582482898036,0.3628408318415015,7.937364939453184e-05,0.3628567065713804
130,26.200000000001296,2.8847444151522374e-05,0.20978006683795572,9.898704591295905,10.207436139145118,183.25193386113133,184.21808649700634,29.778469030902876,246.37232919941218,40.03554353044801,0.3628691016471415,8.226184195242459e-05,0.36288555401553196
131,26.400000000001327,-1.7905597141579628e-05,0.20978090017621245,9.898698908037161,10.20743022241705,183.25182655857628,184.2189250741655,29.77845159422024,246.3721863899882,40.03552032389341,0.36286818303137125,-2.673064904423761e-06,0.36286764841839036
132,26.60000000000136,-4.037809943372483e-05,0.20978247689941043,9.898699892540675,10.207434162274872,183.25189586441252,184.22023856712826,29.77846285642989,246.37228148457757,40.03553577677963,0.3628423212647367,-7.525472890040907e-05,0.3628272703189566
133,26.80000000000139,-1.7439543950815763e-05,0.20978303851157387,9.898705754082435,10.207442671198171,183.25204840629783,184.22057817981212,29.778487644511046,246.3724868606606,40.0355691504265,0.3628217833582114,-5.976291602816097e-05,0.3628098307750058
134,27.00000000000142,2.1502945207788224e-05,0.2097821005061775,9.898709716926666,10.20744619242219,183.2521127101881,184.21969092255844,29.77849809390366,246.3725718508728,40.03558296134979,0.36282782033837735,1.7566909181199186e-05,0.3628313337202136
135,27.200000000001452,3.3231256977144995e-05,0.20978082767270603,9.898707778868872,10.207441537906625,183.25203023917018,184.21865718890604,29.77848469234985,246.37245950690848,40.03556470543734,0.3628510473799977,6.758798596517845e-05,0.3628645649771907
136,27.400000000001484,8.328620190302492e-06,0.20978061038263138,9.898702658213606,10.207434567187274,183.25190502875458,184.21859217993185,29.778464345636966,246.37229125776747,40.03553736492458,0.3628648568231382,4.018387121412781e-05,0.362872893597381
137,27.600000000001515,-2.2693045319917382e-05,0.20978156333349,9.898700155820363,10.207432954536571,183.2518750521383,184.2194581170262,29.778459474431948,246.37225233393735,40.03553103979586,0.36285559229287456,-2.6958704067436834e-05,0.3628502005520611
138,27.800000000001546,-2.608649511516679e-05,0.2097825414044819,9.898702642454264,10.207437817265726,183.25196156633857,184.22022924817543,29.77847353300355,246.37236970346015,40.03555011236239,0.36283569425278867,-5.7900979213709736e-05,0.3628241140569459
139,28.000000000001577,-1.3939983830883513e-06,0.20978250272265495,9.89870691739832,10.207443263857026,183.2520596096493,184.2200969817024,29.77848946505748,246.3725011654028,40.035571474949435,0.3628274929978843,-2.3864696607478475e-05,0.3628227200585628
140,28.20000000000161,2.2050141588015442e-05,0.2097816010763787,9.89870823627839,10.207443437505779,183.2520636416515,184.2193020688437,29.77849012025849,246.37250535668525,40.03557215603351,0.36283841427263586,3.177963757483582e-05,0.3628447702001508
141,28.40000000000164,1.9436914768375193e-05,0.20978089127120655,9.898705524832693,10.207438739220517,183.25197981642134,184.21876354709232,29.778476498644967,246.37239195627134,40.03555372844782,0.36285471845851364,4.744328202771486e-05,0.3628642071149192
142,28.60000000000167,-3.5578167687777324e-06,0.2097811069090189,9.89870211444566,10.20743470700472,183.251907044885,184.21902568062526,29.778464673258487,246.3722946324787,40.03553791331571,0.3628584674641791,1.090916985663215e-05,0.36286064929815043
143,28.800000000001702,-2.0204654176374595e-05,0.20978191553030945,9.898701709199063,10.207435553977586,183.2519214712702,184.21972048460566,29.778467017548426,246.3723150754847,40.0355412353075,0.36284707486899953,-3.3151125127250936e-05,0.3628404446439741
144,29.000000000001734,-1.3523864910558632e-05,0.2097823916063899,9.898704405734158,10.207439837157569,183.25199806244245,184.22006124894128,29.778479463626365,246.37241845668777,40.0355580347698,0.36283433505440654,-3.707137671504768e-05,0.36282692077906353
145,29.200000000001765,6.786899590498809e-06,0.20978206615501682,9.89870699278875,10.207442621757917,183.2520484952672,184.21972519901942,29.77848765896858,246.37248566734326,40.035568956512236,0.36283393847729517,-1.153993205715853e-06,0.362833707678654
146,29.400000000001796,1.763720043797008e-05,0.20978137383986808,9.898706732043948,10.207441113100051,183.25202204566207,184.21914447132974,29.77848336090345,246.37244925354187,40.03556303926359,0.362844941421726,3.201728682983296e-05,0.362851344879092
147,29.600000000001828,8.542921434269806e-06,0.2097810910544897,9.898704215320027,10.20743738906885,183.25195532112122,184.21896335336217,29.778472518154718,246.3723593682633,40.03554843289122,0.36285438933504555,2.749232740351104e-05,0.36285988780052625
148,29.80000000000186,-8.655273542757524e-06,0.20978147406987888,9.898702368690298,10.207435656676012,183.25192376348227,184.2193309632376,29.77846739003326,246.37231755427075,40.03554163811064,0.3628523938517693,-5.806623929183186e-06,0.3628512325269835
149,30.00000000000189,-1.472228740109429e-05,0.20978204111933757,9.898703082560367,10.20743753749737,183.25195703575562,184.21979497266244,29.778472796783085,246.3723629508162,40.03554901505665,0.36284235349395755,-2.9216271875687205e-05,0.3628365102395824
150,30.20000000000192,-4.446230663671353e-06,0.2097821682612355,9.898705311945147,10.207440627393652,183.2520125064939,184.2198508568929,29.77848181078707,246.37243753026334,40.03556113422893,0.36283584929892476,-1.892645002998794e-05,0.36283206400891876
151,30.400000000001953,9.377239869521193e-06,0.20978177050880714,9.898706518024303,10.207441508918356,183.25202876869386,184.21948566190326,29.77848445339721,246.37245880723157,40.03556459173972,0.3628393840853974,1.0285816954558324e-05,0.3628414412487883
152,30.600000000001984,1.1728311769356771e-05,0.20978132799170385,9.89870553337342,10.207439489871492,183.2519928838999,184.21913350511647,29.778478622112356,246.37241007439874,40.03555667264647,0.36284809816765934,2.535696449174063e-05,0.3628531695605577
153,30.800000000002015,1.3294999504379946e-06,0.20978131673665598,9.898703647488777,10.207437039119036,183.2519487971004,184.21916785156625,29.778471458000276,246.37235092168083,40.0355470603202,0.36285214430362384,1.177378442157595e-05,0.36285449906050815
154,31.000000000002046,-9.308580247667588e-06,0.20978170021264375,9.898702965292571,10.207436808942111,183.2519442694317,184.21950875460072,29.778470722253378,246.37234536600315,40.03554615752167,0.3628477486489134,-1.2790843264554042e-05,0.3628451904802605
155,31.200000000002078,-8.873735975928087e-06,0.20978202704535354,9.89870407707101,10.207438795991518,183.25197969489616,184.21975990081359,29.778476478897105,246.37239332652763,40.03555395111469,0.3628405223069709,-2.1027813431606646e-05,0.36283631674428457
156,31.40000000000211,9.383481653326066e-07,0.20978195639438518,9.898705601671907,10.207440642170386,183.2520129856058,184.21966453969767,29.778481888642833,246.37243788692277,40.035561192186144,0.362838457033502,-6.009705260379139e-06,0.3628372550924499
157,31.60000000000214,8.678160083375393e-06,0.2097816070216775,9.898705872326078,10.207440399478775,183.25200897029188,184.2193621186453,29.778481236153667,246.3724320291837,40.035560240302594,0.3628431829052539,1.3751736396838687e-05,0.3628459332525333
158,31.80000000000217,6.289637480710575e-06,0.20978138271622765,9.898704742000088,10.20743856214427,183.25197613557313,184.2191983045649,29.778475900506535,246.372387682261,40.03555303392045,0.36284889726547226,1.662812270875058e-05,0.362852222890014
159,32.0000000000022,-2.5008747111525345e-06,0.20978150737744683,9.89870357130111,10.207437263753368,183.25195264724593,184.21933120840671,29.778472083649547,246.3723563435794,40.0355479413796,0.36284941860679604,1.5170425340937932e-06,0.36284972201530286
160,32.20000000000216,-7.642023971766438e-06,0.2097818090986603,9.898703608859648,10.20743782317238,183.25196240961498,184.21958606829767,29.778473670036107,246.3723698460264,40.03555013552943,0.3628447797170873,-1.3498628780861388e-05,0.3628420799913311
161,32.40000000000212,-4.080046013785458e-06,0.20978194720055773,9.898704678160025,10.207439435819595,183.25199128813315,184.21967823787537,29.7784783628,246.37240876977228,40.03555646064446,0.3628404940839674,-1.2470693250277165e-05,0.36283799994531735
162,32.60000000000208,3.397610984452653e-06,0.20978179399927635,9.89870552726896,10.207440271214434,183.25200647416793,184.21952862756643,29.77848083053312,246.37242893332456,40.03555973722498,0.36284106518740433,1.6618444872995575e-06,0.3628413975563018
163,32.80000000000204,6.462326832645402e-06,0.20978154377695843,9.89870527816186,10.207439526248477,183.25199332128975,184.2193223400728,29.77847869318828,246.37241095241382,40.035556815324064,0.3628453602542662,1.2498144341122064e-05,0.36284785988313445
164,33.000000000002004,2.29073465638847e-06,0.20978147415064408,9.89870431700877,10.207438169007224,183.25196896955845,184.21928569271853,29.778474736027984,246.37237819328763,40.03555149196073,0.3628483883415342,8.811381283224673e-06,0.36285015061779086
165,33.200000000001964,-3.840777634598651e-06,0.2097816387236212,9.898703745643152,10.207437710999637,183.2519605626763,184.21943847815393,29.778473369908266,246.37236713856294,40.035549695566175,0.3628470744780818,-3.823189627660817e-06,0.36284630984015626
166,33.400000000001924,-5.207728287865885e-06,0.2097818364679022,9.898704127871818,10.207438538743258,183.25197525784395,184.21959718823118,29.778475757875402,246.37238711744118,40.03555294213714,0.36284329922261355,-1.0985553725861852e-05,0.3628411021118684
167,33.600000000001884,-8.94655678698494e-07,0.2097818537583607,9.898704951593523,10.207439630138845,183.2519948786986,184.21959267476842,29.778478946267473,246.3724134599693,40.03555722280223,0.36284134485349406,-5.686986521979964e-06,0.36284020745618967
168,33.800000000001845,3.901114878045759e-06,0.20978169190315943,9.898705292219152,10.207439795235011,183.25199801228146,184.2194475623034,29.778479455475193,246.3724174448217,40.0355578703414,0.3628430918561912,5.0835743825583535e-06,0.3628441085710677
169,34.000000000001805,4.00098341892373e-06,0.20978154338359647,9.898704841502791,10.207438962548906,183.25198317864118,184.21933216804194,29.778477045006237,246.37239734664897,40.03555460438506,0.3628462636464416,9.22954022486433e-06,0.3628481095544866
170,34.200000000001765,-1.5812518972345478e-07,0.20978156442571816,9.898704167612046,10.207438129262059,183.25196816354324,184.21936568494226,29.778474605050384,246.3723772339763,40.03555133607249,0.36284733052868334,3.1045030676746244e-06,0.3628479514292969
171,34.400000000001725,-3.6764106610703233e-06,0.20978171342273172,9.898704011318767,10.207438180073808,183.25196892788324,184.21949560941707,29.77847472925576,246.37237846039682,40.03555153536602,0.3628453990779646,-5.620296643915612e-06,0.3628442750186358
172,34.600000000001685,-2.9211548206806643e-06,0.20978181862136303,9.89870448161321,10.207438964636479,183.25198293920553,184.21957382997783,29.778477006097905,246.37239739703574,40.03555461257292,0.3628428420149359,-7.440755603882465e-06,0.3628413538638151
173,34.800000000001646,9.050586517066161e-07,0.2097817714191976,9.898705008181132,10.207439563658383,183.2519937653328,184.21952156857773,29.778478765345344,246.37241185536004,40.03555696205297,0.36284247343019854,-1.0725386587195906e-06,0.3628422589224668
174,35.000000000001606,3.295661848973057e-06,0.20978164052986878,9.898705023382815,10.207439361591184,183.25199026112344,184.21941027514688,29.778478195910758,246.3724069781543,40.03555616950624,0.3628444210910609,5.66746627433945e-06,0.3628455545843158
175,35.200000000001566,1.928711195705823e-06,0.20978157410359066,9.898704570207816,10.207438664764537,183.2519777894792,184.2193645190377,29.778476169266543,246.37239015916057,40.03555343641703,0.36284635677344945,5.632610310113417e-06,0.3628474832955115
176,35.400000000001526,-1.3274193558363703e-06,0.20978163518815143,9.89870418264447,10.207438268487083,183.2519705975022,184.21942531219372,29.77847500056911,246.37238059438857,40.03555188214003,0.3628462297821398,-3.695299208295033e-07,0.36284615587615565
177,35.60000000000149,-2.8088027121929467e-06,0.20978174460429852,9.898704264369767,10.207438559168596,183.2519757178236,184.219516149721,29.778475832622167,246.37238761043847,40.035553022249275,0.36284440756270764,-5.302446320909482e-06,0.36284334707344346
178,35.80000000000145,-1.1526494092999204e-06,0.2097817811356444,9.898704676317243,10.20743915220555,183.25198635199365,184.2195375267858,29.77847756067653,246.3724019243067,40.03555534825519,0.3628430085922526,-4.070841092274069e-06,0.36284219442403415
179,36.00000000000141,1.552123572811806e-06,0.20978171381362054,9.89870494458546,10.20743938409952,183.25199059237931,184.21947422293493,29.77847824973989,246.3724075214279,40.03555625778829,0.3628434750690035,1.3573930174315407e-06,0.362843746547607
180,36.20000000000137,2.2948958455917185e-06,0.2097816260912359,9.89870480056861,10.20743904983938,183.25198466608416,184.21940322224498,29.778477286715965,246.37239945354014,40.03555494675522,0.36284509732705444,4.7205819905804525e-06,0.36284604144345256
181,36.40000000000133,5.263904342109744e-07,0.209781613111043,9.898704443779863,10.207438567808941,183.2519760056313,184.2194005231839,29.778475879390967,246.37238781898662,40.03555305613838,0.36284602686465495,2.7048461589962436e-06,0.36284656783388675
182,36.60000000000129,-1.5916548702426698e-06,0.2097816798891824,9.898704275696975,10.207438464174611,183.25197407365852,184.2194610346519,29.778475565445078,246.37238531761108,40.03555264966445,0.362845362704662,-1.9326282274523265e-06,0.3628449761790165
183,36.80000000000125,-1.803875519608359e-06,0.20978174733703694,9.898704453222251,10.20743880730495,183.25198017996712,184.21951407121153,29.778476557721216,246.3723935995949,40.035553995488165,0.36284397810705343,-4.029017782736233e-06,0.3628431723034969
184,37.00000000000121,-6.241783804873215e-08,0.20978174331189245,9.898704749865267,10.207439182982469,183.25198694385006,184.21950375646952,29.77847765685329,246.37240266715543,40.03555546896823,0.3628434292864603,-1.59700400736984e-06,0.3628431098856588
185,37.20000000000117,1.5479623836085572e-06,0.20978168013302195,9.898704836762967,10.20743918803207,183.25198709829456,184.21944818491193,29.77847768195055,246.37240278903545,40.03555548877375,0.36284420588549415,2.259812741378653e-06,0.36284465784804243
186,37.40000000000113,1.321177572031497e-06,0.20978163196697797,9.89870464573046,10.207438860140316,183.25198124678107,184.21941180562462,29.77847673107866,246.37239487485851,40.035554202718714,0.36284532672381775,3.2615089834431288e-06,0.36284597902561444
187,37.60000000000109,-2.787996766176702e-07,0.20978164811858444,9.89870441203998,10.207438586171046,183.25197630080288,184.21943093361114,29.778475927356396,246.37238826218456,40.03555312815812,0.3628455628221865,6.870187566065944e-07,0.3628457002259378
188,37.80000000000105,-1.3981595722916e-06,0.20978170400122093,9.898704388716796,10.207438650739007,183.25197740637904,184.2194788415673,29.7784761070127,246.37238982063266,40.03555338140619,0.36284476587251235,-2.3190307341103278e-06,0.36284430206636553
189,38.00000000000101,-9.113004355114893e-07,0.2097817359432218,9.898704576676538,10.207438947192008,183.2519827085218,184.21950154112864,29.778476968611763,246.37239697598633,40.035554544152326,0.36284389663937117,-2.5293672056836414e-06,0.36284339076593003
190,38.20000000000097,5.014232989914816e-07,0.20978171230125356,9.898704751960988,10.20743913316641,183.2519860786837,184.21947742358518,29.77847751626362,246.37240146476745,40.03555527357999,0.3628438938263448,-8.185578881381161e-09,0.362843892189229
191,38.40000000000093,1.227550814958399e-06,0.20978166429273057,9.898704728076526,10.207439021064104,183.25198410986226,184.2194372881508,29.778477196329817,246.37239875900414,40.03555483389301,0.3628446687515974,2.254942232937651e-06,0.36284511974004396
192,38.60000000000089,5.409545964223453e-07,0.20978164661757737,9.898704553013657,10.207438765402053,183.2519795273434,184.2194263808206,29.778476451669754,246.37239258820333,40.03555383113687,0.362845295779188,1.824577261777538e-06,0.36284566069464036
193,38.80000000000085,-6.325007588938191e-07,0.20978167429752315,9.898704431693071,10.207438655847856,183.25197752820017,184.2194526651088,29.778476126808656,246.3723899439426,40.035553401444076,0.3628451266330145,-4.921956650583148e-07,0.3628450281938815
194,39.00000000000081,-9.924436249748412e-07,0.20978171242486662,9.89870448673517,10.207438791390922,183.25197992875056,184.21948370035318,29.778476516898483,246.37239321548512,40.03555393307027,0.362844437063596,-2.006566697243528e-06,0.36284403575025653
195,39.20000000000077,-2.62154919804675e-07,0.20978171947366997,9.898704638941098,10.207438999584369,183.25198366782863,184.21948613286267,29.77847712449928,246.3723982405574,40.03555474964533,0.36284401767166913,-1.2203816621148e-06,0.3628437735953367
196,39.40000000000073,6.637096779181851e-07,0.2097816915154215,9.898704715544536,10.207439051008597,183.25198462127887,184.21946065328856,29.778477279435098,246.37239948176102,40.03555495134112,0.36284428293053395,7.718724034933011e-07,0.36284443730501464
197,39.60000000000069,7.781423810075275e-07,0.2097816622685129,9.898704643883464,10.207438909076522,183.25198209682867,184.2194375316906,29.77847686921153,246.37239605600988,40.035554394656,0.36284487239361374,1.7152689096855411e-06,0.3628452154473957
198,39.80000000000065,5.617605424385893e-08,0.20978166283749183,9.89870451690945,10.207438746318445,183.25197916763437,184.21944096872593,29.77847639321698,246.37239212759084,40.03555375628727,0.36284512475500097,7.343422447902981e-07,0.3628452716234499
199,40.00000000000061,-6.366619480970679e-07,0.20978168900542868,9.898704475054648,10.207438736667587,183.25197896764334,184.21946412223352,29.778476360718404,246.3723918946524,40.035553718434734,0.3628448151464605,-9.009247933788878e-07,0.3628446349615018
200,40.20000000000057,-5.846470830564578e-07,0.2097817104285614,9.898704552695495,10.207438873059973,183.25198140028843,184.21948047337287,29.778476756023625,246.37239518669452,40.035554253392114,0.36284433168040275,-1.4068299200586942e-06,0.36284405031441874
201,40.40000000000053,9.570735167472262e-08,0.2097817044751712,9.898704653591798,10.207438993074254,183.2519835657811,184.2194730794464,29.77847710791654,246.37239808342565,40.03555472411139,0.3628442143217642,-3.4149996913646063e-07,0.3628441460217704
202,40.60000000000049,5.763247046499602e-07,0.20978168126720145,9.898704668065147,10.207438972432172,183.25198321771148,184.21945307194372,29.778477051355168,246.37239758519695,40.03555464314915,0.3628445354546284,9.34459233048468e-07,0.362844722346475
203,40.80000000000045,4.181995149265054e-07,0.20978166649550845,9.898704590625167,10.207438847563397,183.2519809857239,184.2194423537824,29.778476688656824,246.37239457129508,40.035554153389604,0.3628449179453179,1.113003360031506e-06,0.36284514054598993
204,41.00000000000041,-2.0181767635756726e-07,0.2097816760528782,9.898704513926875,10.20743876485384,183.25197948785532,184.2194522392781,29.778476445252938,246.37239257497143,40.035553828986686,0.3628449310826768,3.822818395171623e-08,0.3628449387283136
205,41.20000000000037,-5.201486504061012e-07,0.2097816964859567,9.89870452124362,10.207438808892904,183.2519802597177,184.21946938775605,29.7784765706807,246.37239363792264,40.035554001716434,0.36284460711898536,-9.426966110503976e-07,0.36284441857966315
206,41.40000000000033,-2.4551016299167974e-07,0.20978170462829715,9.898704594844423,10.207438917584119,183.25198220728055,184.21947457632723,29.77847688715998,246.37239626135394,40.03555442802445,0.36284433274738226,-7.983894104168776e-07,0.3628441730695002
207,41.60000000000029,2.663161090079238e-07,0.20978169298912575,9.898704647666824,10.207438965982192,183.25198308985404,184.21946348193956,29.778477030578312,246.3723974295166,40.03555461785107,0.36284440015559793,1.9615005619755266e-07,0.3628444393856092
208,41.80000000000025,4.26521893333003e-07,0.2097816765797155,9.898704625129978,10.20743890913255,183.25198208343284,184.21945009803954,29.778476867034705,246.37239605736218,40.03555439487575,0.3628446945669521,8.567027520722803e-07,0.36284486590750253
209,42.00000000000021,1.1651329769096667e-07,0.20978167337774475,9.89870456015111,10.20743881992535,183.25198048148752,184.21944889620696,29.77847660671833,246.37239390420788,40.035554044987826,0.36284487652528746,5.294775637376681e-07,0.3628449824208002
210,42.20000000000017,-2.996056226339143e-07,0.20978168584775528,9.898704527996987,10.207438799584276,183.25198010292758,184.21946021383422,29.778476545202277,246.37239341324442,40.035553965206184,0.36284475407714456,-3.563098349701477e-07,0.36284468281517757
211,42.400000000000134,-3.370563254631536e-07,0.20978169848049577,9.898704560651403,10.207438863083594,183.2519812328019,184.21947016124716,29.77847672880704,246.3723949458991,40.03555421426282,0.36284449597075735,-7.510595262383291e-07,0.3628443457588521
212,42.600000000000094,-1.664475681299524e-08,0.2097816979143271,9.89870461613527,10.207438933666223,183.2519825034155,184.2194683902221,29.778476935281954,246.37239664952054,40.03555449110158,0.3628443904972309,-3.0691567787233254e-07,0.3628443291140953
213,42.800000000000054,2.892026496257923e-07,0.20978168611116313,9.89870463289311,10.207438935284545,183.2519825444137,184.2194579960854,29.778476941944167,246.37239668858123,40.03555449744895,0.36284453450662946,4.1905057729385575e-07,0.3628446183167449
214,43.000000000000014,2.663161090079238e-07,0.2097816764474744,9.898704596295417,10.207438871729002,183.25198141053772,184.21945065695536,29.778476757689138,246.37239515456943,40.035554248171785,0.3628447558286141,6.440211991476374e-07,0.3628448846328539
215,43.199999999999974,-4.993427043898571e-08,0.20978167941992934,9.898704550171843,10.207438817290821,183.25198042800187,184.2194542496888,29.778476598026902,246.3723938406194,40.03555403465469,0.36284480568394323,1.4507320122980616e-07,0.3628448346985835
216,43.399999999999935,-2.787996766176702e-07,0.2097816905400833,9.89870454519417,10.207438829705271,183.25198064019287,184.219463790784,29.778476632507974,246.37239414026143,40.03555408334657,0.36284464778968634,-4.594538974278528e-07,0.36284455589890685
217,43.599999999999895,-1.7476994653645e-07,0.2097816966926915,9.898704581949247,10.207438887517492,183.25198167425646,184.2194681503171,29.778476800543476,246.37239553564922,40.03555431009731,0.36284447922795915,-4.904949940653935e-07,0.36284438112896034
218,43.799999999999855,9.570735167472262e-08,0.20978169214556205,9.898704616134557,10.207438923895532,183.25198233340896,184.21946350072733,29.778476907655865,246.3723964136897,40.03555445277903,0.36284447771614975,-4.399188791026631e-09,0.362844476836312
219,43.999999999999815,2.496713521949286e-07,0.2097816824443592,9.898704610979673,10.207438900819154,183.2519819279412,184.21945539810383,29.778476841767286,246.37239585670548,40.035554362269,0.36284463498238084,4.5762641676105886e-07,0.3628447265076642
220,44.199999999999775,8.94655678698494e-08,0.2097816795418011,9.898704576665397,10.20743885165829,183.25198104627813,184.21945373646102,29.778476698496895,246.37239467013165,40.03555416945056,0.36284474939041883,3.3291406603686013e-07,0.36284481597323204
221,44.399999999999736,-1.4356102751208395e-07,0.2097816856234685,9.898704555602936,10.207438834799838,183.25198073681256,184.2194593813218,29.778476648208688,246.37239426322674,40.03555410332845,0.3628447007309069,-1.4159351191533887e-07,0.3628446724122045
222,44.599999999999696,-1.9141470334944525e-07,0.20978169289473264,9.898704569695797,10.20743886528568,183.25198127804802,184.2194652163757,29.77847673615954,246.37239499904985,40.035554222899826,0.36284456183290387,-4.0417701352435387e-07,0.36284448099750116
223,44.799999999999656,-3.1208919024366076e-08,0.20978169347320094,9.898704599901183,10.207438905212495,183.2519819958972,184.21946500377476,29.77847685281015,246.3723959627456,40.03555437950054,0.36284449100738475,-2.060940129666733e-07,0.36284444978858216
224,44.999999999999616,1.5396400052020596e-07,0.20978168717655601,9.898704611544453,10.207438909561672,183.2519820804911,184.2194593958938,29.778476866556673,246.3723960677197,40.03555439655885,0.3628445622759424,2.0738320116731046e-07,0.36284460375258265
225,45.19999999999958,1.5396400052020596e-07,0.2097816815192669,9.898704593050384,10.207438876134237,183.2519814847004,184.21945503123823,29.778476769740585,246.37239526089667,40.035554265449974,0.3628446858179895,3.5949296817161525e-07,0.36284475771658314
226,45.39999999999954,-1.2483567609746428e-08,0.20978168258773472,9.898704566916605,10.207438844246585,183.2519809098481,184.21945654500612,29.778476676326992,246.37239449123862,40.03555414038042,0.3628447233754489,1.0928783322761149e-07,0.3628447452330155
227,45.5999999999995,-1.5604459512183037e-07,0.20978168881509576,9.898704562377723,10.20743884894055,183.25198098804327,184.21946192883885,29.778476689033724,246.37239460453475,40.03555415879106,0.36284463855306964,-2.468232462859987e-07,0.3628445891884204
228,45.79999999999946,-1.0611032468284466e-07,0.20978169260344687,9.898704582328152,10.207438881080659,183.25198156255058,184.21946467552257,29.77847678239125,246.37239538028626,40.035554284850804,0.36284454027414237,-2.8598023338322065e-07,0.3628444830780957
229,45.99999999999942,7.490140565847857e-08,0.2097816893839255,9.89870460056617,10.207438899144483,183.25198189082306,184.21946152229683,29.778476835735585,246.3723958162847,40.03555435570062,0.36284455146606376,3.256718783539725e-08,0.3628445579795013
230,46.19999999999938,1.0194913547959583e-07,0.20978168522846094,9.898704597775605,10.20743888850875,183.25198170363186,184.21945806513125,29.778476805316984,246.37239555957478,40.035554313985216,0.36284462002748596,1.9950575413929528e-07,0.3628446599286368
231,46.39999999999934,5.617605424385893e-08,0.20978168341864026,9.898704581539231,10.20743886450835,183.25198127359621,184.21945690898892,29.778476735436122,246.3723949802878,40.03555421985099,0.3628446807598626,1.7672414226455047e-07,0.36284471610469105
232,46.5999999999993,-5.409545964223453e-08,0.20978168583223272,9.898704569551299,10.207438853138559,183.25198106658232,184.21945923367846,29.77847670179633,246.37239470586024,40.035554175256465,0.36284466890720307,-3.448985846921104e-08,0.3628446620092314
233,46.79999999999926,-1.0402973008122023e-07,0.20978168979167527,9.89870457454203,10.207438866279235,183.251981299048,184.21946247349945,29.778476739572042,246.3723950230309,40.03555422679675,0.3628445987875221,-2.0404010425689734e-07,0.36284455797950127
234,46.99999999999922,-3.537010822761488e-08,0.209781690822115,9.898704590391484,10.207438888460803,183.25198169714002,184.21946297805513,29.77847680426206,246.37239555841748,40.03555431379716,0.3628445506337606,-1.4012183774392284e-07,0.36284452260939304
235,47.19999999999918,8.11431894633518e-08,0.20978168751792658,9.898704598360446,10.207438893140209,183.25198178466374,184.21945999203533,29.778476818484677,246.37239567136223,40.035554332150696,0.36284458421126,9.770661252295199e-08,0.3628446037525825
236,47.39999999999914,8.11431894633518e-08,0.20978168446271947,9.89870458986838,10.207438877016257,183.25198149760902,184.21945760010814,29.77847677183824,246.37239528218555,40.03555426890942,0.36284464785601,1.8519880962131197e-07,0.36284468489577193
237,47.5999999999991,1.0402973008122025e-08,0.20978168441286899,9.898704575643444,10.20743885859005,183.25198116610295,184.21945788888024,29.77847671796845,246.37239483744045,40.03555419663827,0.3628446778455382,8.726603356601359e-08,0.3628446952987449
238,47.79999999999906,-7.282081105685418e-08,0.20978168739208577,9.89870457075669,10.207438857334516,183.25198114051298,184.21946052773413,29.778476713810075,246.3723948071362,40.03555419171383,0.3628446428465372,-1.0184301679760921e-07,0.36284462247793386
239,47.99999999999902,-6.865962185360536e-08,0.20978168990532836,9.898704579650524,10.207438873058658,183.25198142091915,184.21946245095165,29.778476759376122,246.37239518666277,40.035554253386955,0.3628445865699657,-1.6375826861203535e-07,0.362844553818312
240,48.19999999999898,1.0402973008122025e-08,0.20978168924282067,9.898704591397719,10.207438887083615,183.25198167394672,184.21946161605516,29.77847680049314,246.37239552517693,40.03555430839556,0.3628445724429052,-4.110810108981511e-08,0.36284456422128497
241,48.39999999999894,7.698200026010298e-08,0.2097816862146913,9.898704592525156,10.207438883409012,183.25198161087397,184.21945902322577,29.77847679024381,246.37239543648462,40.03555429398305,0.36284461590775513,1.2647765057494098e-07,0.36284464120328525
242,48.5999999999989,3.328951362599048e-08,0.20978168502110353,9.898704583286849,10.207438869475622,183.2519813613632,184.21945822654234,29.778476749698267,246.37239510018063,40.03555423933359,0.3628446529405657,1.0776116582400519e-07,0.3628446744927989
243,48.79999999999886,-3.7450702829239286e-08,0.20978168661226446,9.89870457647169,10.20743886338282,183.2519812501304,184.2194597337781,29.778476731622924,246.3723949531214,40.03555421543644,0.3628446428908161,-2.9243600041528595e-08,0.3628446370420961
244,48.99999999999882,-5.409545964223453e-08,0.2097816886999477,9.898704579550849,10.207438870888746,183.25198138308863,184.21946143161017,29.778476753228656,246.37239513428855,40.03555424487614,0.36284460499886767,-1.1026115631640465e-07,0.3628445829466364
245,49.19999999999878,-1.0402973008122025e-08,0.20978168895269478,9.898704587673617,10.207438881790372,183.25198157899467,184.21946145681176,29.77847678506342,246.37239539741626,40.03555428763443,0.3628445844832659,-5.96980123668267e-08,0.3628445725436634
246,49.39999999999874,4.785367583736131e-08,0.20978168704780592,9.898704590640563,10.207438882389932,183.2519815916992,184.219459773216,29.778476787127907,246.3723954118876,40.035554289986024,0.36284460718528994,6.606024671729216e-08,0.3628446203973393
247,49.5999999999987,3.328951362599048e-08,0.20978168579786555,9.898704585533231,10.207438873687627,183.25198143637132,184.21945883263828,29.778476761887102,246.37239520184391,40.035554255853896,0.3628446365798838,8.55348455952587e-08,0.3628446536868529
248,49.79999999999866,2.080594601624405e-09,0.20978168591520568,9.898704578768658,10.20743886516404,183.25198128288113,184.21945908951037,29.77847673694492,246.37239499611388,40.03555422242273,0.36284464870873717,3.5293551692294756e-08,0.3628446557674475
249,49.99999999999862,-4.993427043898571e-08,0.20978168783996023,9.898704577796675,10.20743886717045,183.251981317048,184.21946074351973,29.778476742497045,246.37239504454172,40.03555423029226,0.36284462160621406,-7.886518493815942e-08,0.36284460583317707
250,50.19999999999858,-3.537010822761488e-08,0.20978168907853706,9.898704584415178,10.20743887780203,183.25198150710338,184.21946163929982,29.778476773381076,246.3723953011514,40.03555427199138,0.36284458927758045,-9.407255807669657e-08,0.36284457046306884
251,50.39999999999854,2.2886540617868455e-08,0.20978168807501146,9.898704590544936,10.207438884006267,183.25198161974998,184.21946064608403,29.778476791686167,246.3723954509003,40.0355542963256,0.3628445918515937,7.490078834937464e-09,0.36284459334960945
252,50.5999999999985,5.2014865040610114e-08,0.20978168609303902,9.898704588666176,10.207438878227174,183.25198151775655,184.21945900991656,29.778476775112217,246.37239531141296,40.03555427365888,0.3628446256781857,9.843144382903901e-08,0.36284464536447447
253,50.79999999999846,1.664475681299524e-08,0.20978168558730165,9.898704581212398,10.207438867759697,183.2519813299171,184.2194587547166,29.778476744588275,246.3723950587641,40.0355542326034,0.3628446486437865,6.682722375472849e-08,0.36284466200923127
254,50.99999999999842,-3.7450702829239286e-08,0.20978168711742248,9.89870457736422,10.207438865389175,183.25198128572336,184.21946014117196,29.778476737406784,246.37239500154791,40.03555422330576,0.36284463341899964,-4.430235595043186e-08,0.36284462455852845
255,51.19999999999838,-4.993427043898571e-08,0.20978168894700064,9.898704581988534,10.207438874450325,183.25198144692655,184.21946158428148,29.778476763602328,246.37239522025283,40.035554258845345,0.3628445962536346,-1.0814688283788954e-07,0.362844574624258
256,51.39999999999834,1.664475681299524e-08,0.2097816882395204,9.898704588726007,10.207438881939527,183.25198158239525,184.2194608278469,29.778476785616014,246.37239540101635,40.035554288219444,0.3628445931027539,-9.168695525030301e-09,0.3628445912690148
257,51.5999999999983,4.785367583736131e-08,0.20978168637525524,9.898704588285923,10.207438878214825,183.25198151724976,184.2194592579672,29.778476775029862,246.37239531111487,40.035554273610444,0.3628446221929021,8.46489428552033e-08,0.36284463912269066
258,51.79999999999826,1.664475681299524e-08,0.20978168581337814,9.898704582092918,10.207438869277922,183.251981357008,184.21945892584506,29.77847674899055,246.37239509540885,40.03555423855818,0.3628446434160624,6.175692540688615e-08,0.36284465576744745
259,51.999999999998224,-3.7450702829239286e-08,0.2097816872917767,9.89870457893711,10.207438867712556,183.25198132735477,184.21946025234953,29.778476744171897,246.37239505762628,40.035554232418505,0.36284462755026764,-4.6167615008751994e-08,0.36284461831674464
260,52.199999999998184,-3.537010822761488e-08,0.2097816886113232,9.898704582948668,10.207438875119838,183.25198145931114,184.2194612774238,29.778476765614826,246.37239523641256,40.035554261471304,0.3628445993553954,-8.204379509102466e-08,0.3628445829466364
261,52.399999999998144,1.664475681299524e-08,0.20978168792045948,9.898704587958235,10.207438880409205,183.2519815551802,184.21946057528262,29.778476781193564,246.37239536407964,40.03555428221723,0.36284459950457437,4.340941495151185e-10,0.3628445995913932
262,52.599999999998104,3.328951362599048e-08,0.20978168660741978,9.89870458735192,10.207438877403696,183.25198150242196,184.21945947648103,29.77847677262034,246.37239529153703,40.03555427042904,0.36284462060244027,6.139233288404711e-08,0.36284463288090685
263,52.799999999998064,1.664475681299524e-08,0.20978168606098813,9.898704582475872,10.207438870191053,183.2519813731896,184.21945912680357,29.778476751620065,246.37239511744866,40.03555424213965,0.3628446388854043,5.32012967013884e-08,0.36284464952566364
264,52.999999999998025,-3.537010822761488e-08,0.2097816874177767,9.898704580101018,10.207438869426701,183.25198135807224,184.21946033206004,29.778476749163488,246.37239509899985,40.03555423914172,0.36284462325315836,-4.548801474379971e-08,0.3628446141555554
265,53.199999999997985,-3.537010822761488e-08,0.20978168870390737,9.898704584316587,10.207438877040445,183.25198149377746,184.2194613240641,29.77847677121561,246.37239528276942,40.0355542690043,0.3628445951442038,-8.179378313544206e-08,0.3628445787854472
266,53.399999999997945,2.2886540617868455e-08,0.2097816877980186,9.898704588972805,10.20743888151004,183.2519815751119,184.21946044789397,29.778476784432467,246.37239539065004,40.03555428653492,0.36284459927055035,1.2007187188967094e-08,0.3628446016719878
267,53.599999999997905,4.785367583736131e-08,0.2097816860145195,9.898704586636,10.207438875476468,183.25198146833975,184.21945899060833,29.77847676708198,246.37239524502039,40.03555426287008,0.36284463103784054,9.243911552880846e-08,0.36284464952566364
268,53.799999999997866,1.0402973008122025e-08,0.20978168573666678,9.898704579794199,10.207438866184013,183.25198130141365,184.21945891431864,29.77847673995646,246.37239502073254,40.035554226423265,0.36284464930030674,5.31416494142789e-08,0.3628446599286366
269,53.999999999997826,-4.577308123573691e-08,0.20978168752075424,9.89870457747928,10.207438866220604,183.2519813002781,184.21946048035184,29.778476739771932,246.37239502161574,40.03555422656679,0.36284462708458687,-6.46451572827722e-08,0.3628446141555554
270,54.199999999997786,-3.7450702829239286e-08,0.20978168888000218,9.898704582975302,10.207438875609206,183.2519814678456,184.2194615045319,29.778476767001678,246.37239524822422,40.0355542633907,0.3628445952385211,-9.266834244403555e-08,0.3628445767048526
271,54.399999999997746,1.664475681299524e-08,0.20978168812991568,9.89870458907407,10.2074388822027,183.25198158724166,184.21946072684807,29.778476786403555,246.3723954073684,40.03555428925166,0.36284459404450126,-3.4744593313540406e-09,0.3628445933496094
272,54.599999999997706,4.785367583736131e-08,0.2097816862907271,9.898704588099248,10.20743887783097,183.25198151042824,184.21945919066656,29.778476773921362,246.37239530185,40.035554272104896,0.3628446238545381,8.674373580541683e-08,0.36284464120328525
273,54.79999999999767,1.664475681299524e-08,0.209781685750808,9.898704581615862,10.207438868556835,183.25198134409578,184.21945888391306,29.778476746892313,246.37239507800427,40.03555423572993,0.36284464534253075,6.252755646585229e-08,0.36284465784804204
274,54.99999999999763,-3.7450702829239286e-08,0.20978168724126184,9.898704578323967,10.207438866836412,183.25198131164052,184.2194602238022,29.778476741618327,246.37239503647925,40.03555422898211,0.3628446295741624,-4.588411595118913e-08,0.3628446203973392
275,55.19999999999759,-3.537010822761488e-08,0.20978168856648682,9.898704582276315,10.207438874176967,183.25198144238985,184.2194612550673,29.778476762865115,246.3723952136549,40.03555425777318,0.36284460141513114,-8.193950074009138e-08,0.362844585027231
276,55.39999999999755,1.0402973008122025e-08,0.2097816880843697,9.898704587663621,10.207438880306919,183.25198155317517,184.21946072106618,29.778476780867745,246.3723953616108,40.03555428181604,0.36284459763193566,-1.1008658429290108e-08,0.362844595430204
277,55.59999999999751,3.328951362599048e-08,0.20978168675941122,9.898704587848858,10.207438878301861,183.25198151842983,184.21945959374236,29.778476775221623,246.37239531321563,40.03555427395182,0.3628446172831617,5.718277962252216e-08,0.3628446287197176
278,55.79999999999747,1.664475681299524e-08,0.20978168618087586,9.898704583467913,10.207438871673238,183.25198139973904,184.21945920533295,29.77847675593435,246.37239515322352,40.03555424795307,0.36284463503393677,5.1652688237702193e-08,0.3628446453644744
279,55.99999999999743,-1.2483567609746428e-08,0.20978168676087255,9.898704579863518,10.207438868007955,183.25198133320336,184.21945978080564,29.77847674512229,246.37239506475623,40.03555423357712,0.36284463367296227,-3.960277383807664e-09,0.3628446328809068
280,56.19999999999739,-3.7450702829239286e-08,0.20978168815301204,9.898704581384692,10.207438872327051,183.25198140951963,184.21946092536155,29.7784767575237,246.37239516900434,40.03555425051746,0.3628446094989285,-7.034362259350502e-08,0.362844595430204
281,56.39999999999735,4.16118920324881e-09,0.20978168797624835,9.898704585732201,10.207438877633415,183.25198150517733,184.21946067436983,29.77847677306809,246.37239529708165,40.03555427133004,0.3628446032361718,-1.8223892950253173e-08,0.3628445995913932
282,56.59999999999731,1.664475681299524e-08,0.2097816872481065,9.898704587090263,10.20743887815136,183.25198151523054,184.21946002560557,29.77847677470174,246.37239530958306,40.03555427336152,0.3628446114537252,2.3912123947589237e-08,0.36284461623615
283,56.79999999999727,1.664475681299524e-08,0.20978168663175098,9.898704585034098,10.20743887445628,183.25198144936263,184.21945955104115,29.778476763998192,246.37239522039656,40.0355542588687,0.36284462499828707,3.941309861810183e-08,0.3628446328809068
284,56.99999999999723,1.0402973008122025e-08,0.20978168636109418,9.898704581401134,10.207438869313522,183.25198135709655,184.21945940617857,29.77847674900494,246.3723950962681,40.035554238697806,0.3628446365569861,3.363446826609717e-08,0.3628446432838798
285,57.19999999999719,-3.7450702829239286e-08,0.20978168774089445,9.898704580700525,10.20743887074693,183.25198138150228,184.21946059197847,29.778476752970874,246.37239513086564,40.03555424431991,0.36284461713583477,-5.6513289048432114e-08,0.36284460583317696
286,57.39999999999715,-1.0402973008122025e-08,0.20978168813480885,9.898704584478656,10.207438876285613,183.2519814807664,184.21946083793404,29.77847676910131,246.37239526455033,40.0355542660437,0.36284460341525937,-3.992527697338488e-08,0.362844595430204
287,57.59999999999711,1.664475681299524e-08,0.20978168743867576,9.898704586936164,10.207438878275404,183.2519815172705,184.21946019071493,29.778476775033234,246.37239531257708,40.03555427384805,0.3628446088892347,1.592863035915215e-08,0.36284461207496077
288,57.79999999999707,1.664475681299524e-08,0.20978168677849968,9.89870458569344,10.207438875554972,183.25198146898472,184.21945966007956,29.778476767186785,246.3723952469152,40.035554263177985,0.3628446214244906,3.647613489032864e-08,0.36284462871971757
289,57.99999999999703,1.0402973008122025e-08,0.20978168647435141,9.898704582487508,10.207438870906113,183.25198138564,184.2194594768928,29.778476753643254,246.37239513470777,40.03555424494426,0.36284463261188665,3.255401948010217e-08,0.36284463912269055
290,58.19999999999699,-1.2483567609746428e-08,0.20978168701132466,9.898704580374412,10.207438869090863,183.25198135243633,184.2194599811959,29.778476748247652,246.37239509089386,40.03555423782449,0.36284462883637986,-1.098628465978635e-08,0.3628446266391229
291,58.39999999999695,-3.537010822761488e-08,0.20978168827389895,9.898704582640972,10.207438874151643,183.25198144222958,184.21946099858872,29.77847676283907,246.3723952130437,40.03555425767386,0.3628446050892761,-6.91013068987445e-08,0.3628445912690147
292,58.59999999999691,1.0402973008122025e-08,0.20978168785875712,9.898704586745882,10.207438878741488,183.25198152523419,184.21946055119707,29.778476776327334,246.3723953238267,40.03555427567612,0.36284460292913784,-6.285750808743273e-09,0.3628446016719877
293,58.79999999999687,1.664475681299524e-08,0.20978168713661657,9.89870458732545,10.207438878265798,183.25198151740207,184.21945992563548,29.778476775054614,246.3723953123452,40.03555427381037,0.36284461265596046,2.8303920041050645e-08,0.36284461831674447
294,58.99999999999683,1.664475681299524e-08,0.20978168655174398,9.89870458476754,10.207438873977079,183.25198144082074,184.21945948943147,29.778476762610133,246.37239520883034,40.03555425698919,0.36284462675575135,4.102874956446456e-08,0.36284463496150127
295,59.19999999999679,1.0402973008122025e-08,0.20978168630181634,9.898704580882702,10.20743886854466,183.25198134332155,184.21945936799992,29.778476746766497,246.3723950777104,40.03555423568218,0.3628446385187078,3.4228832268556886e-08,0.36284464536447425
296,59.39999999999675,-3.7450702829239286e-08,0.20978168769210026,9.898704580068413,10.207438869849245,183.2519813653987,184.21946056533096,29.77847675035404,246.3723951091986,40.035554240799016,0.3628446191726983,-5.629463423195702e-08,0.36284460791377143
297,59.59999999999671,-2.4967135219492856e-08,0.20978168857205995,9.898704584737038,10.207438877359287,183.2519814996465,184.21946120252818,29.778476772169327,246.37239529046514,40.035554270254856,0.36284459627345966,-6.663411711294032e-08,0.36284458294663624
298,59.79999999999667,2.2886540617868455e-08,0.20978168764146232,9.89870458864251,10.207438880819014,183.25198156283528,184.2194603228857,29.77847678243752,246.37239537397102,40.035554283824574,0.3628446023163534,1.758411721786146e-08,0.36284460583317685
299,59.99999999999663,2.2886540617868455e-08,0.20978168671291847,9.898704587352382,10.207438877582963,183.2519815055425,184.21945956588922,29.77847677312743,246.3723952958639,40.035554271132156,0.3628446190064627,4.856627378035938e-08,0.36284462871971745
300,60.19999999999659,1.664475681299524e-08,0.20978168620015575,9.898704583017624,10.207438871125282,183.2519813898599,184.21945923215287,29.778476754328988,246.37239513999774,40.03555424580388,0.36284463566790365,4.848285301006783e-08,0.36284464536447425
301,60.39999999999655,-1.2483567609746428e-08,0.2097816867793338,9.898704579614234,10.207438867717793,183.25198132796325,184.21945980225402,29.778476744270773,246.3723950577527,40.03555423243905,0.3628446339061855,-5.126394309051818e-09,0.3628446328809066
302,60.59999999999651,-3.7450702829239286e-08,0.20978168816335607,9.898704581266852,10.207438872192625,183.25198140709065,184.2194609368712,29.77847675712899,246.37239516575977,40.03555424999021,0.3628446095847265,-7.077261332533169e-08,0.3628445954302038
303,60.79999999999647,4.16118920324881e-09,0.2097816879811633,9.898704585680687,10.207438877575315,183.25198150412663,184.21946067973442,29.778476772897353,246.37239529567933,40.035554271102164,0.362844603267735,-1.838170976542486e-08,0.36284459959139304
304,60.99999999999643,1.664475681299524e-08,0.20978168725026228,9.898704587068755,10.207438878127277,183.25198151479503,184.21946002793325,29.778476774630967,246.3723953090018,40.03555427326707,0.36284461146533664,2.385406594473949e-08,0.36284461623614983
305,61.19999999999639,1.664475681299524e-08,0.20978168663265195,9.898704585025392,10.20743887444658,183.25198144918693,184.21945955200738,29.778476763969643,246.37239522016245,40.03555425883066,0.36284462500255865,3.939173986999833e-08,0.3628446328809066
306,61.39999999999635,1.0402973008122025e-08,0.20978168636146025,9.898704581397677,10.207438869309685,183.25198135702738,184.21945940656926,29.778476748993697,246.3723950961755,40.03555423868276,0.36284463655855737,3.36266112177519e-08,0.3628446432838796
307,61.599999999996314,-3.7450702829239286e-08,0.2097816877410397,9.898704580699174,10.207438870745436,183.25198138147556,184.21946059213295,29.778476752966533,246.3723951308296,40.035554244314056,0.3628446171364126,-5.651617895896521e-08,0.3628446058331768
308,61.799999999996274,-1.0402973008122025e-08,0.2097816881348658,9.898704584478136,10.207438876285039,183.25198148075577,184.2194608379944,29.778476769099584,246.37239526453646,40.035554266041444,0.36284460341547176,-3.9926339734375205e-08,0.3628445954302038
309,61.999999999996234,1.664475681299524e-08,0.209781687438698,9.898704586935963,10.207438878275182,183.25198151726633,184.21946019073846,29.778476775032555,246.37239531257168,40.035554273847175,0.3628446088893126,1.5928240115758996e-08,0.3628446120749606
310,62.199999999996194,1.664475681299524e-08,0.2097816867785082,9.898704585693364,10.207438875554887,183.25198146898308,184.21945966008855,29.77847676718652,246.37239524691316,40.03555426317765,0.3628446214245192,3.647599111644695e-08,0.3628446287197174
311,62.399999999996155,1.0402973008122025e-08,0.20978168647435455,9.898704582487479,10.207438870906081,183.25198138563948,184.21945947689616,29.77847675364317,246.37239513470703,40.03555424494414,0.3628446326118971,3.2553966466952744e-08,0.3628446391226904
312,62.599999999996115,-1.2483567609746428e-08,0.20978168701132677,9.898704580374394,10.207438869090847,183.25198135243616,184.219459981198,29.778476748247627,246.37239509089352,40.035554237824435,0.3628446288363836,-1.098630408868928e-08,0.36284462663912276
313,62.799999999996075,-3.537010822761488e-08,0.2097816882738998,9.898704582640965,10.207438874151634,183.2519814422293,184.21946099858962,29.778476762839023,246.37239521304346,40.03555425767382,0.36284460508927724,-6.910131356008264e-08,0.3628445912690145
314,62.999999999996035,1.0402973008122025e-08,0.20978168785875712,9.898704586745882,10.207438878741488,183.25198152523433,184.21946055119707,29.778476776327356,246.3723953238267,40.03555427567612,0.36284460292913806,-6.2857527516335665e-09,0.3628446016719875
315,63.199999999995995,1.664475681299524e-08,0.20978168713661657,9.89870458732545,10.207438878265798,183.25198151740216,184.21945992563553,29.778476775054628,246.37239531234516,40.03555427381036,0.36284461265596046,2.8303919208383377e-08,0.3628446183167443
316,63.399999999995956,1.664475681299524e-08,0.20978168655174398,9.89870458476754,10.207438873977079,183.2519814408208,184.21945948943147,29.778476762610143,246.37239520883034,40.03555425698919,0.3628446267557513,4.102874900935305e-08,0.3628446349615011
317,63.599999999995916,1.0402973008122025e-08,0.20978168630181687,9.898704580882699,10.207438868544656,183.25198134332112,184.2194593680004,29.77847674676643,246.37239507771037,40.03555423568217,0.3628446385187077,3.422883199100113e-08,0.3628446453644741
318,63.799999999995876,-3.7450702829239286e-08,0.20978168769210026,9.898704580068413,10.207438869849243,183.2519813653983,184.21946056533102,29.778476750353978,246.37239510919855,40.03555424079901,0.3628446191726981,-5.629463423195702e-08,0.36284460791377127
319,63.999999999995836,-2.4967135219492856e-08,0.20978168857206025,9.898704584737036,10.207438877359285,183.25198149964658,184.2194612025285,29.77847677216934,246.37239529046508,40.03555427025485,0.3628445962734595,-6.663411711294032e-08,0.3628445829466361
320,64.19999999999594,2.2886540617868455e-08,0.20978168764146277,9.898704588642506,10.207438880819012,183.25198156283557,184.2194603228861,29.778476782437565,246.37239537397096,40.03555428382457,0.36284460231635324,1.758411721786146e-08,0.3628446058331767
321,64.39999999999604,2.2886540617868455e-08,0.20978168671291808,9.898704587352384,10.207438877582964,183.25198150554218,184.21945956588883,29.778476773127377,246.37239529586395,40.03555427113216,0.36284461900646253,4.856627378035938e-08,0.3628446287197173
322,64.59999999999614,1.664475681299524e-08,0.20978168620015575,9.898704583017624,10.207438871125282,183.25198138985962,184.21945923215287,29.778476754328945,246.37239513999774,40.03555424580388,0.3628446356679035,4.848285301006783e-08,0.3628446453644741
323,64.79999999999625,-1.2483567609746428e-08,0.2097816867793338,9.898704579614234,10.207438867717793,183.25198132796328,184.21945980225402,29.778476744270776,246.3723950577527,40.03555423243905,0.3628446339061853,-5.126394309051818e-09,0.36284463288090646
324,64.99999999999635,-3.7450702829239286e-08,0.20978168816335607,9.898704581266852,10.207438872192625,183.25198140709034,184.2194609368712,29.77847675712894,246.37239516575977,40.03555424999021,0.3628446095847263,-7.077261332533169e-08,0.36284459543020364
325,65.19999999999645,4.16118920324881e-09,0.20978168798116315,9.898704585680688,10.207438877575317,183.25198150412672,184.21946067973425,29.778476772897367,246.37239529567938,40.03555427110217,0.3628446032677348,-1.838170976542486e-08,0.36284459959139287
326,65.39999999999655,1.664475681299524e-08,0.2097816872502618,9.898704587068758,10.207438878127281,183.25198151479444,184.2194600279328,29.77847677463087,246.3723953090019,40.03555427326708,0.3628446114653365,2.385406594473949e-08,0.36284461623614966
327,65.59999999999665,1.664475681299524e-08,0.20978168663265195,9.898704585025392,10.20743887444658,183.25198144918747,184.21945955200738,29.778476763969728,246.37239522016245,40.03555425883066,0.3628446250025585,3.939173986999833e-08,0.36284463288090646
328,65.79999999999676,1.0402973008122025e-08,0.20978168636146025,9.898704581397677,10.207438869309685,183.25198135702718,184.21945940656926,29.77847674899367,246.3723950961755,40.03555423868276,0.3628446365585572,3.36266112177519e-08,0.36284464328387944
329,65.99999999999686,-3.7450702829239286e-08,0.20978168774103956,9.898704580699176,10.207438870745438,183.25198138147525,184.2194605921328,29.77847675296648,246.37239513082966,40.03555424431406,0.3628446171364124,-5.651617895896521e-08,0.3628446058331766
330,66.19999999999696,-1.0402973008122025e-08,0.2097816881348658,9.898704584478136,10.207438876285039,183.2519814807561,184.21946083799438,29.778476769099633,246.37239526453652,40.03555426604145,0.3628446034154716,-3.9926339734375205e-08,0.36284459543020364
331,66.39999999999706,1.664475681299524e-08,0.209781687438698,9.898704586935963,10.207438878275182,183.2519815172663,184.21946019073846,29.77847677503255,246.37239531257168,40.035554273847175,0.3628446088893124,1.5928240115758996e-08,0.36284461207496044
332,66.59999999999717,1.664475681299524e-08,0.20978168677850786,9.898704585693366,10.207438875554889,183.2519814689831,184.21945966008823,29.778476767186522,246.3723952469132,40.03555426317766,0.362844621424519,3.647599111644695e-08,0.36284462871971723
333,66.79999999999727,1.0402973008122025e-08,0.20978168647435472,9.898704582487479,10.207438870906081,183.25198138563925,184.21945947689628,29.778476753643133,246.37239513470703,40.03555424494414,0.3628446326118969,3.2553966466952744e-08,0.3628446391226902
334,66.99999999999737,-1.2483567609746428e-08,0.20978168701132677,9.898704580374394,10.207438869090847,183.25198135243636,184.219459981198,29.77847674824766,246.37239509089352,40.035554237824435,0.3628446288363834,-1.098630408868928e-08,0.3628446266391226
335,67.19999999999747,-3.537010822761488e-08,0.2097816882738998,9.898704582640965,10.207438874151634,183.25198144222904,184.21946099858962,29.77847676283898,246.37239521304346,40.03555425767382,0.3628446050892771,-6.910131356008264e-08,0.36284459126901436
336,67.39999999999758,1.0402973008122025e-08,0.20978168785875712,9.898704586745882,10.207438878741486,183.2519815252341,184.2194605511971,29.778476776327317,246.37239532382668,40.03555427567611,0.3628446029291379,-6.2857527516335665e-09,0.36284460167198734
337,67.59999999999768,1.664475681299524e-08,0.20978168713661657,9.89870458732545,10.207438878265798,183.2519815174019,184.21945992563553,29.778476775054585,246.37239531234516,40.03555427381036,0.3628446126559603,2.8303919208383377e-08,0.36284461831674414
338,67.79999999999778,1.664475681299524e-08,0.2097816865517435,9.898704584767543,10.207438873977082,183.25198144082083,184.21945948943102,29.778476762610147,246.37239520883037,40.035554256989194,0.36284462675575113,4.102874900935305e-08,0.36284463496150093
339,67.99999999999788,1.0402973008122025e-08,0.20978168630181634,9.898704580882702,10.20743886854466,183.25198134332135,184.21945936799992,29.778476746766465,246.3723950777104,40.03555423568218,0.3628446385187075,3.422883199100113e-08,0.3628446453644739
340,68.19999999999798,-3.7450702829239286e-08,0.20978168769210026,9.898704580068413,10.207438869849243,183.25198136539873,184.21946056533102,29.778476750354045,246.37239510919855,40.03555424079901,0.36284461917269795,-5.629463423195702e-08,0.3628446079137711
341,68.39999999999809,-2.4967135219492856e-08,0.20978168857205995,9.898704584737038,10.207438877359287,183.25198149964632,184.21946120252818,29.778476772169302,246.37239529046514,40.035554270254856,0.36284459627345933,-6.663411711294032e-08,0.3628445829466359
342,68.59999999999819,2.2886540617868455e-08,0.20978168764146232,9.89870458864251,10.207438880819014,183.25198156283525,184.2194603228857,29.77847678243751,246.37239537397102,40.035554283824574,0.36284460231635307,1.758411721786146e-08,0.3628446058331765
343,68.79999999999829,2.2886540617868455e-08,0.20978168671291808,9.898704587352384,10.207438877582964,183.25198150554218,184.21945956588883,29.778476773127377,246.37239529586395,40.03555427113216,0.36284461900646237,4.856627378035938e-08,0.3628446287197171
344,68.9999999999984,1.664475681299524e-08,0.20978168620015564,9.898704583017626,10.207438871125284,183.25198138985937,184.21945923215276,29.778476754328903,246.3723951399978,40.03555424580389,0.3628446356679033,4.848285301006783e-08,0.3628446453644739
345,69.1999999999985,-1.2483567609746428e-08,0.2097816867793338,9.898704579614234,10.207438867717793,183.2519813279635,184.21945980225402,29.778476744270815,246.3723950577527,40.03555423243905,0.36284463390618515,-5.126394309051818e-09,0.3628446328809063
346,69.3999999999986,-3.7450702829239286e-08,0.20978168816335607,9.898704581266852,10.207438872192625,183.25198140709097,184.2194609368712,29.778476757129038,246.37239516575977,40.03555424999021,0.36284460958472614,-7.077261332533169e-08,0.3628445954302035
347,69.5999999999987,4.16118920324881e-09,0.20978168798116334,9.898704585680688,10.207438877575317,183.25198150412706,184.21946067973445,29.77847677289742,246.37239529567938,40.03555427110217,0.36284460326773466,-1.838170976542486e-08,0.3628445995913927
348,69.7999999999988,1.664475681299524e-08,0.20978168725026228,9.898704587068755,10.207438878127277,183.25198151479464,184.21946002793325,29.778476774630906,246.3723953090018,40.03555427326707,0.3628446114653363,2.385406594473949e-08,0.3628446162361495
349,69.9999999999989,1.664475681299524e-08,0.20978168663265195,9.898704585025392,10.207438874446579,183.25198144918727,184.2194595520074,29.778476763969696,246.3723952201624,40.03555425883065,0.3628446250025583,3.939173986999833e-08,0.3628446328809063
350,70.19999999999901,1.0402973008122025e-08,0.20978168636146036,9.898704581397675,10.207438869309684,183.2519813570273,184.2194594065694,29.778476748993686,246.37239509617544,40.03555423868275,0.36284463655855703,3.36266112177519e-08,0.3628446432838793
351,70.39999999999911,-3.7450702829239286e-08,0.20978168774103909,9.89870458069918,10.207438870745442,183.25198138147533,184.21946059213235,29.778476752966498,246.3723951308297,40.03555424431407,0.36284461713641225,-5.651617895896521e-08,0.36284460583317646
352,70.59999999999921,-1.0402973008122025e-08,0.2097816881348658,9.898704584478136,10.207438876285039,183.25198148075597,184.21946083799438,29.778476769099615,246.37239526453652,40.03555426604145,0.3628446034154714,-3.9926339734375205e-08,0.3628445954302035
353,70.79999999999932,1.664475681299524e-08,0.209781687438698,9.898704586935963,10.207438878275182,183.2519815172663,184.21946019073846,29.77847677503255,246.37239531257168,40.035554273847175,0.36284460888931225,1.5928240115758996e-08,0.36284461207496027
354,70.99999999999942,1.664475681299524e-08,0.20978168677850786,9.898704585693366,10.207438875554889,183.2519814689831,184.21945966008823,29.778476767186522,246.3723952469132,40.03555426317766,0.36284462142451884,3.647599111644695e-08,0.36284462871971707
355,71.19999999999952,1.0402973008122025e-08,0.20978168647435472,9.898704582487479,10.207438870906081,183.25198138563925,184.21945947689628,29.778476753643133,246.37239513470703,40.03555424494414,0.36284463261189676,3.2553966466952744e-08,0.36284463912269005
356,71.39999999999962,-1.2483567609746428e-08,0.20978168701132677,9.898704580374394,10.207438869090847,183.25198135243645,184.219459981198,29.778476748247673,246.37239509089352,40.035554237824435,0.36284462883638324,-1.098630408868928e-08,0.3628446266391224
357,71.59999999999972,-3.537010822761488e-08,0.2097816882738998,9.898704582640965,10.207438874151636,183.25198144222918,184.2194609985896,29.778476762839006,246.37239521304352,40.03555425767383,0.3628446050892769,-6.910131356008264e-08,0.3628445912690142
358,71.79999999999983,1.0402973008122025e-08,0.20978168785875712,9.898704586745882,10.207438878741486,183.2519815252341,184.2194605511971,29.778476776327317,246.37239532382668,40.03555427567611,0.3628446029291377,-6.2857527516335665e-09,0.3628446016719872
359,71.99999999999993,1.664475681299524e-08,0.20978168713661657,9.89870458732545,10.207438878265798,183.2519815174019,184.21945992563553,29.778476775054585,246.37239531234516,40.03555427381036,0.36284461265596013,2.8303919208383377e-08,0.36284461831674397
360,72.20000000000003,1.664475681299524e-08,0.20978168655174398,9.89870458476754,10.207438873977079,183.25198144082032,184.21945948943147,29.778476762610065,246.37239520883034,40.03555425698919,0.36284462675575097,4.102874900935305e-08,0.36284463496150077
361,72.40000000000013,1.0402973008122025e-08,0.20978168630181634,9.898704580882702,10.20743886854466,183.25198134332135,184.21945936799992,29.77847674676647,246.3723950777104,40.03555423568218,0.36284463851870735,3.422883199100113e-08,0.36284464536447375
362,72.60000000000024,-3.7450702829239286e-08,0.20978168769210048,9.898704580068413,10.207438869849243,183.25198136539876,184.21946056533122,29.77847675035405,246.37239510919855,40.03555424079901,0.3628446191726978,-5.629463423195702e-08,0.36284460791377093
363,72.80000000000034,-2.4967135219492856e-08,0.20978168857205995,9.898704584737038,10.207438877359287,183.25198149964632,184.21946120252818,29.7784767721693,246.37239529046514,40.035554270254856,0.36284459627345916,-6.663411711294032e-08,0.36284458294663574
364,73.00000000000044,2.2886540617868455e-08,0.20978168764146232,9.89870458864251,10.207438880819014,183.25198156283528,184.2194603228857,29.778476782437515,246.37239537397102,40.035554283824574,0.3628446023163529,1.758411721786146e-08,0.36284460583317635
365,73.20000000000054,2.2886540617868455e-08,0.20978168671291847,9.898704587352382,10.207438877582963,183.25198150554215,184.21945956588922,29.778476773127373,246.3723952958639,40.035554271132156,0.3628446190064622,4.856627378035938e-08,0.36284462871971696
366,73.40000000000065,1.664475681299524e-08,0.20978168620015575,9.898704583017624,10.207438871125282,183.25198138985962,184.21945923215287,29.778476754328945,246.37239513999774,40.03555424580388,0.36284463566790315,4.848285301006783e-08,0.36284464536447375
367,73.60000000000075,-1.2483567609746428e-08,0.2097816867793338,9.898704579614234,10.207438867717793,183.25198132796328,184.21945980225402,29.778476744270776,246.3723950577527,40.03555423243905,0.362844633906185,-5.126394309051818e-09,0.3628446328809061
368,73.80000000000085,-3.7450702829239286e-08,0.20978168816335627,9.898704581266852,10.207438872192625,183.25198140709065,184.21946093687134,29.77847675712899,246.37239516575977,40.03555424999021,0.362844609584726,-7.077261332533169e-08,0.3628445954302033
369,74.00000000000095,4.16118920324881e-09,0.20978168798116334,9.898704585680688,10.207438877575317,183.2519815041267,184.21946067973445,29.77847677289736,246.37239529567938,40.03555427110217,0.3628446032677345,-1.838170976542486e-08,0.36284459959139254
370,74.20000000000105,1.664475681299524e-08,0.20978168725026228,9.898704587068755,10.207438878127277,183.25198151479486,184.21946002793325,29.778476774630942,246.3723953090018,40.03555427326707,0.36284461146533614,2.385406594473949e-08,0.36284461623614933
371,74.40000000000116,1.664475681299524e-08,0.20978168663265195,9.898704585025392,10.207438874446579,183.25198144918727,184.2194595520074,29.778476763969696,246.3723952201624,40.03555425883065,0.36284462500255815,3.939173986999833e-08,0.3628446328809061
372,74.60000000000126,1.0402973008122025e-08,0.20978168636146036,9.898704581397675,10.207438869309684,183.2519813570273,184.2194594065694,29.778476748993686,246.37239509617544,40.03555423868275,0.36284463655855687,3.36266112177519e-08,0.3628446432838791
373,74.80000000000136,-3.7450702829239286e-08,0.20978168774103909,9.89870458069918,10.207438870745442,183.25198138147533,184.21946059213235,29.778476752966498,246.3723951308297,40.03555424431407,0.3628446171364121,-5.651617895896521e-08,0.3628446058331763
374,75.00000000000146,-1.0402973008122025e-08,0.2097816881348658,9.898704584478136,10.207438876285039,183.25198148075597,184.21946083799438,29.778476769099615,246.37239526453652,40.03555426604145,0.36284460341547126,-3.9926339734375205e-08,0.3628445954302033
375,75.20000000000157,1.664475681299524e-08,0.209781687438698,9.898704586935963,10.207438878275182,183.25198151726633,184.21946019073846,29.778476775032555,246.37239531257168,40.035554273847175,0.3628446088893121,1.5928240115758996e-08,0.3628446120749601
376,75.40000000000167,1.664475681299524e-08,0.2097816867785082,9.898704585693364,10.207438875554887,183.25198146898308,184.21945966008855,29.77847676718652,246.37239524691316,40.03555426317765,0.3628446214245187,3.647599111644695e-08,0.3628446287197169
377,75.60000000000177,1.0402973008122025e-08,0.20978168647435472,9.898704582487479,10.207438870906081,183.25198138563925,184.21945947689628,29.778476753643133,246.37239513470703,40.03555424494414,0.3628446326118966,3.2553966466952744e-08,0.3628446391226899
378,75.80000000000187,-1.2483567609746428e-08,0.20978168701132677,9.898704580374394,10.207438869090847,183.25198135243636,184.219459981198,29.77847674824766,246.37239509089352,40.035554237824435,0.3628446288363831,-1.098630408868928e-08,0.36284462663912226
379,76.00000000000198,-3.537010822761488e-08,0.2097816882738998,9.898704582640965,10.207438874151636,183.2519814422292,184.2194609985896,29.77847676283901,246.37239521304352,40.03555425767383,0.36284460508927674,-6.910131356008264e-08,0.362844591269014
380,76.20000000000208,1.0402973008122025e-08,0.20978168785875712,9.898704586745882,10.207438878741486,183.25198152523416,184.2194605511971,29.778476776327327,246.37239532382668,40.03555427567611,0.36284460292913756,-6.2857527516335665e-09,0.362844601671987
381,76.40000000000218,1.664475681299524e-08,0.20978168713661657,9.89870458732545,10.207438878265798,183.25198151740202,184.21945992563553,29.778476775054603,246.37239531234516,40.03555427381036,0.36284461265595996,2.8303919208383377e-08,0.3628446183167438
382,76.60000000000228,1.664475681299524e-08,0.2097816865517437,9.898704584767543,10.207438873977082,183.25198144082086,184.21945948943122,29.778476762610154,246.37239520883037,40.035554256989194,0.3628446267557508,4.102874900935305e-08,0.3628446349615006
383,76.80000000000238,1.0402973008122025e-08,0.20978168630181634,9.898704580882702,10.20743886854466,183.25198134332138,184.21945936799992,29.778476746766472,246.3723950777104,40.03555423568218,0.3628446385187072,3.422883199100113e-08,0.3628446453644736
384,77.00000000000249,-3.7450702829239286e-08,0.20978168769210048,9.898704580068413,10.207438869849245,183.25198136539873,184.2194605653312,29.778476750354045,246.3723951091986,40.035554240799016,0.3628446191726976,-5.629463423195702e-08,0.36284460791377077
385,77.20000000000259,-2.4967135219492856e-08,0.20978168857205978,9.89870458473704,10.207438877359289,183.25198149964706,184.21946120252798,29.77847677216942,246.37239529046516,40.03555427025486,0.362844596273459,-6.663411711294032e-08,0.3628445829466356
386,77.40000000000269,2.2886540617868455e-08,0.20978168764146277,9.898704588642506,10.207438880819012,183.25198156283528,184.2194603228861,29.778476782437515,246.37239537397096,40.03555428382457,0.36284460231635274,1.758411721786146e-08,0.3628446058331762
387,77.6000000000028,2.2886540617868455e-08,0.20978168671291847,9.898704587352382,10.207438877582963,183.25198150554232,184.21945956588922,29.7784767731274,246.3723952958639,40.035554271132156,0.36284461900646203,4.856627378035938e-08,0.3628446287197168
388,77.8000000000029,1.664475681299524e-08,0.20978168620015575,9.898704583017624,10.207438871125282,183.2519813898598,184.21945923215287,29.778476754328974,246.37239513999774,40.03555424580388,0.362844635667903,4.848285301006783e-08,0.3628446453644736
389,78.000000000003,-1.2483567609746428e-08,0.2097816867793338,9.898704579614234,10.207438867717793,183.25198132796322,184.21945980225402,29.77847674427077,246.3723950577527,40.03555423243905,0.3628446339061848,-5.126394309051818e-09,0.36284463288090596
390,78.2000000000031,-3.7450702829239286e-08,0.20978168816335627,9.898704581266852,10.207438872192625,183.25198140709065,184.21946093687134,29.77847675712899,246.37239516575977,40.03555424999021,0.3628446095847258,-7.077261332533169e-08,0.36284459543020314
391,78.4000000000032,4.16118920324881e-09,0.20978168798116334,9.898704585680688,10.207438877575317,183.25198150412703,184.21946067973445,29.778476772897417,246.37239529567938,40.03555427110217,0.3628446032677343,-1.838170976542486e-08,0.36284459959139237
392,78.6000000000033,1.664475681299524e-08,0.20978168725026228,9.898704587068755,10.207438878127277,183.2519815147953,184.21946002793325,29.77847677463101,246.3723953090018,40.03555427326707,0.362844611465336,2.385406594473949e-08,0.36284461623614916
393,78.80000000000341,1.664475681299524e-08,0.20978168663265195,9.898704585025392,10.20743887444658,183.25198144918699,184.21945955200738,29.77847676396965,246.37239522016245,40.03555425883066,0.362844625002558,3.939173986999833e-08,0.36284463288090596
394,79.00000000000351,1.0402973008122025e-08,0.20978168636146025,9.898704581397677,10.207438869309685,183.2519813570273,184.21945940656926,29.778476748993683,246.3723950961755,40.03555423868276,0.3628446365585567,3.36266112177519e-08,0.36284464328387894
395,79.20000000000361,-3.7450702829239286e-08,0.20978168774103909,9.89870458069918,10.207438870745442,183.25198138147533,184.21946059213235,29.778476752966494,246.3723951308297,40.03555424431407,0.3628446171364119,-5.651617895896521e-08,0.3628446058331761
396,79.40000000000371,-1.0402973008122025e-08,0.20978168813486528,9.89870458447814,10.20743887628504,183.25198148075555,184.21946083799392,29.778476769099548,246.37239526453655,40.03555426604146,0.3628446034154711,-3.9926339734375205e-08,0.36284459543020314
397,79.60000000000382,1.664475681299524e-08,0.209781687438698,9.898704586935963,10.207438878275182,183.25198151726633,184.21946019073846,29.778476775032555,246.37239531257168,40.035554273847175,0.3628446088893119,1.5928240115758996e-08,0.36284461207495994
398,79.80000000000392,1.664475681299524e-08,0.2097816867785082,9.898704585693364,10.207438875554887,183.251981468983,184.21945966008855,29.778476767186504,246.37239524691316,40.03555426317765,0.3628446214245185,3.647599111644695e-08,0.36284462871971673
399,80.00000000000402,1.0402973008122025e-08,0.20978168647435472,9.898704582487479,10.207438870906081,183.25198138563914,184.21945947689628,29.778476753643115,246.37239513470703,40.03555424494414,0.3628446326118964,3.2553966466952744e-08,0.3628446391226897
400,80.20000000000412,-1.2483567609746428e-08,0.20978168701132677,9.898704580374394,10.207438869090847,183.25198135243636,184.219459981198,29.77847674824766,246.37239509089352,40.035554237824435,0.3628446288363829,-1.098630408868928e-08,0.3628446266391221
401,80.40000000000423,-3.537010822761488e-08,0.2097816882738998,9.898704582640965,10.207438874151636,183.25198144222918,184.2194609985896,29.778476762839006,246.37239521304352,40.03555425767383,0.3628446050892766,-6.910131356008264e-08,0.36284459126901386
402,80.60000000000433,1.0402973008122025e-08,0.20978168785875712,9.898704586745882,10.207438878741488,183.2519815252341,184.21946055119707,29.778476776327317,246.3723953238267,40.03555427567612,0.3628446029291374,-6.2857527516335665e-09,0.36284460167198684
403,80.80000000000443,1.664475681299524e-08,0.20978168713661657,9.89870458732545,10.207438878265798,183.25198151740184,184.21945992563553,29.77847677505458,246.37239531234516,40.03555427381036,0.3628446126559598,2.8303919208383377e-08,0.36284461831674364
404,81.00000000000453,1.664475681299524e-08,0.2097816865517437,9.898704584767543,10.207438873977082,183.25198144082077,184.21945948943122,29.77847676261014,246.37239520883037,40.035554256989194,0.36284462675575063,4.102874900935305e-08,0.36284463496150043
405,81.20000000000464,1.0402973008122025e-08,0.20978168630181634,9.898704580882702,10.20743886854466,183.25198134332135,184.21945936799992,29.778476746766465,246.3723950777104,40.03555423568218,0.362844638518707,3.422883199100113e-08,0.3628446453644734
406,81.40000000000474,-3.7450702829239286e-08,0.20978168769210048,9.898704580068413,10.207438869849245,183.25198136539856,184.2194605653312,29.77847675035402,246.3723951091986,40.035554240799016,0.36284461917269745,-5.629463423195702e-08,0.3628446079137706
407,81.60000000000484,-2.4967135219492856e-08,0.20978168857205995,9.898704584737038,10.207438877359287,183.25198149964706,184.21946120252818,29.77847677216942,246.37239529046514,40.035554270254856,0.36284459627345883,-6.663411711294032e-08,0.3628445829466354
408,81.80000000000494,2.2886540617868455e-08,0.20978168764146232,9.89870458864251,10.207438880819014,183.25198156283545,184.2194603228857,29.778476782437544,246.37239537397102,40.035554283824574,0.36284460231635257,1.758411721786146e-08,0.362844605833176
409,82.00000000000504,2.2886540617868455e-08,0.20978168671291847,9.898704587352382,10.207438877582963,183.25198150554232,184.21945956588922,29.7784767731274,246.3723952958639,40.035554271132156,0.36284461900646187,4.856627378035938e-08,0.3628446287197166
410,82.20000000000515,1.664475681299524e-08,0.20978168620015575,9.898704583017624,10.207438871125282,183.25198138985976,184.21945923215287,29.778476754328967,246.37239513999774,40.03555424580388,0.3628446356679028,4.848285301006783e-08,0.3628446453644734
411,82.40000000000525,-1.2483567609746428e-08,0.2097816867793338,9.898704579614234,10.207438867717793,183.25198132796322,184.21945980225402,29.77847674427077,246.3723950577527,40.03555423243905,0.36284463390618465,-5.126394309051818e-09,0.3628446328809058
412,82.60000000000535,-3.7450702829239286e-08,0.20978168816335627,9.898704581266852,10.207438872192625,183.25198140709074,184.21946093687134,29.778476757129003,246.37239516575977,40.03555424999021,0.36284460958472564,-7.077261332533169e-08,0.362844595430203
413,82.80000000000545,4.16118920324881e-09,0.20978168798116334,9.898704585680688,10.207438877575317,183.2519815041267,184.21946067973445,29.77847677289736,246.37239529567938,40.03555427110217,0.36284460326773416,-1.838170976542486e-08,0.3628445995913922
414,83.00000000000556,1.664475681299524e-08,0.20978168725026228,9.898704587068755,10.207438878127277,183.25198151479486,184.21946002793325,29.778476774630942,246.3723953090018,40.03555427326707,0.3628446114653358,2.385406594473949e-08,0.362844616236149
415,83.20000000000566,1.664475681299524e-08,0.20978168663265195,9.898704585025392,10.20743887444658,183.25198144918699,184.21945955200738,29.77847676396965,246.37239522016245,40.03555425883066,0.3628446250025578,3.939173986999833e-08,0.3628446328809058
416,83.40000000000576,1.0402973008122025e-08,0.20978168636146025,9.898704581397677,10.207438869309685,183.2519813570273,184.21945940656926,29.778476748993683,246.3723950961755,40.03555423868276,0.36284463655855653,3.36266112177519e-08,0.3628446432838788
417,83.60000000000586,-3.7450702829239286e-08,0.20978168774103909,9.89870458069918,10.207438870745442,183.25198138147533,184.21946059213235,29.778476752966494,246.3723951308297,40.03555424431407,0.36284461713641175,-5.651617895896521e-08,0.36284460583317596
418,83.80000000000597,-1.0402973008122025e-08,0.2097816881348658,9.898704584478136,10.207438876285039,183.25198148075603,184.21946083799438,29.778476769099626,246.37239526453652,40.03555426604145,0.3628446034154709,-3.9926339734375205e-08,0.362844595430203
419,84.00000000000607,1.664475681299524e-08,0.20978168743869785,9.898704586935965,10.207438878275184,183.2519815172663,184.21946019073832,29.77847677503255,246.37239531257174,40.03555427384718,0.36284460888931175,1.5928240115758996e-08,0.36284461207495977
420,84.20000000000617,1.664475681299524e-08,0.2097816867785082,9.898704585693364,10.207438875554887,183.25198146898262,184.21945966008855,29.778476767186444,246.37239524691316,40.03555426317765,0.36284462142451834,3.647599111644695e-08,0.36284462871971657
421,84.40000000000627,1.0402973008122025e-08,0.20978168647435472,9.898704582487479,10.207438870906081,183.25198138563928,184.21945947689633,29.778476753643137,246.37239513470698,40.03555424494413,0.36284463261189626,3.2553966466952744e-08,0.36284463912268955
422,84.60000000000637,-1.2483567609746428e-08,0.20978168701132677,9.898704580374394,10.207438869090845,183.25198135243633,184.21945998119804,29.778476748247652,246.37239509089346,40.03555423782443,0.36284462883638274,-1.098630408868928e-08,0.3628446266391219
423,84.80000000000648,-3.537010822761488e-08,0.2097816882738998,9.898704582640965,10.207438874151634,183.25198144222955,184.21946099858962,29.778476762839066,246.37239521304346,40.03555425767382,0.3628446050892764,-6.910131356008264e-08,0.3628445912690137
424,85.00000000000658,1.0402973008122025e-08,0.20978168785875712,9.898704586745882,10.207438878741486,183.25198152523402,184.2194605511971,29.778476776327306,246.37239532382668,40.03555427567611,0.3628446029291372,-6.2857527516335665e-09,0.3628446016719867
425,85.20000000000668,1.664475681299524e-08,0.20978168713661657,9.89870458732545,10.207438878265798,183.25198151740196,184.21945992563553,29.778476775054592,246.37239531234516,40.03555427381036,0.36284461265595963,2.8303919208383377e-08,0.3628446183167435
426,85.40000000000678,1.664475681299524e-08,0.20978168655174417,9.89870458476754,10.207438873977079,183.25198144082032,184.21945948943167,29.778476762610065,246.37239520883034,40.03555425698919,0.36284462675575047,4.102874900935305e-08,0.36284463496150027
427,85.60000000000689,1.0402973008122025e-08,0.20978168630181687,9.898704580882699,10.207438868544656,183.25198134332135,184.2194593680004,29.778476746766465,246.37239507771037,40.03555423568217,0.36284463851870685,3.422883199100113e-08,0.36284464536447325
428,85.80000000000699,-3.7450702829239286e-08,0.20978168769210048,9.898704580068413,10.207438869849243,183.25198136539873,184.21946056533122,29.778476750354045,246.37239510919855,40.03555424079901,0.3628446191726973,-5.629463423195702e-08,0.36284460791377043
429,86.00000000000709,-2.4967135219492856e-08,0.20978168857205995,9.898704584737038,10.207438877359287,183.25198149964632,184.21946120252818,29.7784767721693,246.37239529046514,40.035554270254856,0.36284459627345866,-6.663411711294032e-08,0.36284458294663524
430,86.2000000000072,2.2886540617868455e-08,0.20978168764146277,9.898704588642506,10.207438880819012,183.25198156283525,184.2194603228861,29.77847678243751,246.37239537397096,40.03555428382457,0.3628446023163524,1.758411721786146e-08,0.36284460583317585
431,86.4000000000073,2.2886540617868455e-08,0.20978168671291847,9.898704587352382,10.207438877582963,183.2519815055423,184.21945956588922,29.778476773127394,246.3723952958639,40.035554271132156,0.3628446190064617,4.856627378035938e-08,0.36284462871971646
432,86.6000000000074,1.664475681299524e-08,0.20978168620015575,9.898704583017624,10.207438871125282,183.25198138985962,184.21945923215287,29.778476754328945,246.37239513999774,40.03555424580388,0.36284463566790265,4.848285301006783e-08,0.36284464536447325
433,86.8000000000075,-1.2483567609746428e-08,0.2097816867793338,9.898704579614234,10.207438867717793,183.25198132796322,184.21945980225402,29.77847674427077,246.3723950577527,40.03555423243905,0.3628446339061845,-5.126394309051818e-09,0.3628446328809056
434,87.0000000000076,-3.7450702829239286e-08,0.2097816881633558,9.898704581266855,10.207438872192629,183.25198140709023,184.21946093687092,29.77847675712892,246.3723951657598,40.03555424999022,0.3628446095847255,-7.077261332533169e-08,0.3628445954302028
435,87.2000000000077,4.16118920324881e-09,0.20978168798116334,9.898704585680688,10.207438877575317,183.25198150412672,184.21946067973445,29.778476772897367,246.37239529567938,40.03555427110217,0.362844603267734,-1.838170976542486e-08,0.36284459959139204
436,87.40000000000781,1.664475681299524e-08,0.20978168725026228,9.898704587068755,10.207438878127277,183.25198151479486,184.21946002793325,29.778476774630942,246.3723953090018,40.03555427326707,0.36284461146533564,2.385406594473949e-08,0.36284461623614883
437,87.60000000000791,1.664475681299524e-08,0.20978168663265195,9.898704585025392,10.20743887444658,183.25198144918681,184.21945955200738,29.778476763969625,246.37239522016245,40.03555425883066,0.36284462500255765,3.939173986999833e-08,0.3628446328809056
438,87.80000000000801,1.0402973008122025e-08,0.20978168636146025,9.898704581397677,10.207438869309685,183.25198135702718,184.21945940656926,29.77847674899367,246.3723950961755,40.03555423868276,0.36284463655855637,3.36266112177519e-08,0.3628446432838786
439,88.00000000000811,-3.7450702829239286e-08,0.20978168774103956,9.898704580699176,10.207438870745438,183.25198138147542,184.2194605921328,29.77847675296651,246.37239513082966,40.03555424431406,0.3628446171364116,-5.651617895896521e-08,0.3628446058331758
440,88.20000000000822,-1.0402973008122025e-08,0.2097816881348658,9.898704584478136,10.207438876285039,183.25198148075611,184.21946083799438,29.778476769099637,246.37239526453652,40.03555426604145,0.36284460341547076,-3.9926339734375205e-08,0.3628445954302028
441,88.40000000000832,1.664475681299524e-08,0.20978168743869785,9.898704586935965,10.207438878275184,183.25198151726624,184.21946019073832,29.77847677503254,246.37239531257174,40.03555427384718,0.3628446088893116,1.5928240115758996e-08,0.3628446120749596
442,88.60000000000842,1.664475681299524e-08,0.20978168677850786,9.898704585693366,10.207438875554889,183.2519814689835,184.21945966008823,29.778476767186586,246.3723952469132,40.03555426317766,0.3628446214245182,3.647599111644695e-08,0.3628446287197164
443,88.80000000000852,1.0402973008122025e-08,0.20978168647435472,9.898704582487479,10.207438870906081,183.25198138563957,184.21945947689628,29.778476753643186,246.37239513470703,40.03555424494414,0.3628446326118961,3.2553966466952744e-08,0.3628446391226894
444,89.00000000000863,-1.2483567609746428e-08,0.20978168701132677,9.898704580374394,10.207438869090847,183.251981352436,184.219459981198,29.7784767482476,246.37239509089352,40.035554237824435,0.3628446288363826,-1.098630408868928e-08,0.36284462663912176
445,89.20000000000873,-3.537010822761488e-08,0.2097816882738998,9.898704582640965,10.207438874151636,183.2519814422295,184.2194609985896,29.778476762839055,246.37239521304352,40.03555425767383,0.36284460508927624,-6.910131356008264e-08,0.36284459126901353
446,89.40000000000883,1.0402973008122025e-08,0.20978168785875712,9.898704586745882,10.207438878741488,183.25198152523404,184.21946055119707,29.77847677632731,246.3723953238267,40.03555427567612,0.36284460292913706,-6.2857527516335665e-09,0.3628446016719865
447,89.60000000000893,1.664475681299524e-08,0.20978168713661657,9.89870458732545,10.207438878265798,183.25198151740298,184.21945992563548,29.778476775054763,246.3723953123452,40.03555427381037,0.36284461265595946,2.8303919208383377e-08,0.3628446183167433
448,89.80000000000904,1.664475681299524e-08,0.20978168655174417,9.89870458476754,10.207438873977079,183.2519814408203,184.21945948943167,29.77847676261006,246.37239520883034,40.03555425698919,0.3628446267557503,4.102874900935305e-08,0.3628446349615001
449,90.00000000000914,1.0402973008122025e-08,0.20978168630181634,9.898704580882702,10.20743886854466,183.25198134332138,184.21945936799992,29.778476746766472,246.3723950777104,40.03555423568218,0.3628446385187067,3.422883199100113e-08,0.3628446453644731
450,90.20000000000924,-3.7450702829239286e-08,0.20978168769210048,9.898704580068413,10.207438869849245,183.2519813653986,184.2194605653312,29.778476750354024,246.3723951091986,40.035554240799016,0.3628446191726971,-5.629463423195702e-08,0.36284460791377027
451,90.40000000000934,-2.4967135219492856e-08,0.20978168857206025,9.898704584737036,10.207438877359285,183.25198149964643,184.2194612025285,29.77847677216932,246.37239529046508,40.03555427025485,0.3628445962734585,-6.663411711294032e-08,0.3628445829466351
452,90.60000000000944,2.2886540617868455e-08,0.2097816876414625,9.898704588642508,10.207438880819014,183.25198156283525,184.21946032288585,29.77847678243751,246.37239537397102,40.035554283824574,0.36284460231635224,1.758411721786146e-08,0.3628446058331757
453,90.80000000000955,2.2886540617868455e-08,0.2097816867129183,9.898704587352384,10.207438877582964,183.25198150554218,184.21945956588903,29.778476773127377,246.37239529586395,40.03555427113216,0.36284461900646153,4.856627378035938e-08,0.3628446287197163
454,91.00000000000965,1.664475681299524e-08,0.20978168620015564,9.898704583017626,10.207438871125284,183.25198138985988,184.21945923215276,29.778476754328985,246.3723951399978,40.03555424580389,0.3628446356679025,4.848285301006783e-08,0.3628446453644731
455,91.20000000000975,-1.2483567609746428e-08,0.2097816867793339,9.898704579614236,10.207438867717794,183.25198132796342,184.2194598022541,29.7784767442708,246.37239505775273,40.035554232439054,0.3628446339061843,-5.126394309051818e-09,0.36284463288090546
456,91.40000000000985,-3.7450702829239286e-08,0.2097816881633558,9.898704581266855,10.207438872192629,183.25198140708994,184.21946093687092,29.778476757128875,246.3723951657598,40.03555424999022,0.3628446095847253,-7.077261332533169e-08,0.36284459543020264
457,91.60000000000996,4.16118920324881e-09,0.20978168798116334,9.898704585680688,10.207438877575317,183.25198150412672,184.21946067973445,29.778476772897367,246.37239529567938,40.03555427110217,0.3628446032677338,-1.838170976542486e-08,0.36284459959139187
458,91.80000000001006,1.664475681299524e-08,0.20978168725026228,9.898704587068755,10.207438878127277,183.25198151479486,184.21946002793325,29.778476774630942,246.3723953090018,40.03555427326707,0.3628446114653355,2.385406594473949e-08,0.36284461623614866
459,92.00000000001016,1.664475681299524e-08,0.20978168663265195,9.898704585025392,10.20743887444658,183.25198144918681,184.21945955200738,29.778476763969625,246.37239522016245,40.03555425883066,0.3628446250025575,3.939173986999833e-08,0.36284463288090546
460,92.20000000001026,1.0402973008122025e-08,0.20978168636146025,9.898704581397677,10.207438869309685,183.25198135702718,184.21945940656926,29.77847674899367,246.3723950961755,40.03555423868276,0.3628446365585562,3.36266112177519e-08,0.36284464328387844
461,92.40000000001037,-3.7450702829239286e-08,0.20978168774103956,9.898704580699176,10.207438870745438,183.25198138147542,184.2194605921328,29.77847675296651,246.37239513082966,40.03555424431406,0.3628446171364114,-5.651617895896521e-08,0.3628446058331756
462,92.60000000001047,-1.0402973008122025e-08,0.2097816881348658,9.898704584478136,10.207438876285039,183.25198148075611,184.21946083799438,29.778476769099637,246.37239526453652,40.03555426604145,0.3628446034154706,-3.9926339734375205e-08,0.36284459543020264
463,92.80000000001057,1.664475681299524e-08,0.20978168743869785,9.898704586935965,10.207438878275184,183.25198151726624,184.21946019073832,29.77847677503254,246.37239531257174,40.03555427384718,0.3628446088893114,1.5928240115758996e-08,0.36284461207495944
464,93.00000000001067,1.664475681299524e-08,0.20978168677850806,9.898704585693366,10.207438875554889,183.25198146898273,184.21945966008838,29.778476767186465,246.3723952469132,40.03555426317766,0.362844621424518,3.647599111644695e-08,0.36284462871971623
465,93.20000000001077,1.0402973008122025e-08,0.20978168647435472,9.898704582487479,10.207438870906081,183.25198138563914,184.21945947689628,29.778476753643115,246.37239513470703,40.03555424494414,0.3628446326118959,3.2553966466952744e-08,0.3628446391226892
466,93.40000000001088,-1.2483567609746428e-08,0.20978168701132677,9.898704580374394,10.207438869090847,183.25198135243636,184.219459981198,29.77847674824766,246.37239509089352,40.035554237824435,0.3628446288363824,-1.098630408868928e-08,0.3628446266391216
467,93.60000000001098,-3.537010822761488e-08,0.2097816882738998,9.898704582640965,10.207438874151634,183.25198144222915,184.21946099858962,29.778476762839002,246.37239521304346,40.03555425767382,0.3628446050892761,-6.910131356008264e-08,0.36284459126901336
468,93.80000000001108,1.0402973008122025e-08,0.20978168785875712,9.898704586745882,10.207438878741486,183.25198152523419,184.2194605511971,29.77847677632733,246.37239532382668,40.03555427567611,0.3628446029291369,-6.2857527516335665e-09,0.36284460167198634
469,94.00000000001118,1.664475681299524e-08,0.20978168713661657,9.89870458732545,10.207438878265798,183.25198151740298,184.21945992563548,29.778476775054763,246.3723953123452,40.03555427381037,0.3628446126559593,2.8303919208383377e-08,0.36284461831674314
470,94.20000000001129,1.664475681299524e-08,0.20978168655174417,9.89870458476754,10.207438873977079,183.2519814408203,184.21945948943167,29.77847676261006,246.37239520883034,40.03555425698919,0.36284462675575013,4.102874900935305e-08,0.36284463496149993
471,94.40000000001139,1.0402973008122025e-08,0.20978168630181634,9.898704580882702,10.20743886854466,183.25198134332135,184.21945936799992,29.77847674676647,246.3723950777104,40.03555423568218,0.3628446385187065,3.422883199100113e-08,0.3628446453644729
472,94.60000000001149,-3.7450702829239286e-08,0.20978168769210048,9.898704580068413,10.207438869849245,183.25198136539856,184.2194605653312,29.77847675035402,246.3723951091986,40.035554240799016,0.36284461917269695,-5.629463423195702e-08,0.3628446079137701
473,94.8000000000116,-2.4967135219492856e-08,0.20978168857205995,9.898704584737038,10.207438877359287,183.25198149964706,184.21946120252818,29.77847677216942,246.37239529046514,40.035554270254856,0.36284459627345833,-6.663411711294032e-08,0.3628445829466349
474,95.0000000000117,2.2886540617868455e-08,0.2097816876414625,9.898704588642508,10.207438880819014,183.25198156283525,184.21946032288585,29.77847678243751,246.37239537397102,40.035554283824574,0.36284460231635207,1.758411721786146e-08,0.3628446058331755
475,95.2000000000118,2.2886540617868455e-08,0.2097816867129183,9.898704587352384,10.207438877582964,183.25198150554218,184.21945956588903,29.778476773127377,246.37239529586395,40.03555427113216,0.36284461900646137,4.856627378035938e-08,0.3628446287197161
476,95.4000000000119,1.664475681299524e-08,0.20978168620015564,9.898704583017626,10.207438871125284,183.25198138985948,184.21945923215276,29.77847675432892,246.3723951399978,40.03555424580389,0.3628446356679023,4.848285301006783e-08,0.3628446453644729
477,95.600000000012,-1.2483567609746428e-08,0.2097816867793339,9.898704579614236,10.207438867717794,183.2519813279632,184.2194598022541,29.778476744270765,246.37239505775273,40.035554232439054,0.36284463390618416,-5.126394309051818e-09,0.3628446328809053
478,95.8000000000121,-3.7450702829239286e-08,0.20978168816335627,9.898704581266852,10.207438872192625,183.25198140709105,184.21946093687134,29.778476757129056,246.37239516575977,40.03555424999021,0.36284460958472514,-7.077261332533169e-08,0.3628445954302025
479,96.00000000001221,4.16118920324881e-09,0.20978168798116334,9.898704585680688,10.207438877575317,183.25198150412672,184.21946067973445,29.778476772897367,246.37239529567938,40.03555427110217,0.36284460326773366,-1.838170976542486e-08,0.3628445995913917
480,96.20000000001231,1.664475681299524e-08,0.2097816872502618,9.898704587068758,10.207438878127281,183.25198151479444,184.2194600279328,29.77847677463087,246.3723953090019,40.03555427326708,0.3628446114653353,2.385406594473949e-08,0.3628446162361485
481,96.40000000001241,1.664475681299524e-08,0.20978168663265181,9.898704585025394,10.207438874446582,183.2519814491871,184.21945955200718,29.778476763969667,246.37239522016247,40.035554258830665,0.3628446250025573,3.939173986999833e-08,0.3628446328809053
482,96.60000000001251,1.0402973008122025e-08,0.2097816863614599,9.898704581397679,10.207438869309687,183.25198135702738,184.21945940656894,29.7784767489937,246.37239509617552,40.035554238682764,0.36284463655855603,3.36266112177519e-08,0.3628446432838783
483,96.80000000001262,-3.7450702829239286e-08,0.20978168774103956,9.898704580699176,10.207438870745438,183.25198138147562,184.2194605921328,29.778476752966544,246.37239513082966,40.03555424431406,0.36284461713641125,-5.651617895896521e-08,0.36284460583317546
484,97.00000000001272,-1.0402973008122025e-08,0.2097816881348658,9.898704584478136,10.207438876285039,183.25198148075617,184.21946083799438,29.778476769099647,246.37239526453652,40.03555426604145,0.3628446034154704,-3.9926339734375205e-08,0.3628445954302025
485,97.20000000001282,1.664475681299524e-08,0.20978168743869785,9.898704586935965,10.207438878275184,183.25198151726636,184.21946019073832,29.77847677503256,246.37239531257174,40.03555427384718,0.36284460888931125,1.5928240115758996e-08,0.36284461207495927
486,97.40000000001292,1.664475681299524e-08,0.20978168677850842,9.898704585693364,10.207438875554889,183.25198146898308,184.2194596600887,29.77847676718652,246.3723952469132,40.03555426317766,0.36284462142451784,3.647599111644695e-08,0.36284462871971607
487,97.60000000001303,1.0402973008122025e-08,0.20978168647435472,9.898704582487479,10.207438870906081,183.25198138563928,184.21945947689628,29.778476753643137,246.37239513470703,40.03555424494414,0.36284463261189576,3.2553966466952744e-08,0.36284463912268905
488,97.80000000001313,-1.2483567609746428e-08,0.209781687011327,9.898704580374394,10.207438869090847,183.25198135243636,184.2194599811982,29.77847674824766,246.37239509089352,40.035554237824435,0.36284462883638224,-1.098630408868928e-08,0.3628446266391214
489,98.00000000001323,-3.537010822761488e-08,0.2097816882738998,9.898704582640965,10.207438874151636,183.25198144222895,184.2194609985896,29.778476762838967,246.37239521304352,40.03555425767383,0.3628446050892759,-6.910131356008264e-08,0.3628445912690132
490,98.20000000001333,1.0402973008122025e-08,0.20978168785875712,9.898704586745882,10.207438878741488,183.25198152523393,184.21946055119707,29.77847677632729,246.3723953238267,40.03555427567612,0.36284460292913673,-6.2857527516335665e-09,0.3628446016719862
491,98.40000000001343,1.664475681299524e-08,0.20978168713661657,9.89870458732545,10.207438878265798,183.25198151740202,184.21945992563553,29.778476775054603,246.37239531234516,40.03555427381036,0.36284461265595913,2.8303919208383377e-08,0.362844618316743
492,98.60000000001354,1.664475681299524e-08,0.20978168655174417,9.89870458476754,10.207438873977079,183.2519814408203,184.21945948943167,29.77847676261006,246.37239520883034,40.03555425698919,0.36284462675574997,4.102874900935305e-08,0.36284463496149977
493,98.80000000001364,1.0402973008122025e-08,0.20978168630181634,9.898704580882702,10.20743886854466,183.25198134332143,184.21945936799992,29.778476746766483,246.3723950777104,40.03555423568218,0.36284463851870635,3.422883199100113e-08,0.36284464536447275
494,99.00000000001374,-3.7450702829239286e-08,0.20978168769210048,9.898704580068413,10.207438869849245,183.25198136539885,184.2194605653312,29.778476750354063,246.3723951091986,40.035554240799016,0.3628446191726968,-5.629463423195702e-08,0.36284460791376993
495,99.20000000001384,-2.4967135219492856e-08,0.20978168857205998,9.89870458473704,10.207438877359289,183.2519814996466,184.2194612025282,29.778476772169345,246.37239529046516,40.03555427025486,0.36284459627345816,-6.663411711294032e-08,0.36284458294663474
496,99.40000000001395,2.2886540617868455e-08,0.2097816876414625,9.898704588642508,10.207438880819014,183.2519815628354,184.2194603228858,29.778476782437536,246.37239537397105,40.03555428382458,0.3628446023163519,1.758411721786146e-08,0.36284460583317535
497,99.60000000001405,2.2886540617868455e-08,0.2097816867129183,9.898704587352384,10.207438877582964,183.25198150554215,184.21945956588903,29.778476773127373,246.37239529586395,40.03555427113216,0.3628446190064612,4.856627378035938e-08,0.36284462871971596
498,99.80000000001415,1.664475681299524e-08,0.20978168620015564,9.898704583017626,10.207438871125284,183.25198138985937,184.21945923215276,29.778476754328903,246.3723951399978,40.03555424580389,0.36284463566790215,4.848285301006783e-08,0.36284464536447275
499,100.00000000001425,-1.2483567609746428e-08,0.2097816867793339,9.898704579614236,10.207438867717794,183.25198132796388,184.2194598022541,29.778476744270876,246.37239505775273,40.035554232439054,0.362844633906184,-5.126394309051818e-09,0.3628446328809051
