,time,Pitch_increment,Cp,Lambda_i,Lambda,Tem,Tm,Ia,Ea,w,pitch,dpitch,pitch_ref,Vx
0,0.20000000000000004,0.0,0.2203229750573016,9.999678840087208,10.328937018180687,183.92193008739136,188.1041232818116,29.887343526544623,247.27807223071574,40.18272692021823,0.0,0.0,0.0,12.2
1,0.4000000000000002,0.0,0.21840790917083638,10.013892241540482,10.344043828734135,184.19343978189252,186.19678023925118,29.93146389602143,247.63973413112586,40.24149703780499,0.0,0.0,0.0,12.2
2,0.6000000000000003,0.0,0.21779181567244577,10.018455293139432,10.348893980864021,184.28061306042855,185.58453160577167,29.945629567949208,247.75584833209274,40.26036561433069,0.0,0.0,0.0,12.2
3,0.8000000000000005,0.0,0.21759386319018065,10.019920436129663,10.350451337544168,184.30860390141632,185.38795437929008,29.95017808415824,247.79313195159443,40.266424208558306,0.0,0.0,0.0,12.2
4,1.0000000000000007,0.0,0.21753028615001552,10.020390900189986,10.350951414832462,184.31759193973235,185.32483344646243,29.95163864184515,247.8051039626153,40.26836966229465,0.0,0.0,0.0,12.2
5,1.2000000000000008,0.017453292519943295,0.21702045416459823,10.018654665238872,10.349105470474374,184.28514346094175,184.92346076466893,29.946365758768795,247.7609114613434,40.26118837365668,0.011032585021031042,0.03210353749456127,0.017453292519943295,12.2
6,1.400000000000001,0.017453292519943295,0.216561423383453,10.01476819202135,10.34496949729381,184.21177437785462,184.60609692576384,29.93444327084465,247.66189493398076,40.24509817187005,0.025630671711788372,0.046379566640491095,0.03490658503988659,12.2
7,1.6000000000000012,-0.017453292519943295,0.21713663529635996,10.013091865025833,10.343190368994703,184.1794605207113,185.1282702041109,29.929192263807852,247.61930203063747,40.23817681815541,0.020461582207320816,-0.015041448436887601,0.017453292519943295,12.2
8,1.8000000000000014,-0.017453292519943295,0.2177224267430424,10.015159761048785,10.345390942991685,184.2181625247503,185.58822447349857,29.935481345753274,247.6719844794526,40.246737724648774,0.007628560502563882,-0.038142802512819415,0.0,12.2
9,2.0000000000000013,0.017453292519943295,0.21720936225038298,10.015857208141073,10.346131563548077,184.2318802756169,185.13763056782116,29.93771048249823,247.68971517362922,40.24961896533372,0.013838975595689033,0.018071584621271314,0.017453292519943295,12.2
10,2.199999999999997,-0.017453292519943295,0.21763727882360262,10.017056850143762,10.347407493110468,184.2542367895684,185.47948961279826,29.941343419648287,247.72026133747306,40.2545827219221,0.00509107460858594,-0.025455373042929698,0.0,12.2
11,2.399999999999993,0.017453292519943295,0.21713972600137488,10.016838055753967,10.34717428589423,184.25055900391928,185.0596253472926,29.940745778882665,247.71467828175687,40.25367547446097,0.012905486703021184,0.02273902908461056,0.017453292519943295,12.2
12,2.5999999999999885,0.017453292519943295,0.21662529557569804,10.01382548720791,10.343966874423657,184.19381706732074,184.67844310615405,29.931525204964828,247.63789182019767,40.24119766197978,0.026574809494964526,0.04165887772461033,0.03490658503988659,12.2
13,2.7999999999999843,-0.017453292519943295,0.21717282995580423,10.012650896904203,10.34272152378912,184.17105703106455,185.16752280241323,29.927826695374684,247.6080777257156,40.23635286678165,0.02080891108738858,-0.016778092837226415,0.017453292519943295,12.2
14,2.99999999999998,-0.017453292519943295,0.21773934140589957,10.01495802368136,10.345176505357061,184.2143186228933,185.60648988068874,29.934856711076876,247.6668507735533,40.24590349660591,0.007781841744309456,-0.03890920872154728,0.0,12.2
15,3.1999999999999758,0.017453292519943295,0.2172173488531074,10.015769992946128,10.34603885071655,184.23021768870186,185.14609703505906,29.937440311854367,247.6874955986419,40.249258284037595,0.013895364613245033,0.01778963953349131,0.017453292519943295,12.2
16,3.3999999999999715,-0.017453292519943295,0.21764077919045538,10.017020584889634,10.347368945375464,184.25354534710868,185.48316376026284,29.94123106013622,247.71933849230672,40.2544327594326,0.005111818968852887,-0.025559094844264437,0.0,12.2
17,3.5999999999999672,0.017453292519943295,0.2171411960979328,10.016823374427336,10.347158679557957,184.25027901647323,185.0611573748724,29.94070028087718,247.71430466105016,40.253614761035415,0.012913118126683734,0.022700871966297807,0.017453292519943295,12.2
18,3.799999999999963,0.017453292519943295,0.21662587834595215,10.013819376764532,10.343960377171955,184.19370053165423,184.67905593286022,29.931506267900083,247.6377362739035,40.24117238568171,0.026578425926491078,0.04164079556697757,0.03490658503988659,12.2
19,3.9999999999999587,-0.017453292519943295,0.21717307697772942,10.012648405969234,10.342718875634858,184.17100952376958,185.16778083052236,29.927818975431535,247.60801432805135,40.23634256465091,0.020810241498197615,-0.0167847448912716,0.017453292519943295,12.2
20,4.199999999999955,-0.017453292519943295,0.21773944080026142,10.014956991443775,10.345175408146384,184.21429894208555,185.6065942924001,29.934853512942414,247.666824505977,40.24589922812049,0.007782435512710661,-0.03891217756355331,0.0,12.2
21,4.399999999999951,0.017453292519943295,0.21721739067011755,10.01576957461703,10.346038406027509,184.23020971076366,185.1461406358316,29.937439015438112,247.6874849526433,40.24925655406109,0.013895583048432655,0.017788547357553204,0.017453292519943295,12.2
22,4.599999999999946,-0.017453292519943295,0.21764079624008117,10.017020418575052,10.347368768593672,184.25354217513055,185.48318145963944,29.941230544689258,247.7193342600938,40.254432071697316,0.0051118993266676405,-0.025559496633338202,0.0,12.2
23,4.799999999999942,0.017453292519943295,0.21714120291371786,10.016823309264023,10.347158610289663,184.2502777734681,185.06116442258437,29.940700078888646,247.71430300274494,40.25361449156055,0.01291314768867172,0.022700724156357877,0.017453292519943295,12.2
24,4.999999999999938,0.017453292519943295,0.2166258809633463,10.01381935043386,10.343960349175545,184.19370002940093,184.67905866409757,29.931506186283837,247.63773560366045,40.2411722767671,0.026578439935529236,0.04164072552178677,0.03490658503988659,12.2
25,5.199999999999934,-0.017453292519943295,0.21717307804999245,10.012648395466536,10.342718864469457,184.17100932343433,185.1677819446599,29.92781894287702,247.60801406074808,40.236342521214084,0.020810246651834747,-0.016784770659457257,0.017453292519943295,12.2
26,5.399999999999929,-0.017453292519943295,0.21773944122228545,10.014956987171272,10.345175403604962,184.2142988606149,185.60659473362335,29.93485349970342,247.66682439725392,40.245899210452976,0.0077824378128023945,-0.038912189064011976,0.0,12.2
27,5.599999999999925,0.017453292519943295,0.21721739084398853,10.01576957290863,10.346038404211468,184.2302096781802,185.14614081652994,29.937439010143294,247.68748490916673,40.24925654699614,0.013895583894589118,0.01778854312677089,0.017453292519943295,12.2
28,5.799999999999921,-0.017453292519943295,0.2176407963099387,10.01702041790258,10.347368767878876,184.25354216230417,185.4831815319883,29.941230542604973,247.71933424298138,40.25443206891654,0.0051118996379512106,-0.02555949818975605,0.0,12.2
29,5.9999999999999165,0.017453292519943295,0.21714120294134476,10.016823309002541,10.34715861001171,184.25027776847998,185.06116445110095,29.940700078078077,247.71430299609068,40.25361449047923,0.012913147803186547,0.022700723583783743,0.017453292519943295,12.2
30,6.199999999999912,0.017453292519943295,0.21662588097387808,10.013819350328957,10.343960349064005,184.1937000273999,184.67905867506758,29.93150618595867,247.63773560099017,40.24117227633318,0.026578439989796317,0.04164072525045137,0.03490658503988659,12.2
31,6.399999999999908,-0.017453292519943295,0.21717307805427125,10.012648395424925,10.342718864425219,184.17100932264032,185.16778194910015,29.927818942747997,247.608014059689,40.23634252104198,0.02081024667179849,-0.01678477075927597,0.017453292519943295,12.2
32,6.599999999999904,-0.017453292519943295,0.21773944122395958,10.01495698715443,10.345175403587058,184.21429886029355,185.60659473537166,29.934853499651204,247.6668243968253,40.24589921038332,0.007782437821712304,-0.03891218910856152,0.0,12.2
33,6.7999999999998995,0.017453292519943295,0.21721739084467523,10.015769572901915,10.346038404204329,184.23020967805186,185.14614081724298,29.93743901012244,247.68748490899583,40.24925654696837,0.013895583897866891,0.01778854311038202,0.017453292519943295,12.2
34,6.999999999999895,-0.017453292519943295,0.2176407963102134,10.017020417899944,10.347368767876075,184.25354216225358,185.48318153227262,29.941230542596752,247.7193342429143,40.25443206890564,0.005111899639157037,-0.025559498195785183,0.0,12.2
35,7.199999999999891,0.017453292519943295,0.21714120294145234,10.016823309001524,10.347158610010627,184.25027776846053,185.061164451212,29.940700078074915,247.71430299606476,40.253614490475016,0.012913147803630145,0.022700723581565753,0.017453292519943295,12.2
36,7.399999999999887,0.017453292519943295,0.21662588097391924,10.013819350328548,10.343960349063572,184.19370002739234,184.67905867511044,29.931506185957442,247.63773560097982,40.2411722763315,0.02657843999000652,0.04164072524940035,0.03490658503988659,12.2
37,7.599999999999882,-0.017453292519943295,0.21717307805428757,10.012648395424765,10.342718864425049,184.1710093226373,185.16778194911714,29.927818942747503,247.60801405968488,40.236342521041315,0.02081024667187581,-0.01678477075966257,0.017453292519943295,12.2
38,7.799999999999878,-0.017453292519943295,0.21773944122396716,10.014956987154358,10.345175403586982,184.21429886029208,185.60659473537947,29.934853499650963,247.66682439682344,40.24589921038302,0.0077824378217468074,-0.038912189108734035,0.0,12.2
39,7.999999999999874,0.017453292519943295,0.2172173908446777,10.01576957290189,10.346038404204304,184.2302096780516,185.14614081724557,29.937439010122397,247.6874849089952,40.24925654696827,0.01389558389787958,0.01778854311031858,0.017453292519943295,12.2
40,8.19999999999987,-0.017453292519943295,0.21764079631021419,10.017020417899937,10.347368767876068,184.2535421622535,185.4831815322734,29.941230542596738,247.71933424291413,40.254432068905615,0.005111899639161699,-0.025559498195808494,0.0,12.2
41,8.399999999999865,0.017453292519943295,0.21714120294145292,10.016823309001518,10.347158610010624,184.25027776846045,185.0611644512126,29.9407000780749,247.71430299606467,40.253614490475,0.012913147803631859,0.022700723581557183,0.017453292519943295,12.2
42,8.599999999999861,0.017453292519943295,0.21662588097391902,10.013819350328548,10.343960349063572,184.19370002739234,184.67905867511024,29.931506185957442,247.63773560097982,40.2411722763315,0.026578439990007342,0.04164072524939624,0.03490658503988659,12.2
43,8.799999999999857,-0.017453292519943295,0.21717307805428757,10.012648395424765,10.342718864425049,184.1710093226373,185.16778194911714,29.927818942747507,247.60801405968488,40.236342521041315,0.020810246671876118,-0.016784770759664114,0.017453292519943295,12.2
44,8.999999999999853,-0.017453292519943295,0.21773944122396716,10.014956987154358,10.345175403586982,184.2142988602921,185.60659473537947,29.934853499650966,247.66682439682344,40.24589921038302,0.007782437821746946,-0.03891218910873473,0.0,12.2
45,9.199999999999848,0.017453292519943295,0.2172173908446777,10.01576957290189,10.346038404204304,184.23020967805158,185.14614081724557,29.937439010122393,247.6874849089952,40.24925654696827,0.01389558389787963,0.017788543110318328,0.017453292519943295,12.2
46,9.399999999999844,-0.017453292519943295,0.21764079631021419,10.017020417899937,10.347368767876068,184.2535421622535,185.4831815322734,29.941230542596738,247.71933424291413,40.254432068905615,0.005111899639161721,-0.025559498195808605,0.0,12.2
47,9.59999999999984,0.017453292519943295,0.21714120294145292,10.016823309001518,10.347158610010624,184.25027776846045,185.0611644512126,29.9407000780749,247.71430299606467,40.253614490475,0.01291314780363187,0.02270072358155713,0.017453292519943295,12.2
48,9.799999999999836,0.017453292519943295,0.21662588097391902,10.013819350328548,10.343960349063572,184.19370002739234,184.67905867511024,29.931506185957442,247.63773560097982,40.2411722763315,0.02657843999000735,0.04164072524939621,0.03490658503988659,12.2
49,9.999999999999831,-0.017453292519943295,0.21717307805428757,10.012648395424765,10.342718864425049,184.1710093226373,185.16778194911714,29.927818942747507,247.60801405968488,40.236342521041315,0.02081024667187612,-0.01678477075966413,0.017453292519943295,12.2
50,10.199999999999827,-0.017453292519943295,0.21773944122396716,10.014956987154358,10.345175403586982,184.2142988602921,185.60659473537947,29.934853499650966,247.66682439682344,40.24589921038302,0.007782437821746946,-0.03891218910873473,0.0,12.2
51,10.399999999999823,0.017453292519943295,0.2172173908446777,10.01576957290189,10.346038404204304,184.23020967805158,185.14614081724557,29.937439010122393,247.6874849089952,40.24925654696827,0.01389558389787963,0.017788543110318328,0.017453292519943295,12.2
52,10.599999999999818,-0.017453292519943295,0.21764079631021419,10.017020417899937,10.347368767876068,184.2535421622535,185.4831815322734,29.941230542596738,247.71933424291413,40.254432068905615,0.005111899639161721,-0.025559498195808605,0.0,12.2
53,10.799999999999814,0.017453292519943295,0.21714120294145292,10.016823309001518,10.347158610010624,184.25027776846045,185.0611644512126,29.9407000780749,247.71430299606467,40.253614490475,0.01291314780363187,0.02270072358155713,0.017453292519943295,12.2
54,10.99999999999981,0.017453292519943295,0.21662588097391902,10.013819350328548,10.343960349063572,184.19370002739234,184.67905867511024,29.931506185957442,247.63773560097982,40.2411722763315,0.02657843999000735,0.04164072524939621,0.03490658503988659,12.2
55,11.199999999999806,-0.017453292519943295,0.21717307805428757,10.012648395424765,10.342718864425049,184.1710093226373,185.16778194911714,29.927818942747507,247.60801405968488,40.236342521041315,0.02081024667187612,-0.01678477075966413,0.017453292519943295,12.2
56,11.399999999999801,-0.017453292519943295,0.21773944122396716,10.014956987154358,10.345175403586982,184.2142988602921,185.60659473537947,29.934853499650966,247.66682439682344,40.24589921038302,0.007782437821746946,-0.03891218910873473,0.0,12.2
57,11.599999999999797,0.017453292519943295,0.2172173908446777,10.01576957290189,10.346038404204304,184.23020967805158,185.14614081724557,29.937439010122393,247.6874849089952,40.24925654696827,0.01389558389787963,0.017788543110318328,0.017453292519943295,12.2
58,11.799999999999793,-0.017453292519943295,0.21764079631021419,10.017020417899937,10.347368767876068,184.2535421622535,185.4831815322734,29.941230542596738,247.71933424291413,40.254432068905615,0.005111899639161721,-0.025559498195808605,0.0,12.2
59,11.999999999999789,0.017453292519943295,0.21714120294145292,10.016823309001518,10.347158610010624,184.25027776846045,185.0611644512126,29.9407000780749,247.71430299606467,40.253614490475,0.01291314780363187,0.02270072358155713,0.017453292519943295,12.2
60,12.199999999999784,0.017453292519943295,0.21662588097391902,10.013819350328548,10.343960349063572,184.19370002739234,184.67905867511024,29.931506185957442,247.63773560097982,40.2411722763315,0.02657843999000735,0.04164072524939621,0.03490658503988659,12.2
61,12.39999999999978,-0.017453292519943295,0.21717307805428757,10.012648395424765,10.342718864425049,184.1710093226373,185.16778194911714,29.927818942747507,247.60801405968488,40.236342521041315,0.02081024667187612,-0.01678477075966413,0.017453292519943295,12.2
62,12.599999999999776,-0.017453292519943295,0.21773944122396716,10.014956987154358,10.345175403586982,184.2142988602921,185.60659473537947,29.934853499650966,247.66682439682344,40.24589921038302,0.007782437821746946,-0.03891218910873473,0.0,12.2
63,12.799999999999772,0.017453292519943295,0.2172173908446777,10.01576957290189,10.346038404204304,184.23020967805158,185.14614081724557,29.937439010122393,247.6874849089952,40.24925654696827,0.01389558389787963,0.017788543110318328,0.017453292519943295,12.2
64,12.999999999999767,-0.017453292519943295,0.21764079631021419,10.017020417899937,10.347368767876068,184.2535421622535,185.4831815322734,29.941230542596738,247.71933424291413,40.254432068905615,0.005111899639161721,-0.025559498195808605,0.0,12.2
65,13.199999999999763,0.017453292519943295,0.21714120294145292,10.016823309001518,10.347158610010624,184.25027776846045,185.0611644512126,29.9407000780749,247.71430299606467,40.253614490475,0.01291314780363187,0.02270072358155713,0.017453292519943295,12.2
66,13.399999999999759,0.017453292519943295,0.21662588097391902,10.013819350328548,10.343960349063572,184.19370002739234,184.67905867511024,29.931506185957442,247.63773560097982,40.2411722763315,0.02657843999000735,0.04164072524939621,0.03490658503988659,12.2
67,13.599999999999755,-0.017453292519943295,0.21717307805428757,10.012648395424765,10.342718864425049,184.1710093226373,185.16778194911714,29.927818942747507,247.60801405968488,40.236342521041315,0.02081024667187612,-0.01678477075966413,0.017453292519943295,12.2
68,13.79999999999975,-0.017453292519943295,0.21773944122396716,10.014956987154358,10.345175403586982,184.2142988602921,185.60659473537947,29.934853499650966,247.66682439682344,40.24589921038302,0.007782437821746946,-0.03891218910873473,0.0,12.2
69,13.999999999999746,0.017453292519943295,0.2172173908446777,10.01576957290189,10.346038404204304,184.23020967805158,185.14614081724557,29.937439010122393,247.6874849089952,40.24925654696827,0.01389558389787963,0.017788543110318328,0.017453292519943295,12.2
70,14.199999999999742,-0.017453292519943295,0.21764079631021419,10.017020417899937,10.347368767876068,184.2535421622535,185.4831815322734,29.941230542596738,247.71933424291413,40.254432068905615,0.005111899639161721,-0.025559498195808605,0.0,12.2
71,14.399999999999737,0.017453292519943295,0.21714120294145292,10.016823309001518,10.347158610010624,184.25027776846045,185.0611644512126,29.9407000780749,247.71430299606467,40.253614490475,0.01291314780363187,0.02270072358155713,0.017453292519943295,12.2
72,14.599999999999733,0.017453292519943295,0.21662588097391902,10.013819350328548,10.343960349063572,184.19370002739234,184.67905867511024,29.931506185957442,247.63773560097982,40.2411722763315,0.02657843999000735,0.04164072524939621,0.03490658503988659,12.2
73,14.799999999999729,-0.017453292519943295,0.21717307805428757,10.012648395424765,10.342718864425049,184.1710093226373,185.16778194911714,29.927818942747507,247.60801405968488,40.236342521041315,0.02081024667187612,-0.01678477075966413,0.017453292519943295,12.2
74,14.999999999999725,-0.017453292519943295,0.21773944122396716,10.014956987154358,10.345175403586982,184.2142988602921,185.60659473537947,29.934853499650966,247.66682439682344,40.24589921038302,0.007782437821746946,-0.03891218910873473,0.0,12.2
75,15.19999999999972,0.017453292519943295,0.2172173908446777,10.01576957290189,10.346038404204304,184.23020967805158,185.14614081724557,29.937439010122393,247.6874849089952,40.24925654696827,0.01389558389787963,0.017788543110318328,0.017453292519943295,12.2
76,15.399999999999716,-0.017453292519943295,0.21764079631021419,10.017020417899937,10.347368767876068,184.2535421622535,185.4831815322734,29.941230542596738,247.71933424291413,40.254432068905615,0.005111899639161721,-0.025559498195808605,0.0,12.2
77,15.599999999999712,0.017453292519943295,0.21714120294145292,10.016823309001518,10.347158610010624,184.25027776846045,185.0611644512126,29.9407000780749,247.71430299606467,40.253614490475,0.01291314780363187,0.02270072358155713,0.017453292519943295,12.2
78,15.799999999999708,0.017453292519943295,0.21662588097391902,10.013819350328548,10.343960349063572,184.19370002739234,184.67905867511024,29.931506185957442,247.63773560097982,40.2411722763315,0.02657843999000735,0.04164072524939621,0.03490658503988659,12.2
79,15.999999999999703,-0.017453292519943295,0.21717307805428757,10.012648395424765,10.342718864425049,184.1710093226373,185.16778194911714,29.927818942747507,247.60801405968488,40.236342521041315,0.02081024667187612,-0.01678477075966413,0.017453292519943295,12.2
80,16.199999999999733,-0.017453292519943295,0.21773944122396738,10.014956987154358,10.345175403586982,184.2142988602921,185.6065947353797,29.93485349965097,247.66682439682344,40.24589921038302,0.007782437821745637,-0.038912189108728186,0.0,12.2
81,16.399999999999764,0.017453292519943295,0.2172173908446775,10.01576957290189,10.346038404204304,184.23020967805178,185.14614081724537,29.937439010122425,247.6874849089952,40.24925654696827,0.013895583897879786,0.01778854311031755,0.017453292519943295,12.2
82,16.599999999999795,-0.017453292519943295,0.21764079631021419,10.017020417899937,10.347368767876068,184.25354216225344,185.4831815322734,29.941230542596728,247.71933424291413,40.254432068905615,0.00511189963916087,-0.02555949819580435,0.0,12.2
83,16.799999999999827,0.017453292519943295,0.21714120294145292,10.016823309001518,10.347158610010624,184.25027776846045,185.0611644512126,29.9407000780749,247.71430299606467,40.253614490475,0.012913147803632358,0.022700723581554685,0.017453292519943295,12.2
84,16.999999999999858,0.017453292519943295,0.21662588097391902,10.013819350328548,10.343960349063572,184.19370002739228,184.67905867511024,29.93150618595743,247.63773560097982,40.2411722763315,0.02657843999000905,0.04164072524938771,0.03490658503988659,12.2
85,17.19999999999989,-0.017453292519943295,0.21717307805428757,10.012648395424765,10.342718864425049,184.1710093226373,185.16778194911714,29.927818942747503,247.60801405968488,40.236342521041315,0.020810246671876153,-0.016784770759664287,0.017453292519943295,12.2
86,17.39999999999992,-0.017453292519943295,0.21773944122396738,10.014956987154358,10.345175403586982,184.21429886029216,185.60659473537964,29.934853499650977,247.6668243968235,40.24589921038303,0.0077824378217455775,-0.03891218910872789,0.0,12.2
87,17.59999999999995,0.017453292519943295,0.21721739084467723,10.015769572901892,10.346038404204306,184.2302096780516,185.14614081724514,29.937439010122397,247.68748490899526,40.249256546968276,0.013895583897879761,0.01778854311031767,0.017453292519943295,12.2
88,17.799999999999983,-0.017453292519943295,0.2176407963102145,10.017020417899936,10.347368767876066,184.2535421622534,185.4831815322737,29.941230542596724,247.71933424291407,40.25443206890561,0.005111899639160863,-0.025559498195804314,0.0,12.2
89,18.000000000000014,0.017453292519943295,0.21714120294145292,10.016823309001518,10.347158610010624,184.2502777684604,185.06116445121262,29.940700078074894,247.71430299606462,40.253614490474995,0.01291314780363236,0.02270072358155468,0.017453292519943295,12.2
90,18.200000000000045,0.017453292519943295,0.21662588097391902,10.013819350328548,10.343960349063572,184.1937000273922,184.67905867511027,29.93150618595742,247.63773560097977,40.24117227633149,0.02657843999000905,0.04164072524938771,0.03490658503988659,12.2
91,18.400000000000077,-0.017453292519943295,0.21717307805428815,10.01264839542476,10.342718864425045,184.1710093226371,185.16778194911765,29.927818942747475,247.60801405968485,40.23634252104131,0.020810246671876143,-0.016784770759664235,0.017453292519943295,12.2
92,18.600000000000108,-0.017453292519943295,0.21773944122396738,10.014956987154358,10.345175403586982,184.2142988602921,185.6065947353797,29.93485349965097,247.66682439682344,40.24589921038302,0.007782437821745574,-0.038912189108727874,0.0,12.2
93,18.80000000000014,0.017453292519943295,0.2172173908446775,10.01576957290189,10.346038404204304,184.23020967805178,185.14614081724537,29.937439010122425,247.6874849089952,40.24925654696827,0.01389558389787976,0.01778854311031768,0.017453292519943295,12.2
94,19.00000000000017,-0.017453292519943295,0.21764079631021419,10.017020417899937,10.347368767876068,184.25354216225344,185.4831815322734,29.941230542596728,247.71933424291413,40.254432068905615,0.005111899639160862,-0.02555949819580431,0.0,12.2
95,19.200000000000202,0.017453292519943295,0.21714120294145292,10.016823309001518,10.347158610010624,184.25027776846045,185.0611644512126,29.9407000780749,247.71430299606467,40.253614490475,0.012913147803632357,0.022700723581554692,0.017453292519943295,12.2
96,19.400000000000233,0.017453292519943295,0.21662588097391902,10.013819350328548,10.343960349063572,184.19370002739228,184.67905867511024,29.93150618595743,247.63773560097982,40.2411722763315,0.02657843999000905,0.04164072524938771,0.03490658503988659,12.2
97,19.600000000000264,-0.017453292519943295,0.21717307805428757,10.012648395424765,10.342718864425049,184.1710093226373,185.16778194911714,29.927818942747503,247.60801405968488,40.236342521041315,0.020810246671876153,-0.016784770759664287,0.017453292519943295,12.2
98,19.800000000000296,-0.017453292519943295,0.21773944122396738,10.014956987154358,10.345175403586982,184.21429886029216,185.60659473537964,29.934853499650977,247.6668243968235,40.24589921038303,0.0077824378217455775,-0.03891218910872789,0.0,12.2
99,20.000000000000327,0.017453292519943295,0.21721739084467723,10.015769572901892,10.346038404204306,184.2302096780516,185.14614081724514,29.937439010122397,247.68748490899526,40.249256546968276,0.013895583897879761,0.01778854311031767,0.017453292519943295,12.2
100,20.200000000000358,-0.017453292519943295,0.2176407963102145,10.017020417899936,10.347368767876066,184.2535421622534,185.4831815322737,29.941230542596724,247.71933424291407,40.25443206890561,0.005111899639160863,-0.025559498195804314,0.0,12.2
101,20.40000000000039,0.017453292519943295,0.21714120294145292,10.016823309001518,10.347158610010624,184.2502777684604,185.06116445121262,29.940700078074894,247.71430299606462,40.253614490474995,0.01291314780363236,0.02270072358155468,0.017453292519943295,12.2
102,20.60000000000042,0.017453292519943295,0.21662588097391902,10.013819350328548,10.343960349063572,184.1937000273922,184.67905867511027,29.93150618595742,247.63773560097977,40.24117227633149,0.02657843999000905,0.04164072524938771,0.03490658503988659,12.2
103,20.800000000000452,-0.017453292519943295,0.21717307805428815,10.01264839542476,10.342718864425045,184.1710093226371,185.16778194911765,29.927818942747475,247.60801405968485,40.23634252104131,0.020810246671876143,-0.016784770759664235,0.017453292519943295,12.2
104,21.000000000000483,-0.017453292519943295,0.21773944122396738,10.014956987154358,10.345175403586982,184.2142988602921,185.6065947353797,29.93485349965097,247.66682439682344,40.24589921038302,0.007782437821745574,-0.038912189108727874,0.0,12.2
105,21.200000000000514,0.017453292519943295,0.2172173908446775,10.01576957290189,10.346038404204304,184.23020967805178,185.14614081724537,29.937439010122425,247.6874849089952,40.24925654696827,0.01389558389787976,0.01778854311031768,0.017453292519943295,12.2
106,21.400000000000546,-0.017453292519943295,0.21764079631021419,10.017020417899937,10.347368767876068,184.25354216225344,185.4831815322734,29.941230542596728,247.71933424291413,40.254432068905615,0.005111899639160862,-0.02555949819580431,0.0,12.2
107,21.600000000000577,0.017453292519943295,0.21714120294145292,10.016823309001518,10.347158610010624,184.25027776846045,185.0611644512126,29.9407000780749,247.71430299606467,40.253614490475,0.012913147803632357,0.022700723581554692,0.017453292519943295,12.2
108,21.80000000000061,0.017453292519943295,0.21662588097391902,10.013819350328548,10.343960349063572,184.19370002739228,184.67905867511024,29.93150618595743,247.63773560097982,40.2411722763315,0.02657843999000905,0.04164072524938771,0.03490658503988659,12.2
109,22.00000000000064,-0.017453292519943295,0.21717307805428757,10.012648395424765,10.342718864425049,184.1710093226373,185.16778194911714,29.927818942747503,247.60801405968488,40.236342521041315,0.020810246671876153,-0.016784770759664287,0.017453292519943295,12.2
110,22.20000000000067,-0.017453292519943295,0.21773944122396738,10.014956987154358,10.345175403586982,184.21429886029216,185.60659473537964,29.934853499650977,247.6668243968235,40.24589921038303,0.0077824378217455775,-0.03891218910872789,0.0,12.2
111,22.400000000000702,0.017453292519943295,0.21721739084467723,10.015769572901892,10.346038404204306,184.2302096780516,185.14614081724514,29.937439010122397,247.68748490899526,40.249256546968276,0.013895583897879761,0.01778854311031767,0.017453292519943295,12.2
112,22.600000000000733,-0.017453292519943295,0.2176407963102145,10.017020417899936,10.347368767876066,184.2535421622534,185.4831815322737,29.941230542596724,247.71933424291407,40.25443206890561,0.005111899639160863,-0.025559498195804314,0.0,12.2
113,22.800000000000765,0.017453292519943295,0.21714120294145292,10.016823309001518,10.347158610010624,184.2502777684604,185.06116445121262,29.940700078074894,247.71430299606462,40.253614490474995,0.01291314780363236,0.02270072358155468,0.017453292519943295,12.2
114,23.000000000000796,0.017453292519943295,0.21662588097391902,10.013819350328548,10.343960349063572,184.1937000273922,184.67905867511027,29.93150618595742,247.63773560097977,40.24117227633149,0.02657843999000905,0.04164072524938771,0.03490658503988659,12.2
115,23.200000000000827,-0.017453292519943295,0.21717307805428815,10.01264839542476,10.342718864425045,184.1710093226371,185.16778194911765,29.927818942747475,247.60801405968485,40.23634252104131,0.020810246671876143,-0.016784770759664235,0.017453292519943295,12.2
116,23.40000000000086,-0.017453292519943295,0.21773944122396738,10.014956987154358,10.345175403586982,184.2142988602921,185.6065947353797,29.93485349965097,247.66682439682344,40.24589921038302,0.007782437821745574,-0.038912189108727874,0.0,12.2
117,23.60000000000089,0.017453292519943295,0.2172173908446775,10.01576957290189,10.346038404204304,184.23020967805178,185.14614081724537,29.937439010122425,247.6874849089952,40.24925654696827,0.01389558389787976,0.01778854311031768,0.017453292519943295,12.2
118,23.80000000000092,-0.017453292519943295,0.21764079631021419,10.017020417899937,10.347368767876068,184.25354216225344,185.4831815322734,29.941230542596728,247.71933424291413,40.254432068905615,0.005111899639160862,-0.02555949819580431,0.0,12.2
119,24.000000000000952,0.017453292519943295,0.21714120294145292,10.016823309001518,10.347158610010624,184.25027776846045,185.0611644512126,29.9407000780749,247.71430299606467,40.253614490475,0.012913147803632357,0.022700723581554692,0.017453292519943295,12.2
120,24.200000000000983,0.017453292519943295,0.21662588097391902,10.013819350328548,10.343960349063572,184.19370002739228,184.67905867511024,29.93150618595743,247.63773560097982,40.2411722763315,0.02657843999000905,0.04164072524938771,0.03490658503988659,12.2
121,24.400000000001015,-0.017453292519943295,0.21717307805428757,10.012648395424765,10.342718864425049,184.1710093226373,185.16778194911714,29.927818942747503,247.60801405968488,40.236342521041315,0.020810246671876153,-0.016784770759664287,0.017453292519943295,12.2
122,24.600000000001046,-0.017453292519943295,0.21773944122396738,10.014956987154358,10.345175403586982,184.21429886029216,185.60659473537964,29.934853499650977,247.6668243968235,40.24589921038303,0.0077824378217455775,-0.03891218910872789,0.0,12.2
123,24.800000000001077,0.017453292519943295,0.21721739084467723,10.015769572901892,10.346038404204306,184.2302096780516,185.14614081724514,29.937439010122397,247.68748490899526,40.249256546968276,0.013895583897879761,0.01778854311031767,0.017453292519943295,12.2
124,25.00000000000111,-0.017453292519943295,0.2176407963102145,10.017020417899936,10.347368767876066,184.2535421622534,185.4831815322737,29.941230542596724,247.71933424291407,40.25443206890561,0.005111899639160863,-0.025559498195804314,0.0,12.2
125,25.20000000000114,0.017453292519943295,0.21714120294145292,10.016823309001518,10.347158610010624,184.2502777684604,185.06116445121262,29.940700078074894,247.71430299606462,40.253614490474995,0.01291314780363236,0.02270072358155468,0.017453292519943295,12.2
126,25.40000000000117,0.017453292519943295,0.21662588097391902,10.013819350328548,10.343960349063572,184.1937000273922,184.67905867511027,29.93150618595742,247.63773560097977,40.24117227633149,0.02657843999000905,0.04164072524938771,0.03490658503988659,12.2
127,25.600000000001202,-0.017453292519943295,0.21717307805428815,10.01264839542476,10.342718864425045,184.1710093226371,185.16778194911765,29.927818942747475,247.60801405968485,40.23634252104131,0.020810246671876143,-0.016784770759664235,0.017453292519943295,12.2
128,25.800000000001234,-0.017453292519943295,0.21773944122396738,10.014956987154358,10.345175403586982,184.2142988602921,185.6065947353797,29.93485349965097,247.66682439682344,40.24589921038302,0.007782437821745574,-0.038912189108727874,0.0,12.2
129,26.000000000001265,0.017453292519943295,0.2172173908446775,10.01576957290189,10.346038404204304,184.23020967805178,185.14614081724537,29.937439010122425,247.6874849089952,40.24925654696827,0.01389558389787976,0.01778854311031768,0.017453292519943295,12.2
130,26.200000000001296,-0.017453292519943295,0.21764079631021419,10.017020417899937,10.347368767876068,184.25354216225344,185.4831815322734,29.941230542596728,247.71933424291413,40.254432068905615,0.005111899639160862,-0.02555949819580431,0.0,12.2
131,26.400000000001327,0.017453292519943295,0.21714120294145292,10.016823309001518,10.347158610010624,184.25027776846045,185.0611644512126,29.9407000780749,247.71430299606467,40.253614490475,0.012913147803632357,0.022700723581554692,0.017453292519943295,12.2
132,26.60000000000136,0.017453292519943295,0.21662588097391902,10.013819350328548,10.343960349063572,184.19370002739228,184.67905867511024,29.93150618595743,247.63773560097982,40.2411722763315,0.02657843999000905,0.04164072524938771,0.03490658503988659,12.2
133,26.80000000000139,-0.017453292519943295,0.21717307805428757,10.012648395424765,10.342718864425049,184.1710093226373,185.16778194911714,29.927818942747503,247.60801405968488,40.236342521041315,0.020810246671876153,-0.016784770759664287,0.017453292519943295,12.2
134,27.00000000000142,-0.017453292519943295,0.21773944122396738,10.014956987154358,10.345175403586982,184.21429886029216,185.60659473537964,29.934853499650977,247.6668243968235,40.24589921038303,0.0077824378217455775,-0.03891218910872789,0.0,12.2
135,27.200000000001452,0.017453292519943295,0.21721739084467723,10.015769572901892,10.346038404204306,184.2302096780516,185.14614081724514,29.937439010122397,247.68748490899526,40.249256546968276,0.013895583897879761,0.01778854311031767,0.017453292519943295,12.2
136,27.400000000001484,-0.017453292519943295,0.2176407963102145,10.017020417899936,10.347368767876066,184.2535421622534,185.4831815322737,29.941230542596724,247.71933424291407,40.25443206890561,0.005111899639160863,-0.025559498195804314,0.0,12.2
137,27.600000000001515,0.017453292519943295,0.21714120294145292,10.016823309001518,10.347158610010624,184.2502777684604,185.06116445121262,29.940700078074894,247.71430299606462,40.253614490474995,0.01291314780363236,0.02270072358155468,0.017453292519943295,12.2
138,27.800000000001546,0.017453292519943295,0.21662588097391902,10.013819350328548,10.343960349063572,184.1937000273922,184.67905867511027,29.93150618595742,247.63773560097977,40.24117227633149,0.02657843999000905,0.04164072524938771,0.03490658503988659,12.2
139,28.000000000001577,-0.017453292519943295,0.21717307805428815,10.01264839542476,10.342718864425045,184.1710093226371,185.16778194911765,29.927818942747475,247.60801405968485,40.23634252104131,0.020810246671876143,-0.016784770759664235,0.017453292519943295,12.2
140,28.20000000000161,-0.017453292519943295,0.21773944122396738,10.014956987154358,10.345175403586982,184.2142988602921,185.6065947353797,29.93485349965097,247.66682439682344,40.24589921038302,0.007782437821745574,-0.038912189108727874,0.0,12.2
141,28.40000000000164,0.017453292519943295,0.2172173908446775,10.01576957290189,10.346038404204304,184.23020967805178,185.14614081724537,29.937439010122425,247.6874849089952,40.24925654696827,0.01389558389787976,0.01778854311031768,0.017453292519943295,12.2
142,28.60000000000167,-0.017453292519943295,0.21764079631021419,10.017020417899937,10.347368767876068,184.25354216225344,185.4831815322734,29.941230542596728,247.71933424291413,40.254432068905615,0.005111899639160862,-0.02555949819580431,0.0,12.2
143,28.800000000001702,0.017453292519943295,0.21714120294145292,10.016823309001518,10.347158610010624,184.25027776846045,185.0611644512126,29.9407000780749,247.71430299606467,40.253614490475,0.012913147803632357,0.022700723581554692,0.017453292519943295,12.2
144,29.000000000001734,0.017453292519943295,0.21662588097391902,10.013819350328548,10.343960349063572,184.19370002739228,184.67905867511024,29.93150618595743,247.63773560097982,40.2411722763315,0.02657843999000905,0.04164072524938771,0.03490658503988659,12.2
145,29.200000000001765,-0.017453292519943295,0.21717307805428757,10.012648395424765,10.342718864425049,184.1710093226373,185.16778194911714,29.927818942747503,247.60801405968488,40.236342521041315,0.020810246671876153,-0.016784770759664287,0.017453292519943295,12.2
146,29.400000000001796,-0.017453292519943295,0.21773944122396738,10.014956987154358,10.345175403586982,184.21429886029216,185.60659473537964,29.934853499650977,247.6668243968235,40.24589921038303,0.0077824378217455775,-0.03891218910872789,0.0,12.2
147,29.600000000001828,0.017453292519943295,0.21721739084467723,10.015769572901892,10.346038404204306,184.2302096780516,185.14614081724514,29.937439010122397,247.68748490899526,40.249256546968276,0.013895583897879761,0.01778854311031767,0.017453292519943295,12.2
148,29.80000000000186,-0.017453292519943295,0.2176407963102145,10.017020417899936,10.347368767876066,184.2535421622534,185.4831815322737,29.941230542596724,247.71933424291407,40.25443206890561,0.005111899639160863,-0.025559498195804314,0.0,12.2
149,30.00000000000189,0.017453292519943295,0.21714120294145292,10.016823309001518,10.347158610010624,184.2502777684604,185.06116445121262,29.940700078074894,247.71430299606462,40.253614490474995,0.01291314780363236,0.02270072358155468,0.017453292519943295,12.2
150,30.20000000000192,0.017453292519943295,0.21662588097391902,10.013819350328548,10.343960349063572,184.1937000273922,184.67905867511027,29.93150618595742,247.63773560097977,40.24117227633149,0.02657843999000905,0.04164072524938771,0.03490658503988659,12.2
151,30.400000000001953,-0.017453292519943295,0.21717307805428815,10.01264839542476,10.342718864425045,184.1710093226371,185.16778194911765,29.927818942747475,247.60801405968485,40.23634252104131,0.020810246671876143,-0.016784770759664235,0.017453292519943295,12.2
152,30.600000000001984,-0.017453292519943295,0.21773944122396738,10.014956987154358,10.345175403586982,184.2142988602921,185.6065947353797,29.93485349965097,247.66682439682344,40.24589921038302,0.007782437821745574,-0.038912189108727874,0.0,12.2
153,30.800000000002015,0.017453292519943295,0.2172173908446775,10.01576957290189,10.346038404204304,184.23020967805178,185.14614081724537,29.937439010122425,247.6874849089952,40.24925654696827,0.01389558389787976,0.01778854311031768,0.017453292519943295,12.2
154,31.000000000002046,-0.017453292519943295,0.21764079631021419,10.017020417899937,10.347368767876068,184.25354216225344,185.4831815322734,29.941230542596728,247.71933424291413,40.254432068905615,0.005111899639160862,-0.02555949819580431,0.0,12.2
155,31.200000000002078,0.017453292519943295,0.21714120294145292,10.016823309001518,10.347158610010624,184.25027776846045,185.0611644512126,29.9407000780749,247.71430299606467,40.253614490475,0.012913147803632357,0.022700723581554692,0.017453292519943295,12.2
156,31.40000000000211,0.017453292519943295,0.21662588097391902,10.013819350328548,10.343960349063572,184.19370002739228,184.67905867511024,29.93150618595743,247.63773560097982,40.2411722763315,0.02657843999000905,0.04164072524938771,0.03490658503988659,12.2
157,31.60000000000214,-0.017453292519943295,0.21717307805428757,10.012648395424765,10.342718864425049,184.1710093226373,185.16778194911714,29.927818942747503,247.60801405968488,40.236342521041315,0.020810246671876153,-0.016784770759664287,0.017453292519943295,12.2
158,31.80000000000217,-0.017453292519943295,0.21773944122396738,10.014956987154358,10.345175403586982,184.21429886029216,185.60659473537964,29.934853499650977,247.6668243968235,40.24589921038303,0.0077824378217455775,-0.03891218910872789,0.0,12.2
159,32.0000000000022,0.017453292519943295,0.21721739084467723,10.015769572901892,10.346038404204306,184.2302096780516,185.14614081724514,29.937439010122397,247.68748490899526,40.249256546968276,0.013895583897879761,0.01778854311031767,0.017453292519943295,12.2
160,32.20000000000216,-0.017453292519943295,0.21764079631021419,10.017020417899937,10.347368767876068,184.25354216225375,185.4831815322734,29.941230542596777,247.71933424291413,40.254432068905615,0.005111899639162679,-0.025559498195813393,0.0,12.2
161,32.40000000000212,0.017453292519943295,0.21714120294145292,10.016823309001518,10.347158610010624,184.2502777684604,185.0611644512126,29.940700078074894,247.71430299606467,40.253614490475,0.012913147803631413,0.02270072358155941,0.017453292519943295,12.2
162,32.60000000000208,0.017453292519943295,0.21662588097391924,10.013819350328548,10.343960349063572,184.19370002739223,184.67905867511044,29.931506185957424,247.63773560097982,40.2411722763315,0.02657843999000565,0.04164072524940471,0.03490658503988659,12.2
163,32.80000000000204,-0.017453292519943295,0.21717307805428757,10.012648395424765,10.342718864425049,184.1710093226374,185.16778194911714,29.92781894274752,247.60801405968488,40.236342521041315,0.02081024667187609,-0.016784770759663975,0.017453292519943295,12.2
164,33.000000000002004,-0.017453292519943295,0.21773944122396716,10.014956987154358,10.345175403586982,184.2142988602922,185.60659473537945,29.93485349965098,247.6668243968235,40.24589921038303,0.007782437821748325,-0.03891218910874163,0.0,12.2
165,33.200000000001964,0.017453292519943295,0.2172173908446777,10.01576957290189,10.346038404204304,184.2302096780518,185.14614081724557,29.93743901012243,247.6874849089952,40.24925654696827,0.01389558389787951,0.017788543110318928,0.017453292519943295,12.2
166,33.400000000001924,-0.017453292519943295,0.2176407963102145,10.017020417899936,10.347368767876066,184.25354216225347,185.4831815322737,29.94123054259673,247.71933424291407,40.25443206890561,0.005111899639162585,-0.02555949819581293,0.0,12.2
167,33.600000000001884,0.017453292519943295,0.21714120294145292,10.016823309001518,10.347158610010624,184.25027776846045,185.0611644512126,29.9407000780749,247.71430299606467,40.253614490475,0.012913147803631383,0.02270072358155956,0.017453292519943295,12.2
168,33.800000000001845,0.017453292519943295,0.21662588097391924,10.013819350328548,10.343960349063572,184.19370002739223,184.67905867511044,29.931506185957424,247.63773560097982,40.2411722763315,0.026578439990005635,0.04164072524940478,0.03490658503988659,12.2
169,34.000000000001805,-0.017453292519943295,0.21717307805428757,10.012648395424765,10.342718864425049,184.1710093226374,185.16778194911714,29.92781894274752,247.60801405968488,40.236342521041315,0.020810246671876084,-0.01678477075966394,0.017453292519943295,12.2
170,34.200000000001765,-0.017453292519943295,0.21773944122396716,10.014956987154358,10.345175403586982,184.2142988602922,185.60659473537945,29.93485349965098,247.6668243968235,40.24589921038303,0.00778243782174832,-0.0389121891087416,0.0,12.2
171,34.400000000001725,0.017453292519943295,0.2172173908446777,10.01576957290189,10.346038404204304,184.2302096780518,185.14614081724557,29.93743901012243,247.6874849089952,40.24925654696827,0.013895583897879508,0.01778854311031894,0.017453292519943295,12.2
172,34.600000000001685,-0.017453292519943295,0.2176407963102145,10.017020417899936,10.347368767876066,184.25354216225347,185.4831815322737,29.94123054259673,247.71933424291407,40.25443206890561,0.005111899639162584,-0.025559498195812918,0.0,12.2
173,34.800000000001646,0.017453292519943295,0.21714120294145292,10.016823309001518,10.347158610010624,184.25027776846045,185.0611644512126,29.9407000780749,247.71430299606467,40.253614490475,0.012913147803631382,0.02270072358155957,0.017453292519943295,12.2
174,35.000000000001606,0.017453292519943295,0.21662588097391924,10.013819350328548,10.343960349063572,184.19370002739223,184.67905867511044,29.931506185957424,247.63773560097982,40.2411722763315,0.026578439990005632,0.04164072524940479,0.03490658503988659,12.2
175,35.200000000001566,-0.017453292519943295,0.21717307805428757,10.012648395424765,10.342718864425049,184.1710093226374,185.16778194911714,29.92781894274752,247.60801405968488,40.236342521041315,0.020810246671876084,-0.01678477075966394,0.017453292519943295,12.2
176,35.400000000001526,-0.017453292519943295,0.21773944122396716,10.014956987154358,10.345175403586982,184.2142988602922,185.60659473537945,29.93485349965098,247.6668243968235,40.24589921038303,0.00778243782174832,-0.0389121891087416,0.0,12.2
177,35.60000000000149,0.017453292519943295,0.2172173908446777,10.01576957290189,10.346038404204304,184.2302096780518,185.14614081724557,29.93743901012243,247.6874849089952,40.24925654696827,0.013895583897879508,0.01778854311031894,0.017453292519943295,12.2
178,35.80000000000145,-0.017453292519943295,0.2176407963102145,10.017020417899936,10.347368767876066,184.25354216225347,185.4831815322737,29.94123054259673,247.71933424291407,40.25443206890561,0.005111899639162584,-0.025559498195812918,0.0,12.2
179,36.00000000000141,0.017453292519943295,0.21714120294145292,10.016823309001518,10.347158610010624,184.25027776846045,185.0611644512126,29.9407000780749,247.71430299606467,40.253614490475,0.012913147803631382,0.02270072358155957,0.017453292519943295,12.2
180,36.20000000000137,0.017453292519943295,0.21662588097391924,10.013819350328548,10.343960349063572,184.19370002739223,184.67905867511044,29.931506185957424,247.63773560097982,40.2411722763315,0.026578439990005632,0.04164072524940479,0.03490658503988659,12.2
181,36.40000000000133,-0.017453292519943295,0.21717307805428757,10.012648395424765,10.342718864425049,184.1710093226374,185.16778194911714,29.92781894274752,247.60801405968488,40.236342521041315,0.020810246671876084,-0.01678477075966394,0.017453292519943295,12.2
182,36.60000000000129,-0.017453292519943295,0.21773944122396716,10.014956987154358,10.345175403586982,184.2142988602922,185.60659473537945,29.93485349965098,247.6668243968235,40.24589921038303,0.00778243782174832,-0.0389121891087416,0.0,12.2
183,36.80000000000125,0.017453292519943295,0.2172173908446777,10.01576957290189,10.346038404204304,184.2302096780518,185.14614081724557,29.93743901012243,247.6874849089952,40.24925654696827,0.013895583897879508,0.01778854311031894,0.017453292519943295,12.2
184,37.00000000000121,-0.017453292519943295,0.2176407963102145,10.017020417899936,10.347368767876066,184.25354216225347,185.4831815322737,29.94123054259673,247.71933424291407,40.25443206890561,0.005111899639162584,-0.025559498195812918,0.0,12.2
185,37.20000000000117,0.017453292519943295,0.21714120294145292,10.016823309001518,10.347158610010624,184.25027776846045,185.0611644512126,29.9407000780749,247.71430299606467,40.253614490475,0.012913147803631382,0.02270072358155957,0.017453292519943295,12.2
186,37.40000000000113,0.017453292519943295,0.21662588097391924,10.013819350328548,10.343960349063572,184.19370002739223,184.67905867511044,29.931506185957424,247.63773560097982,40.2411722763315,0.026578439990005632,0.04164072524940479,0.03490658503988659,12.2
187,37.60000000000109,-0.017453292519943295,0.21717307805428757,10.012648395424765,10.342718864425049,184.1710093226374,185.16778194911714,29.92781894274752,247.60801405968488,40.236342521041315,0.020810246671876084,-0.01678477075966394,0.017453292519943295,12.2
188,37.80000000000105,-0.017453292519943295,0.21773944122396716,10.014956987154358,10.345175403586982,184.2142988602922,185.60659473537945,29.93485349965098,247.6668243968235,40.24589921038303,0.00778243782174832,-0.0389121891087416,0.0,12.2
189,38.00000000000101,0.017453292519943295,0.2172173908446777,10.01576957290189,10.346038404204304,184.2302096780518,185.14614081724557,29.93743901012243,247.6874849089952,40.24925654696827,0.013895583897879508,0.01778854311031894,0.017453292519943295,12.2
190,38.20000000000097,-0.017453292519943295,0.2176407963102145,10.017020417899936,10.347368767876066,184.25354216225347,185.4831815322737,29.94123054259673,247.71933424291407,40.25443206890561,0.005111899639162584,-0.025559498195812918,0.0,12.2
191,38.40000000000093,0.017453292519943295,0.21714120294145292,10.016823309001518,10.347158610010624,184.25027776846045,185.0611644512126,29.9407000780749,247.71430299606467,40.253614490475,0.012913147803631382,0.02270072358155957,0.017453292519943295,12.2
192,38.60000000000089,0.017453292519943295,0.21662588097391924,10.013819350328548,10.343960349063572,184.19370002739223,184.67905867511044,29.931506185957424,247.63773560097982,40.2411722763315,0.026578439990005632,0.04164072524940479,0.03490658503988659,12.2
193,38.80000000000085,-0.017453292519943295,0.21717307805428757,10.012648395424765,10.342718864425049,184.1710093226374,185.16778194911714,29.92781894274752,247.60801405968488,40.236342521041315,0.020810246671876084,-0.01678477075966394,0.017453292519943295,12.2
194,39.00000000000081,-0.017453292519943295,0.21773944122396716,10.014956987154358,10.345175403586982,184.2142988602922,185.60659473537945,29.93485349965098,247.6668243968235,40.24589921038303,0.00778243782174832,-0.0389121891087416,0.0,12.2
195,39.20000000000077,0.017453292519943295,0.2172173908446777,10.01576957290189,10.346038404204304,184.2302096780518,185.14614081724557,29.93743901012243,247.6874849089952,40.24925654696827,0.013895583897879508,0.01778854311031894,0.017453292519943295,12.2
196,39.40000000000073,-0.017453292519943295,0.2176407963102145,10.017020417899936,10.347368767876066,184.25354216225347,185.4831815322737,29.94123054259673,247.71933424291407,40.25443206890561,0.005111899639162584,-0.025559498195812918,0.0,12.2
197,39.60000000000069,0.017453292519943295,0.21714120294145292,10.016823309001518,10.347158610010624,184.25027776846045,185.0611644512126,29.9407000780749,247.71430299606467,40.253614490475,0.012913147803631382,0.02270072358155957,0.017453292519943295,12.2
198,39.80000000000065,0.017453292519943295,0.21662588097391924,10.013819350328548,10.343960349063572,184.19370002739223,184.67905867511044,29.931506185957424,247.63773560097982,40.2411722763315,0.026578439990005632,0.04164072524940479,0.03490658503988659,12.2
199,40.00000000000061,-0.017453292519943295,0.21717307805428757,10.012648395424765,10.342718864425049,184.1710093226374,185.16778194911714,29.92781894274752,247.60801405968488,40.236342521041315,0.020810246671876084,-0.01678477075966394,0.017453292519943295,12.2
200,40.20000000000057,-0.017453292519943295,0.21773944122396716,10.014956987154358,10.345175403586982,184.2142988602922,185.60659473537945,29.93485349965098,247.6668243968235,40.24589921038303,0.00778243782174832,-0.0389121891087416,0.0,12.2
201,40.40000000000053,0.017453292519943295,0.2172173908446777,10.01576957290189,10.346038404204304,184.2302096780518,185.14614081724557,29.93743901012243,247.6874849089952,40.24925654696827,0.013895583897879508,0.01778854311031894,0.017453292519943295,12.2
202,40.60000000000049,-0.017453292519943295,0.2176407963102145,10.017020417899936,10.347368767876066,184.25354216225347,185.4831815322737,29.94123054259673,247.71933424291407,40.25443206890561,0.005111899639162584,-0.025559498195812918,0.0,12.2
203,40.80000000000045,0.017453292519943295,0.21714120294145292,10.016823309001518,10.347158610010624,184.25027776846045,185.0611644512126,29.9407000780749,247.71430299606467,40.253614490475,0.012913147803631382,0.02270072358155957,0.017453292519943295,12.2
204,41.00000000000041,0.017453292519943295,0.21662588097391924,10.013819350328548,10.343960349063572,184.19370002739223,184.67905867511044,29.931506185957424,247.63773560097982,40.2411722763315,0.026578439990005632,0.04164072524940479,0.03490658503988659,12.2
205,41.20000000000037,-0.017453292519943295,0.21717307805428757,10.012648395424765,10.342718864425049,184.1710093226374,185.16778194911714,29.92781894274752,247.60801405968488,40.236342521041315,0.020810246671876084,-0.01678477075966394,0.017453292519943295,12.2
206,41.40000000000033,-0.017453292519943295,0.21773944122396716,10.014956987154358,10.345175403586982,184.2142988602922,185.60659473537945,29.93485349965098,247.6668243968235,40.24589921038303,0.00778243782174832,-0.0389121891087416,0.0,12.2
207,41.60000000000029,0.017453292519943295,0.2172173908446777,10.01576957290189,10.346038404204304,184.2302096780518,185.14614081724557,29.93743901012243,247.6874849089952,40.24925654696827,0.013895583897879508,0.01778854311031894,0.017453292519943295,12.2
208,41.80000000000025,-0.017453292519943295,0.2176407963102145,10.017020417899936,10.347368767876066,184.25354216225347,185.4831815322737,29.94123054259673,247.71933424291407,40.25443206890561,0.005111899639162584,-0.025559498195812918,0.0,12.2
209,42.00000000000021,0.017453292519943295,0.21714120294145292,10.016823309001518,10.347158610010624,184.25027776846045,185.0611644512126,29.9407000780749,247.71430299606467,40.253614490475,0.012913147803631382,0.02270072358155957,0.017453292519943295,12.2
210,42.20000000000017,0.017453292519943295,0.21662588097391924,10.013819350328548,10.343960349063572,184.19370002739223,184.67905867511044,29.931506185957424,247.63773560097982,40.2411722763315,0.026578439990005632,0.04164072524940479,0.03490658503988659,12.2
211,42.400000000000134,-0.017453292519943295,0.21717307805428757,10.012648395424765,10.342718864425049,184.1710093226374,185.16778194911714,29.92781894274752,247.60801405968488,40.236342521041315,0.020810246671876084,-0.01678477075966394,0.017453292519943295,12.2
212,42.600000000000094,-0.017453292519943295,0.21773944122396716,10.014956987154358,10.345175403586982,184.2142988602922,185.60659473537945,29.93485349965098,247.6668243968235,40.24589921038303,0.00778243782174832,-0.0389121891087416,0.0,12.2
213,42.800000000000054,0.017453292519943295,0.2172173908446777,10.01576957290189,10.346038404204304,184.2302096780518,185.14614081724557,29.93743901012243,247.6874849089952,40.24925654696827,0.013895583897879508,0.01778854311031894,0.017453292519943295,12.2
214,43.000000000000014,-0.017453292519943295,0.2176407963102145,10.017020417899936,10.347368767876066,184.25354216225347,185.4831815322737,29.94123054259673,247.71933424291407,40.25443206890561,0.005111899639162584,-0.025559498195812918,0.0,12.2
215,43.199999999999974,0.017453292519943295,0.21714120294145292,10.016823309001518,10.347158610010624,184.25027776846045,185.0611644512126,29.9407000780749,247.71430299606467,40.253614490475,0.012913147803631382,0.02270072358155957,0.017453292519943295,12.2
216,43.399999999999935,0.017453292519943295,0.21662588097391924,10.013819350328548,10.343960349063572,184.19370002739223,184.67905867511044,29.931506185957424,247.63773560097982,40.2411722763315,0.026578439990005632,0.04164072524940479,0.03490658503988659,12.2
217,43.599999999999895,-0.017453292519943295,0.21717307805428757,10.012648395424765,10.342718864425049,184.1710093226374,185.16778194911714,29.92781894274752,247.60801405968488,40.236342521041315,0.020810246671876084,-0.01678477075966394,0.017453292519943295,12.2
218,43.799999999999855,-0.017453292519943295,0.21773944122396716,10.014956987154358,10.345175403586982,184.2142988602922,185.60659473537945,29.93485349965098,247.6668243968235,40.24589921038303,0.00778243782174832,-0.0389121891087416,0.0,12.2
219,43.999999999999815,0.017453292519943295,0.2172173908446777,10.01576957290189,10.346038404204304,184.2302096780518,185.14614081724557,29.93743901012243,247.6874849089952,40.24925654696827,0.013895583897879508,0.01778854311031894,0.017453292519943295,12.2
220,44.199999999999775,-0.017453292519943295,0.2176407963102145,10.017020417899936,10.347368767876066,184.25354216225347,185.4831815322737,29.94123054259673,247.71933424291407,40.25443206890561,0.005111899639162584,-0.025559498195812918,0.0,12.2
221,44.399999999999736,0.017453292519943295,0.21714120294145292,10.016823309001518,10.347158610010624,184.25027776846045,185.0611644512126,29.9407000780749,247.71430299606467,40.253614490475,0.012913147803631382,0.02270072358155957,0.017453292519943295,12.2
222,44.599999999999696,0.017453292519943295,0.21662588097391924,10.013819350328548,10.343960349063572,184.19370002739223,184.67905867511044,29.931506185957424,247.63773560097982,40.2411722763315,0.026578439990005632,0.04164072524940479,0.03490658503988659,12.2
223,44.799999999999656,-0.017453292519943295,0.21717307805428757,10.012648395424765,10.342718864425049,184.1710093226374,185.16778194911714,29.92781894274752,247.60801405968488,40.236342521041315,0.020810246671876084,-0.01678477075966394,0.017453292519943295,12.2
224,44.999999999999616,-0.017453292519943295,0.21773944122396716,10.014956987154358,10.345175403586982,184.2142988602922,185.60659473537945,29.93485349965098,247.6668243968235,40.24589921038303,0.00778243782174832,-0.0389121891087416,0.0,12.2
225,45.19999999999958,0.017453292519943295,0.2172173908446777,10.01576957290189,10.346038404204304,184.2302096780518,185.14614081724557,29.93743901012243,247.6874849089952,40.24925654696827,0.013895583897879508,0.01778854311031894,0.017453292519943295,12.2
226,45.39999999999954,-0.017453292519943295,0.2176407963102145,10.017020417899936,10.347368767876066,184.25354216225347,185.4831815322737,29.94123054259673,247.71933424291407,40.25443206890561,0.005111899639162584,-0.025559498195812918,0.0,12.2
227,45.5999999999995,0.017453292519943295,0.21714120294145292,10.016823309001518,10.347158610010624,184.25027776846045,185.0611644512126,29.9407000780749,247.71430299606467,40.253614490475,0.012913147803631382,0.02270072358155957,0.017453292519943295,12.2
228,45.79999999999946,0.017453292519943295,0.21662588097391924,10.013819350328548,10.343960349063572,184.19370002739223,184.67905867511044,29.931506185957424,247.63773560097982,40.2411722763315,0.026578439990005632,0.04164072524940479,0.03490658503988659,12.2
229,45.99999999999942,-0.017453292519943295,0.21717307805428757,10.012648395424765,10.342718864425049,184.1710093226374,185.16778194911714,29.92781894274752,247.60801405968488,40.236342521041315,0.020810246671876084,-0.01678477075966394,0.017453292519943295,12.2
230,46.19999999999938,-0.017453292519943295,0.21773944122396716,10.014956987154358,10.345175403586982,184.2142988602922,185.60659473537945,29.93485349965098,247.6668243968235,40.24589921038303,0.00778243782174832,-0.0389121891087416,0.0,12.2
231,46.39999999999934,0.017453292519943295,0.2172173908446777,10.01576957290189,10.346038404204304,184.2302096780518,185.14614081724557,29.93743901012243,247.6874849089952,40.24925654696827,0.013895583897879508,0.01778854311031894,0.017453292519943295,12.2
232,46.5999999999993,-0.017453292519943295,0.2176407963102145,10.017020417899936,10.347368767876066,184.25354216225347,185.4831815322737,29.94123054259673,247.71933424291407,40.25443206890561,0.005111899639162584,-0.025559498195812918,0.0,12.2
233,46.79999999999926,0.017453292519943295,0.21714120294145292,10.016823309001518,10.347158610010624,184.25027776846045,185.0611644512126,29.9407000780749,247.71430299606467,40.253614490475,0.012913147803631382,0.02270072358155957,0.017453292519943295,12.2
234,46.99999999999922,0.017453292519943295,0.21662588097391924,10.013819350328548,10.343960349063572,184.19370002739223,184.67905867511044,29.931506185957424,247.63773560097982,40.2411722763315,0.026578439990005632,0.04164072524940479,0.03490658503988659,12.2
235,47.19999999999918,-0.017453292519943295,0.21717307805428757,10.012648395424765,10.342718864425049,184.1710093226374,185.16778194911714,29.92781894274752,247.60801405968488,40.236342521041315,0.020810246671876084,-0.01678477075966394,0.017453292519943295,12.2
236,47.39999999999914,-0.017453292519943295,0.21773944122396716,10.014956987154358,10.345175403586982,184.2142988602922,185.60659473537945,29.93485349965098,247.6668243968235,40.24589921038303,0.00778243782174832,-0.0389121891087416,0.0,12.2
237,47.5999999999991,0.017453292519943295,0.2172173908446777,10.01576957290189,10.346038404204304,184.2302096780518,185.14614081724557,29.93743901012243,247.6874849089952,40.24925654696827,0.013895583897879508,0.01778854311031894,0.017453292519943295,12.2
238,47.79999999999906,-0.017453292519943295,0.2176407963102145,10.017020417899936,10.347368767876066,184.25354216225347,185.4831815322737,29.94123054259673,247.71933424291407,40.25443206890561,0.005111899639162584,-0.025559498195812918,0.0,12.2
239,47.99999999999902,0.017453292519943295,0.21714120294145292,10.016823309001518,10.347158610010624,184.25027776846045,185.0611644512126,29.9407000780749,247.71430299606467,40.253614490475,0.012913147803631382,0.02270072358155957,0.017453292519943295,12.2
240,48.19999999999898,0.017453292519943295,0.21662588097391924,10.013819350328548,10.343960349063572,184.19370002739223,184.67905867511044,29.931506185957424,247.63773560097982,40.2411722763315,0.026578439990005632,0.04164072524940479,0.03490658503988659,12.2
241,48.39999999999894,-0.017453292519943295,0.21717307805428757,10.012648395424765,10.342718864425049,184.1710093226374,185.16778194911714,29.92781894274752,247.60801405968488,40.236342521041315,0.020810246671876084,-0.01678477075966394,0.017453292519943295,12.2
242,48.5999999999989,-0.017453292519943295,0.21773944122396716,10.014956987154358,10.345175403586982,184.2142988602922,185.60659473537945,29.93485349965098,247.6668243968235,40.24589921038303,0.00778243782174832,-0.0389121891087416,0.0,12.2
243,48.79999999999886,0.017453292519943295,0.2172173908446777,10.01576957290189,10.346038404204304,184.2302096780518,185.14614081724557,29.93743901012243,247.6874849089952,40.24925654696827,0.013895583897879508,0.01778854311031894,0.017453292519943295,12.2
244,48.99999999999882,-0.017453292519943295,0.2176407963102145,10.017020417899936,10.347368767876066,184.25354216225347,185.4831815322737,29.94123054259673,247.71933424291407,40.25443206890561,0.005111899639162584,-0.025559498195812918,0.0,12.2
245,49.19999999999878,0.017453292519943295,0.21714120294145292,10.016823309001518,10.347158610010624,184.25027776846045,185.0611644512126,29.9407000780749,247.71430299606467,40.253614490475,0.012913147803631382,0.02270072358155957,0.017453292519943295,12.2
246,49.39999999999874,0.017453292519943295,0.21662588097391924,10.013819350328548,10.343960349063572,184.19370002739223,184.67905867511044,29.931506185957424,247.63773560097982,40.2411722763315,0.026578439990005632,0.04164072524940479,0.03490658503988659,12.2
247,49.5999999999987,-0.017453292519943295,0.21717307805428757,10.012648395424765,10.342718864425049,184.1710093226374,185.16778194911714,29.92781894274752,247.60801405968488,40.236342521041315,0.020810246671876084,-0.01678477075966394,0.017453292519943295,12.2
248,49.79999999999866,-0.017453292519943295,0.21773944122396716,10.014956987154358,10.345175403586982,184.2142988602922,185.60659473537945,29.93485349965098,247.6668243968235,40.24589921038303,0.00778243782174832,-0.0389121891087416,0.0,12.2
249,49.99999999999862,0.017453292519943295,0.2172173908446777,10.01576957290189,10.346038404204304,184.2302096780518,185.14614081724557,29.93743901012243,247.6874849089952,40.24925654696827,0.013895583897879508,0.01778854311031894,0.017453292519943295,12.2
250,50.19999999999858,-0.017453292519943295,0.2176407963102145,10.017020417899936,10.347368767876066,184.25354216225347,185.4831815322737,29.94123054259673,247.71933424291407,40.25443206890561,0.005111899639162584,-0.025559498195812918,0.0,12.2
251,50.39999999999854,0.017453292519943295,0.21714120294145292,10.016823309001518,10.347158610010624,184.25027776846045,185.0611644512126,29.9407000780749,247.71430299606467,40.253614490475,0.012913147803631382,0.02270072358155957,0.017453292519943295,12.2
252,50.5999999999985,0.017453292519943295,0.21662588097391924,10.013819350328548,10.343960349063572,184.19370002739223,184.67905867511044,29.931506185957424,247.63773560097982,40.2411722763315,0.026578439990005632,0.04164072524940479,0.03490658503988659,12.2
253,50.79999999999846,-0.017453292519943295,0.21717307805428757,10.012648395424765,10.342718864425049,184.1710093226374,185.16778194911714,29.92781894274752,247.60801405968488,40.236342521041315,0.020810246671876084,-0.01678477075966394,0.017453292519943295,12.2
254,50.99999999999842,-0.017453292519943295,0.21773944122396716,10.014956987154358,10.345175403586982,184.2142988602922,185.60659473537945,29.93485349965098,247.6668243968235,40.24589921038303,0.00778243782174832,-0.0389121891087416,0.0,12.2
255,51.19999999999838,0.017453292519943295,0.2172173908446777,10.01576957290189,10.346038404204304,184.2302096780518,185.14614081724557,29.93743901012243,247.6874849089952,40.24925654696827,0.013895583897879508,0.01778854311031894,0.017453292519943295,12.2
256,51.39999999999834,-0.017453292519943295,0.2176407963102145,10.017020417899936,10.347368767876066,184.25354216225347,185.4831815322737,29.94123054259673,247.71933424291407,40.25443206890561,0.005111899639162584,-0.025559498195812918,0.0,12.2
257,51.5999999999983,0.017453292519943295,0.21714120294145292,10.016823309001518,10.347158610010624,184.25027776846045,185.0611644512126,29.9407000780749,247.71430299606467,40.253614490475,0.012913147803631382,0.02270072358155957,0.017453292519943295,12.2
258,51.79999999999826,0.017453292519943295,0.21662588097391924,10.013819350328548,10.343960349063572,184.19370002739223,184.67905867511044,29.931506185957424,247.63773560097982,40.2411722763315,0.026578439990005632,0.04164072524940479,0.03490658503988659,12.2
259,51.999999999998224,-0.017453292519943295,0.21717307805428757,10.012648395424765,10.342718864425049,184.1710093226374,185.16778194911714,29.92781894274752,247.60801405968488,40.236342521041315,0.020810246671876084,-0.01678477075966394,0.017453292519943295,12.2
260,52.199999999998184,-0.017453292519943295,0.21773944122396716,10.014956987154358,10.345175403586982,184.2142988602922,185.60659473537945,29.93485349965098,247.6668243968235,40.24589921038303,0.00778243782174832,-0.0389121891087416,0.0,12.2
261,52.399999999998144,0.017453292519943295,0.2172173908446777,10.01576957290189,10.346038404204304,184.2302096780518,185.14614081724557,29.93743901012243,247.6874849089952,40.24925654696827,0.013895583897879508,0.01778854311031894,0.017453292519943295,12.2
262,52.599999999998104,-0.017453292519943295,0.2176407963102145,10.017020417899936,10.347368767876066,184.25354216225347,185.4831815322737,29.94123054259673,247.71933424291407,40.25443206890561,0.005111899639162584,-0.025559498195812918,0.0,12.2
263,52.799999999998064,0.017453292519943295,0.21714120294145292,10.016823309001518,10.347158610010624,184.25027776846045,185.0611644512126,29.9407000780749,247.71430299606467,40.253614490475,0.012913147803631382,0.02270072358155957,0.017453292519943295,12.2
264,52.999999999998025,0.017453292519943295,0.21662588097391924,10.013819350328548,10.343960349063572,184.19370002739223,184.67905867511044,29.931506185957424,247.63773560097982,40.2411722763315,0.026578439990005632,0.04164072524940479,0.03490658503988659,12.2
265,53.199999999997985,-0.017453292519943295,0.21717307805428757,10.012648395424765,10.342718864425049,184.1710093226374,185.16778194911714,29.92781894274752,247.60801405968488,40.236342521041315,0.020810246671876084,-0.01678477075966394,0.017453292519943295,12.2
266,53.399999999997945,-0.017453292519943295,0.21773944122396716,10.014956987154358,10.345175403586982,184.2142988602922,185.60659473537945,29.93485349965098,247.6668243968235,40.24589921038303,0.00778243782174832,-0.0389121891087416,0.0,12.2
267,53.599999999997905,0.017453292519943295,0.2172173908446777,10.01576957290189,10.346038404204304,184.2302096780518,185.14614081724557,29.93743901012243,247.6874849089952,40.24925654696827,0.013895583897879508,0.01778854311031894,0.017453292519943295,12.2
268,53.799999999997866,-0.017453292519943295,0.2176407963102145,10.017020417899936,10.347368767876066,184.25354216225347,185.4831815322737,29.94123054259673,247.71933424291407,40.25443206890561,0.005111899639162584,-0.025559498195812918,0.0,12.2
269,53.999999999997826,0.017453292519943295,0.21714120294145292,10.016823309001518,10.347158610010624,184.25027776846045,185.0611644512126,29.9407000780749,247.71430299606467,40.253614490475,0.012913147803631382,0.02270072358155957,0.017453292519943295,12.2
270,54.199999999997786,0.017453292519943295,0.21662588097391924,10.013819350328548,10.343960349063572,184.19370002739223,184.67905867511044,29.931506185957424,247.63773560097982,40.2411722763315,0.026578439990005632,0.04164072524940479,0.03490658503988659,12.2
271,54.399999999997746,-0.017453292519943295,0.21717307805428757,10.012648395424765,10.342718864425049,184.1710093226374,185.16778194911714,29.92781894274752,247.60801405968488,40.236342521041315,0.020810246671876084,-0.01678477075966394,0.017453292519943295,12.2
272,54.599999999997706,-0.017453292519943295,0.21773944122396716,10.014956987154358,10.345175403586982,184.2142988602922,185.60659473537945,29.93485349965098,247.6668243968235,40.24589921038303,0.00778243782174832,-0.0389121891087416,0.0,12.2
273,54.79999999999767,0.017453292519943295,0.2172173908446777,10.01576957290189,10.346038404204304,184.2302096780518,185.14614081724557,29.93743901012243,247.6874849089952,40.24925654696827,0.013895583897879508,0.01778854311031894,0.017453292519943295,12.2
274,54.99999999999763,-0.017453292519943295,0.2176407963102145,10.017020417899936,10.347368767876066,184.25354216225347,185.4831815322737,29.94123054259673,247.71933424291407,40.25443206890561,0.005111899639162584,-0.025559498195812918,0.0,12.2
275,55.19999999999759,0.017453292519943295,0.21714120294145292,10.016823309001518,10.347158610010624,184.25027776846045,185.0611644512126,29.9407000780749,247.71430299606467,40.253614490475,0.012913147803631382,0.02270072358155957,0.017453292519943295,12.2
276,55.39999999999755,0.017453292519943295,0.21662588097391924,10.013819350328548,10.343960349063572,184.19370002739223,184.67905867511044,29.931506185957424,247.63773560097982,40.2411722763315,0.026578439990005632,0.04164072524940479,0.03490658503988659,12.2
277,55.59999999999751,-0.017453292519943295,0.21717307805428757,10.012648395424765,10.342718864425049,184.1710093226374,185.16778194911714,29.92781894274752,247.60801405968488,40.236342521041315,0.020810246671876084,-0.01678477075966394,0.017453292519943295,12.2
278,55.79999999999747,-0.017453292519943295,0.21773944122396716,10.014956987154358,10.345175403586982,184.2142988602922,185.60659473537945,29.93485349965098,247.6668243968235,40.24589921038303,0.00778243782174832,-0.0389121891087416,0.0,12.2
279,55.99999999999743,0.017453292519943295,0.2172173908446777,10.01576957290189,10.346038404204304,184.2302096780518,185.14614081724557,29.93743901012243,247.6874849089952,40.24925654696827,0.013895583897879508,0.01778854311031894,0.017453292519943295,12.2
280,56.19999999999739,-0.017453292519943295,0.2176407963102145,10.017020417899936,10.347368767876066,184.25354216225347,185.4831815322737,29.94123054259673,247.71933424291407,40.25443206890561,0.005111899639162584,-0.025559498195812918,0.0,12.2
281,56.39999999999735,0.017453292519943295,0.21714120294145292,10.016823309001518,10.347158610010624,184.25027776846045,185.0611644512126,29.9407000780749,247.71430299606467,40.253614490475,0.012913147803631382,0.02270072358155957,0.017453292519943295,12.2
282,56.59999999999731,0.017453292519943295,0.21662588097391924,10.013819350328548,10.343960349063572,184.19370002739223,184.67905867511044,29.931506185957424,247.63773560097982,40.2411722763315,0.026578439990005632,0.04164072524940479,0.03490658503988659,12.2
283,56.79999999999727,-0.017453292519943295,0.21717307805428757,10.012648395424765,10.342718864425049,184.1710093226374,185.16778194911714,29.92781894274752,247.60801405968488,40.236342521041315,0.020810246671876084,-0.01678477075966394,0.017453292519943295,12.2
284,56.99999999999723,-0.017453292519943295,0.21773944122396716,10.014956987154358,10.345175403586982,184.2142988602922,185.60659473537945,29.93485349965098,247.6668243968235,40.24589921038303,0.00778243782174832,-0.0389121891087416,0.0,12.2
285,57.19999999999719,0.017453292519943295,0.2172173908446777,10.01576957290189,10.346038404204304,184.2302096780518,185.14614081724557,29.93743901012243,247.6874849089952,40.24925654696827,0.013895583897879508,0.01778854311031894,0.017453292519943295,12.2
286,57.39999999999715,-0.017453292519943295,0.2176407963102145,10.017020417899936,10.347368767876066,184.25354216225347,185.4831815322737,29.94123054259673,247.71933424291407,40.25443206890561,0.005111899639162584,-0.025559498195812918,0.0,12.2
287,57.59999999999711,0.017453292519943295,0.21714120294145292,10.016823309001518,10.347158610010624,184.25027776846045,185.0611644512126,29.9407000780749,247.71430299606467,40.253614490475,0.012913147803631382,0.02270072358155957,0.017453292519943295,12.2
288,57.79999999999707,0.017453292519943295,0.21662588097391924,10.013819350328548,10.343960349063572,184.19370002739223,184.67905867511044,29.931506185957424,247.63773560097982,40.2411722763315,0.026578439990005632,0.04164072524940479,0.03490658503988659,12.2
289,57.99999999999703,-0.017453292519943295,0.21717307805428757,10.012648395424765,10.342718864425049,184.1710093226374,185.16778194911714,29.92781894274752,247.60801405968488,40.236342521041315,0.020810246671876084,-0.01678477075966394,0.017453292519943295,12.2
290,58.19999999999699,-0.017453292519943295,0.21773944122396716,10.014956987154358,10.345175403586982,184.2142988602922,185.60659473537945,29.93485349965098,247.6668243968235,40.24589921038303,0.00778243782174832,-0.0389121891087416,0.0,12.2
291,58.39999999999695,0.017453292519943295,0.2172173908446777,10.01576957290189,10.346038404204304,184.2302096780518,185.14614081724557,29.93743901012243,247.6874849089952,40.24925654696827,0.013895583897879508,0.01778854311031894,0.017453292519943295,12.2
292,58.59999999999691,-0.017453292519943295,0.2176407963102145,10.017020417899936,10.347368767876066,184.25354216225347,185.4831815322737,29.94123054259673,247.71933424291407,40.25443206890561,0.005111899639162584,-0.025559498195812918,0.0,12.2
293,58.79999999999687,0.017453292519943295,0.21714120294145292,10.016823309001518,10.347158610010624,184.25027776846045,185.0611644512126,29.9407000780749,247.71430299606467,40.253614490475,0.012913147803631382,0.02270072358155957,0.017453292519943295,12.2
294,58.99999999999683,0.017453292519943295,0.21662588097391924,10.013819350328548,10.343960349063572,184.19370002739223,184.67905867511044,29.931506185957424,247.63773560097982,40.2411722763315,0.026578439990005632,0.04164072524940479,0.03490658503988659,12.2
295,59.19999999999679,-0.017453292519943295,0.21717307805428757,10.012648395424765,10.342718864425049,184.1710093226374,185.16778194911714,29.92781894274752,247.60801405968488,40.236342521041315,0.020810246671876084,-0.01678477075966394,0.017453292519943295,12.2
296,59.39999999999675,-0.017453292519943295,0.21773944122396716,10.014956987154358,10.345175403586982,184.2142988602922,185.60659473537945,29.93485349965098,247.6668243968235,40.24589921038303,0.00778243782174832,-0.0389121891087416,0.0,12.2
297,59.59999999999671,0.017453292519943295,0.2172173908446777,10.01576957290189,10.346038404204304,184.2302096780518,185.14614081724557,29.93743901012243,247.6874849089952,40.24925654696827,0.013895583897879508,0.01778854311031894,0.017453292519943295,12.2
298,59.79999999999667,-0.017453292519943295,0.2176407963102145,10.017020417899936,10.347368767876066,184.25354216225347,185.4831815322737,29.94123054259673,247.71933424291407,40.25443206890561,0.005111899639162584,-0.025559498195812918,0.0,12.2
299,59.99999999999663,0.017453292519943295,0.21714120294145292,10.016823309001518,10.347158610010624,184.25027776846045,185.0611644512126,29.9407000780749,247.71430299606467,40.253614490475,0.012913147803631382,0.02270072358155957,0.017453292519943295,12.2
300,60.19999999999659,0.017453292519943295,0.21662588097391924,10.013819350328548,10.343960349063572,184.19370002739223,184.67905867511044,29.931506185957424,247.63773560097982,40.2411722763315,0.026578439990005632,0.04164072524940479,0.03490658503988659,12.2
301,60.39999999999655,-0.017453292519943295,0.21717307805428757,10.012648395424765,10.342718864425049,184.1710093226374,185.16778194911714,29.92781894274752,247.60801405968488,40.236342521041315,0.020810246671876084,-0.01678477075966394,0.017453292519943295,12.2
302,60.59999999999651,-0.017453292519943295,0.21773944122396716,10.014956987154358,10.345175403586982,184.2142988602922,185.60659473537945,29.93485349965098,247.6668243968235,40.24589921038303,0.00778243782174832,-0.0389121891087416,0.0,12.2
303,60.79999999999647,0.017453292519943295,0.2172173908446777,10.01576957290189,10.346038404204304,184.2302096780518,185.14614081724557,29.93743901012243,247.6874849089952,40.24925654696827,0.013895583897879508,0.01778854311031894,0.017453292519943295,12.2
304,60.99999999999643,-0.017453292519943295,0.2176407963102145,10.017020417899936,10.347368767876066,184.25354216225347,185.4831815322737,29.94123054259673,247.71933424291407,40.25443206890561,0.005111899639162584,-0.025559498195812918,0.0,12.2
305,61.19999999999639,0.017453292519943295,0.21714120294145292,10.016823309001518,10.347158610010624,184.25027776846045,185.0611644512126,29.9407000780749,247.71430299606467,40.253614490475,0.012913147803631382,0.02270072358155957,0.017453292519943295,12.2
306,61.39999999999635,0.017453292519943295,0.21662588097391924,10.013819350328548,10.343960349063572,184.19370002739223,184.67905867511044,29.931506185957424,247.63773560097982,40.2411722763315,0.026578439990005632,0.04164072524940479,0.03490658503988659,12.2
307,61.599999999996314,-0.017453292519943295,0.21717307805428757,10.012648395424765,10.342718864425049,184.1710093226374,185.16778194911714,29.92781894274752,247.60801405968488,40.236342521041315,0.020810246671876084,-0.01678477075966394,0.017453292519943295,12.2
308,61.799999999996274,-0.017453292519943295,0.21773944122396716,10.014956987154358,10.345175403586982,184.2142988602922,185.60659473537945,29.93485349965098,247.6668243968235,40.24589921038303,0.00778243782174832,-0.0389121891087416,0.0,12.2
309,61.999999999996234,0.017453292519943295,0.2172173908446777,10.01576957290189,10.346038404204304,184.2302096780518,185.14614081724557,29.93743901012243,247.6874849089952,40.24925654696827,0.013895583897879508,0.01778854311031894,0.017453292519943295,12.2
310,62.199999999996194,-0.017453292519943295,0.2176407963102145,10.017020417899936,10.347368767876066,184.25354216225347,185.4831815322737,29.94123054259673,247.71933424291407,40.25443206890561,0.005111899639162584,-0.025559498195812918,0.0,12.2
311,62.399999999996155,0.017453292519943295,0.21714120294145292,10.016823309001518,10.347158610010624,184.25027776846045,185.0611644512126,29.9407000780749,247.71430299606467,40.253614490475,0.012913147803631382,0.02270072358155957,0.017453292519943295,12.2
312,62.599999999996115,0.017453292519943295,0.21662588097391924,10.013819350328548,10.343960349063572,184.19370002739223,184.67905867511044,29.931506185957424,247.63773560097982,40.2411722763315,0.026578439990005632,0.04164072524940479,0.03490658503988659,12.2
313,62.799999999996075,-0.017453292519943295,0.21717307805428757,10.012648395424765,10.342718864425049,184.1710093226374,185.16778194911714,29.92781894274752,247.60801405968488,40.236342521041315,0.020810246671876084,-0.01678477075966394,0.017453292519943295,12.2
314,62.999999999996035,-0.017453292519943295,0.21773944122396716,10.014956987154358,10.345175403586982,184.2142988602922,185.60659473537945,29.93485349965098,247.6668243968235,40.24589921038303,0.00778243782174832,-0.0389121891087416,0.0,12.2
315,63.199999999995995,0.017453292519943295,0.2172173908446777,10.01576957290189,10.346038404204304,184.2302096780518,185.14614081724557,29.93743901012243,247.6874849089952,40.24925654696827,0.013895583897879508,0.01778854311031894,0.017453292519943295,12.2
316,63.399999999995956,-0.017453292519943295,0.2176407963102145,10.017020417899936,10.347368767876066,184.25354216225347,185.4831815322737,29.94123054259673,247.71933424291407,40.25443206890561,0.005111899639162584,-0.025559498195812918,0.0,12.2
317,63.599999999995916,0.017453292519943295,0.21714120294145292,10.016823309001518,10.347158610010624,184.25027776846045,185.0611644512126,29.9407000780749,247.71430299606467,40.253614490475,0.012913147803631382,0.02270072358155957,0.017453292519943295,12.2
318,63.799999999995876,0.017453292519943295,0.21662588097391924,10.013819350328548,10.343960349063572,184.19370002739223,184.67905867511044,29.931506185957424,247.63773560097982,40.2411722763315,0.026578439990005632,0.04164072524940479,0.03490658503988659,12.2
319,63.999999999995836,-0.017453292519943295,0.21717307805428757,10.012648395424765,10.342718864425049,184.1710093226374,185.16778194911714,29.92781894274752,247.60801405968488,40.236342521041315,0.020810246671876084,-0.01678477075966394,0.017453292519943295,12.2
320,64.19999999999594,-0.017453292519943295,0.21773944122396738,10.014956987154358,10.345175403586982,184.2142988602923,185.60659473537964,29.934853499651,247.6668243968235,40.24589921038303,0.007782437821742785,-0.03891218910871393,0.0,12.2
321,64.39999999999604,0.017453292519943295,0.21721739084467723,10.015769572901892,10.346038404204306,184.23020967805164,185.14614081724514,29.9374390101224,247.68748490899526,40.249256546968276,0.013895583897879996,0.0177885431103165,0.017453292519943295,12.2
322,64.59999999999614,-0.017453292519943295,0.2176407963102144,10.017020417899937,10.347368767876068,184.25354216225335,185.48318153227356,29.941230542596713,247.71933424291416,40.25443206890562,0.005111899639159132,-0.02555949819579566,0.0,12.2
323,64.79999999999625,0.017453292519943295,0.21714120294145212,10.016823309001524,10.347158610010627,184.2502777684602,185.06116445121185,29.940700078074862,247.71430299606473,40.25361449047501,0.012913147803633333,0.02270072358154981,0.017453292519943295,12.2
324,64.99999999999635,0.017453292519943295,0.2166258809739188,10.013819350328548,10.343960349063572,184.19370002739223,184.67905867511,29.931506185957424,247.63773560097982,40.2411722763315,0.026578439990012467,0.041640725249370625,0.03490658503988659,12.2
325,65.19999999999645,-0.017453292519943295,0.21717307805428815,10.01264839542476,10.342718864425045,184.17100932263696,185.16778194911765,29.92781894274745,247.60801405968485,40.23634252104131,0.020810246671876215,-0.0167847707596646,0.017453292519943295,12.2
326,65.39999999999655,-0.017453292519943295,0.21773944122396702,10.01495698715436,10.345175403586985,184.2142988602919,185.6065947353793,29.934853499650934,247.66682439682353,40.24589921038304,0.007782437821742847,-0.03891218910871423,0.0,12.2
327,65.59999999999665,0.017453292519943295,0.21721739084467723,10.015769572901892,10.346038404204306,184.2302096780513,185.14614081724514,29.937439010122347,247.68748490899526,40.249256546968276,0.013895583897880018,0.017788543110316385,0.017453292519943295,12.2
328,65.79999999999676,-0.017453292519943295,0.2176407963102144,10.017020417899937,10.347368767876068,184.25354216225335,185.48318153227356,29.941230542596713,247.71933424291416,40.25443206890562,0.00511189963915914,-0.0255594981957957,0.0,12.2
329,65.99999999999686,0.017453292519943295,0.21714120294145212,10.016823309001524,10.347158610010627,184.2502777684602,185.06116445121185,29.940700078074862,247.71430299606473,40.25361449047501,0.012913147803633339,0.022700723581549787,0.017453292519943295,12.2
330,66.19999999999696,0.017453292519943295,0.2166258809739188,10.013819350328548,10.343960349063572,184.19370002739223,184.67905867511,29.931506185957424,247.63773560097982,40.2411722763315,0.02657843999001247,0.041640725249370604,0.03490658503988659,12.2
331,66.39999999999706,-0.017453292519943295,0.21717307805428815,10.01264839542476,10.342718864425045,184.17100932263696,185.16778194911765,29.92781894274745,247.60801405968485,40.23634252104131,0.02081024667187622,-0.016784770759664617,0.017453292519943295,12.2
332,66.59999999999717,-0.017453292519943295,0.21773944122396702,10.01495698715436,10.345175403586985,184.2142988602919,185.6065947353793,29.934853499650934,247.66682439682353,40.24589921038304,0.007782437821742847,-0.03891218910871423,0.0,12.2
333,66.79999999999727,0.017453292519943295,0.21721739084467723,10.015769572901892,10.346038404204306,184.2302096780513,185.14614081724514,29.937439010122347,247.68748490899526,40.249256546968276,0.013895583897880018,0.017788543110316385,0.017453292519943295,12.2
334,66.99999999999737,-0.017453292519943295,0.2176407963102144,10.017020417899937,10.347368767876068,184.25354216225335,185.48318153227356,29.941230542596713,247.71933424291416,40.25443206890562,0.00511189963915914,-0.0255594981957957,0.0,12.2
335,67.19999999999747,0.017453292519943295,0.21714120294145212,10.016823309001524,10.347158610010627,184.2502777684602,185.06116445121185,29.940700078074862,247.71430299606473,40.25361449047501,0.012913147803633339,0.022700723581549787,0.017453292519943295,12.2
336,67.39999999999758,0.017453292519943295,0.2166258809739188,10.013819350328548,10.343960349063572,184.19370002739223,184.67905867511,29.931506185957424,247.63773560097982,40.2411722763315,0.02657843999001247,0.041640725249370604,0.03490658503988659,12.2
337,67.59999999999768,-0.017453292519943295,0.21717307805428815,10.01264839542476,10.342718864425045,184.17100932263696,185.16778194911765,29.92781894274745,247.60801405968485,40.23634252104131,0.02081024667187622,-0.016784770759664617,0.017453292519943295,12.2
338,67.79999999999778,-0.017453292519943295,0.21773944122396702,10.01495698715436,10.345175403586985,184.2142988602919,185.6065947353793,29.934853499650934,247.66682439682353,40.24589921038304,0.007782437821742847,-0.03891218910871423,0.0,12.2
339,67.99999999999788,0.017453292519943295,0.21721739084467723,10.015769572901892,10.346038404204306,184.2302096780513,185.14614081724514,29.937439010122347,247.68748490899526,40.249256546968276,0.013895583897880018,0.017788543110316385,0.017453292519943295,12.2
340,68.19999999999798,-0.017453292519943295,0.2176407963102144,10.017020417899937,10.347368767876068,184.25354216225335,185.48318153227356,29.941230542596713,247.71933424291416,40.25443206890562,0.00511189963915914,-0.0255594981957957,0.0,12.2
341,68.39999999999809,0.017453292519943295,0.21714120294145212,10.016823309001524,10.347158610010627,184.2502777684602,185.06116445121185,29.940700078074862,247.71430299606473,40.25361449047501,0.012913147803633339,0.022700723581549787,0.017453292519943295,12.2
342,68.59999999999819,0.017453292519943295,0.2166258809739188,10.013819350328548,10.343960349063572,184.19370002739223,184.67905867511,29.931506185957424,247.63773560097982,40.2411722763315,0.02657843999001247,0.041640725249370604,0.03490658503988659,12.2
343,68.79999999999829,-0.017453292519943295,0.21717307805428815,10.01264839542476,10.342718864425045,184.17100932263696,185.16778194911765,29.92781894274745,247.60801405968485,40.23634252104131,0.02081024667187622,-0.016784770759664617,0.017453292519943295,12.2
344,68.9999999999984,-0.017453292519943295,0.21773944122396702,10.01495698715436,10.345175403586985,184.2142988602919,185.6065947353793,29.934853499650934,247.66682439682353,40.24589921038304,0.007782437821742847,-0.03891218910871423,0.0,12.2
345,69.1999999999985,0.017453292519943295,0.21721739084467723,10.015769572901892,10.346038404204306,184.2302096780513,185.14614081724514,29.937439010122347,247.68748490899526,40.249256546968276,0.013895583897880018,0.017788543110316385,0.017453292519943295,12.2
346,69.3999999999986,-0.017453292519943295,0.2176407963102144,10.017020417899937,10.347368767876068,184.25354216225335,185.48318153227356,29.941230542596713,247.71933424291416,40.25443206890562,0.00511189963915914,-0.0255594981957957,0.0,12.2
347,69.5999999999987,0.017453292519943295,0.21714120294145212,10.016823309001524,10.347158610010627,184.2502777684602,185.06116445121185,29.940700078074862,247.71430299606473,40.25361449047501,0.012913147803633339,0.022700723581549787,0.017453292519943295,12.2
348,69.7999999999988,0.017453292519943295,0.2166258809739188,10.013819350328548,10.343960349063572,184.19370002739223,184.67905867511,29.931506185957424,247.63773560097982,40.2411722763315,0.02657843999001247,0.041640725249370604,0.03490658503988659,12.2
349,69.9999999999989,-0.017453292519943295,0.21717307805428815,10.01264839542476,10.342718864425045,184.17100932263696,185.16778194911765,29.92781894274745,247.60801405968485,40.23634252104131,0.02081024667187622,-0.016784770759664617,0.017453292519943295,12.2
350,70.19999999999901,-0.017453292519943295,0.21773944122396702,10.01495698715436,10.345175403586985,184.2142988602919,185.6065947353793,29.934853499650934,247.66682439682353,40.24589921038304,0.007782437821742847,-0.03891218910871423,0.0,12.2
351,70.39999999999911,0.017453292519943295,0.21721739084467723,10.015769572901892,10.346038404204306,184.2302096780513,185.14614081724514,29.937439010122347,247.68748490899526,40.249256546968276,0.013895583897880018,0.017788543110316385,0.017453292519943295,12.2
352,70.59999999999921,-0.017453292519943295,0.2176407963102144,10.017020417899937,10.347368767876068,184.25354216225335,185.48318153227356,29.941230542596713,247.71933424291416,40.25443206890562,0.00511189963915914,-0.0255594981957957,0.0,12.2
353,70.79999999999932,0.017453292519943295,0.21714120294145212,10.016823309001524,10.347158610010627,184.2502777684602,185.06116445121185,29.940700078074862,247.71430299606473,40.25361449047501,0.012913147803633339,0.022700723581549787,0.017453292519943295,12.2
354,70.99999999999942,0.017453292519943295,0.2166258809739188,10.013819350328548,10.343960349063572,184.19370002739223,184.67905867511,29.931506185957424,247.63773560097982,40.2411722763315,0.02657843999001247,0.041640725249370604,0.03490658503988659,12.2
355,71.19999999999952,-0.017453292519943295,0.21717307805428815,10.01264839542476,10.342718864425045,184.17100932263696,185.16778194911765,29.92781894274745,247.60801405968485,40.23634252104131,0.02081024667187622,-0.016784770759664617,0.017453292519943295,12.2
356,71.39999999999962,-0.017453292519943295,0.21773944122396702,10.01495698715436,10.345175403586985,184.2142988602919,185.6065947353793,29.934853499650934,247.66682439682353,40.24589921038304,0.007782437821742847,-0.03891218910871423,0.0,12.2
357,71.59999999999972,0.017453292519943295,0.21721739084467723,10.015769572901892,10.346038404204306,184.2302096780513,185.14614081724514,29.937439010122347,247.68748490899526,40.249256546968276,0.013895583897880018,0.017788543110316385,0.017453292519943295,12.2
358,71.79999999999983,-0.017453292519943295,0.2176407963102144,10.017020417899937,10.347368767876068,184.25354216225335,185.48318153227356,29.941230542596713,247.71933424291416,40.25443206890562,0.00511189963915914,-0.0255594981957957,0.0,12.2
359,71.99999999999993,0.017453292519943295,0.21714120294145212,10.016823309001524,10.347158610010627,184.2502777684602,185.06116445121185,29.940700078074862,247.71430299606473,40.25361449047501,0.012913147803633339,0.022700723581549787,0.017453292519943295,12.2
360,72.20000000000003,0.017453292519943295,0.2166258809739188,10.013819350328548,10.343960349063572,184.19370002739223,184.67905867511,29.931506185957424,247.63773560097982,40.2411722763315,0.02657843999001247,0.041640725249370604,0.03490658503988659,12.2
361,72.40000000000013,-0.017453292519943295,0.21717307805428815,10.01264839542476,10.342718864425045,184.17100932263696,185.16778194911765,29.92781894274745,247.60801405968485,40.23634252104131,0.02081024667187622,-0.016784770759664617,0.017453292519943295,12.2
362,72.60000000000024,-0.017453292519943295,0.21773944122396702,10.01495698715436,10.345175403586985,184.2142988602919,185.6065947353793,29.934853499650934,247.66682439682353,40.24589921038304,0.007782437821742847,-0.03891218910871423,0.0,12.2
363,72.80000000000034,0.017453292519943295,0.21721739084467723,10.015769572901892,10.346038404204306,184.2302096780513,185.14614081724514,29.937439010122347,247.68748490899526,40.249256546968276,0.013895583897880018,0.017788543110316385,0.017453292519943295,12.2
364,73.00000000000044,-0.017453292519943295,0.2176407963102144,10.017020417899937,10.347368767876068,184.25354216225335,185.48318153227356,29.941230542596713,247.71933424291416,40.25443206890562,0.00511189963915914,-0.0255594981957957,0.0,12.2
365,73.20000000000054,0.017453292519943295,0.21714120294145212,10.016823309001524,10.347158610010627,184.2502777684602,185.06116445121185,29.940700078074862,247.71430299606473,40.25361449047501,0.012913147803633339,0.022700723581549787,0.017453292519943295,12.2
366,73.40000000000065,0.017453292519943295,0.2166258809739188,10.013819350328548,10.343960349063572,184.19370002739223,184.67905867511,29.931506185957424,247.63773560097982,40.2411722763315,0.02657843999001247,0.041640725249370604,0.03490658503988659,12.2
367,73.60000000000075,-0.017453292519943295,0.21717307805428815,10.01264839542476,10.342718864425045,184.17100932263696,185.16778194911765,29.92781894274745,247.60801405968485,40.23634252104131,0.02081024667187622,-0.016784770759664617,0.017453292519943295,12.2
368,73.80000000000085,-0.017453292519943295,0.21773944122396702,10.01495698715436,10.345175403586985,184.2142988602919,185.6065947353793,29.934853499650934,247.66682439682353,40.24589921038304,0.007782437821742847,-0.03891218910871423,0.0,12.2
369,74.00000000000095,0.017453292519943295,0.21721739084467723,10.015769572901892,10.346038404204306,184.2302096780513,185.14614081724514,29.937439010122347,247.68748490899526,40.249256546968276,0.013895583897880018,0.017788543110316385,0.017453292519943295,12.2
370,74.20000000000105,-0.017453292519943295,0.2176407963102144,10.017020417899937,10.347368767876068,184.25354216225335,185.48318153227356,29.941230542596713,247.71933424291416,40.25443206890562,0.00511189963915914,-0.0255594981957957,0.0,12.2
371,74.40000000000116,0.017453292519943295,0.21714120294145212,10.016823309001524,10.347158610010627,184.2502777684602,185.06116445121185,29.940700078074862,247.71430299606473,40.25361449047501,0.012913147803633339,0.022700723581549787,0.017453292519943295,12.2
372,74.60000000000126,0.017453292519943295,0.2166258809739188,10.013819350328548,10.343960349063572,184.19370002739223,184.67905867511,29.931506185957424,247.63773560097982,40.2411722763315,0.02657843999001247,0.041640725249370604,0.03490658503988659,12.2
373,74.80000000000136,-0.017453292519943295,0.21717307805428815,10.01264839542476,10.342718864425045,184.17100932263696,185.16778194911765,29.92781894274745,247.60801405968485,40.23634252104131,0.02081024667187622,-0.016784770759664617,0.017453292519943295,12.2
374,75.00000000000146,-0.017453292519943295,0.21773944122396702,10.01495698715436,10.345175403586985,184.2142988602919,185.6065947353793,29.934853499650934,247.66682439682353,40.24589921038304,0.007782437821742847,-0.03891218910871423,0.0,12.2
375,75.20000000000157,0.017453292519943295,0.21721739084467723,10.015769572901892,10.346038404204306,184.2302096780513,185.14614081724514,29.937439010122347,247.68748490899526,40.249256546968276,0.013895583897880018,0.017788543110316385,0.017453292519943295,12.2
376,75.40000000000167,-0.017453292519943295,0.2176407963102144,10.017020417899937,10.347368767876068,184.25354216225335,185.48318153227356,29.941230542596713,247.71933424291416,40.25443206890562,0.00511189963915914,-0.0255594981957957,0.0,12.2
377,75.60000000000177,0.017453292519943295,0.21714120294145212,10.016823309001524,10.347158610010627,184.2502777684602,185.06116445121185,29.940700078074862,247.71430299606473,40.25361449047501,0.012913147803633339,0.022700723581549787,0.017453292519943295,12.2
378,75.80000000000187,0.017453292519943295,0.2166258809739188,10.013819350328548,10.343960349063572,184.19370002739223,184.67905867511,29.931506185957424,247.63773560097982,40.2411722763315,0.02657843999001247,0.041640725249370604,0.03490658503988659,12.2
379,76.00000000000198,-0.017453292519943295,0.21717307805428815,10.01264839542476,10.342718864425045,184.17100932263696,185.16778194911765,29.92781894274745,247.60801405968485,40.23634252104131,0.02081024667187622,-0.016784770759664617,0.017453292519943295,12.2
380,76.20000000000208,-0.017453292519943295,0.21773944122396702,10.01495698715436,10.345175403586985,184.2142988602919,185.6065947353793,29.934853499650934,247.66682439682353,40.24589921038304,0.007782437821742847,-0.03891218910871423,0.0,12.2
381,76.40000000000218,0.017453292519943295,0.21721739084467723,10.015769572901892,10.346038404204306,184.2302096780513,185.14614081724514,29.937439010122347,247.68748490899526,40.249256546968276,0.013895583897880018,0.017788543110316385,0.017453292519943295,12.2
382,76.60000000000228,-0.017453292519943295,0.2176407963102144,10.017020417899937,10.347368767876068,184.25354216225335,185.48318153227356,29.941230542596713,247.71933424291416,40.25443206890562,0.00511189963915914,-0.0255594981957957,0.0,12.2
383,76.80000000000238,0.017453292519943295,0.21714120294145212,10.016823309001524,10.347158610010627,184.2502777684602,185.06116445121185,29.940700078074862,247.71430299606473,40.25361449047501,0.012913147803633339,0.022700723581549787,0.017453292519943295,12.2
384,77.00000000000249,0.017453292519943295,0.2166258809739188,10.013819350328548,10.343960349063572,184.19370002739223,184.67905867511,29.931506185957424,247.63773560097982,40.2411722763315,0.02657843999001247,0.041640725249370604,0.03490658503988659,12.2
385,77.20000000000259,-0.017453292519943295,0.21717307805428815,10.01264839542476,10.342718864425045,184.17100932263696,185.16778194911765,29.92781894274745,247.60801405968485,40.23634252104131,0.02081024667187622,-0.016784770759664617,0.017453292519943295,12.2
386,77.40000000000269,-0.017453292519943295,0.21773944122396702,10.01495698715436,10.345175403586985,184.2142988602919,185.6065947353793,29.934853499650934,247.66682439682353,40.24589921038304,0.007782437821742847,-0.03891218910871423,0.0,12.2
387,77.6000000000028,0.017453292519943295,0.21721739084467723,10.015769572901892,10.346038404204306,184.2302096780513,185.14614081724514,29.937439010122347,247.68748490899526,40.249256546968276,0.013895583897880018,0.017788543110316385,0.017453292519943295,12.2
388,77.8000000000029,-0.017453292519943295,0.2176407963102144,10.017020417899937,10.347368767876068,184.25354216225335,185.48318153227356,29.941230542596713,247.71933424291416,40.25443206890562,0.00511189963915914,-0.0255594981957957,0.0,12.2
389,78.000000000003,0.017453292519943295,0.21714120294145212,10.016823309001524,10.347158610010627,184.2502777684602,185.06116445121185,29.940700078074862,247.71430299606473,40.25361449047501,0.012913147803633339,0.022700723581549787,0.017453292519943295,12.2
390,78.2000000000031,0.017453292519943295,0.2166258809739188,10.013819350328548,10.343960349063572,184.19370002739223,184.67905867511,29.931506185957424,247.63773560097982,40.2411722763315,0.02657843999001247,0.041640725249370604,0.03490658503988659,12.2
391,78.4000000000032,-0.017453292519943295,0.21717307805428815,10.01264839542476,10.342718864425045,184.17100932263696,185.16778194911765,29.92781894274745,247.60801405968485,40.23634252104131,0.02081024667187622,-0.016784770759664617,0.017453292519943295,12.2
392,78.6000000000033,-0.017453292519943295,0.21773944122396702,10.01495698715436,10.345175403586985,184.2142988602919,185.6065947353793,29.934853499650934,247.66682439682353,40.24589921038304,0.007782437821742847,-0.03891218910871423,0.0,12.2
393,78.80000000000341,0.017453292519943295,0.21721739084467723,10.015769572901892,10.346038404204306,184.2302096780513,185.14614081724514,29.937439010122347,247.68748490899526,40.249256546968276,0.013895583897880018,0.017788543110316385,0.017453292519943295,12.2
394,79.00000000000351,-0.017453292519943295,0.2176407963102144,10.017020417899937,10.347368767876068,184.25354216225335,185.48318153227356,29.941230542596713,247.71933424291416,40.25443206890562,0.00511189963915914,-0.0255594981957957,0.0,12.2
395,79.20000000000361,0.017453292519943295,0.21714120294145212,10.016823309001524,10.347158610010627,184.2502777684602,185.06116445121185,29.940700078074862,247.71430299606473,40.25361449047501,0.012913147803633339,0.022700723581549787,0.017453292519943295,12.2
396,79.40000000000371,0.017453292519943295,0.2166258809739188,10.013819350328548,10.343960349063572,184.19370002739223,184.67905867511,29.931506185957424,247.63773560097982,40.2411722763315,0.02657843999001247,0.041640725249370604,0.03490658503988659,12.2
397,79.60000000000382,-0.017453292519943295,0.21717307805428815,10.01264839542476,10.342718864425045,184.17100932263696,185.16778194911765,29.92781894274745,247.60801405968485,40.23634252104131,0.02081024667187622,-0.016784770759664617,0.017453292519943295,12.2
398,79.80000000000392,-0.017453292519943295,0.21773944122396702,10.01495698715436,10.345175403586985,184.2142988602919,185.6065947353793,29.934853499650934,247.66682439682353,40.24589921038304,0.007782437821742847,-0.03891218910871423,0.0,12.2
399,80.00000000000402,0.017453292519943295,0.21721739084467723,10.015769572901892,10.346038404204306,184.2302096780513,185.14614081724514,29.937439010122347,247.68748490899526,40.249256546968276,0.013895583897880018,0.017788543110316385,0.017453292519943295,12.2
400,80.20000000000412,-0.017453292519943295,0.2176407963102144,10.017020417899937,10.347368767876068,184.25354216225335,185.48318153227356,29.941230542596713,247.71933424291416,40.25443206890562,0.00511189963915914,-0.0255594981957957,0.0,12.2
401,80.40000000000423,0.017453292519943295,0.21714120294145212,10.016823309001524,10.347158610010627,184.2502777684602,185.06116445121185,29.940700078074862,247.71430299606473,40.25361449047501,0.012913147803633339,0.022700723581549787,0.017453292519943295,12.2
402,80.60000000000433,0.017453292519943295,0.2166258809739188,10.013819350328548,10.343960349063572,184.19370002739223,184.67905867511,29.931506185957424,247.63773560097982,40.2411722763315,0.02657843999001247,0.041640725249370604,0.03490658503988659,12.2
403,80.80000000000443,-0.017453292519943295,0.21717307805428815,10.01264839542476,10.342718864425045,184.17100932263696,185.16778194911765,29.92781894274745,247.60801405968485,40.23634252104131,0.02081024667187622,-0.016784770759664617,0.017453292519943295,12.2
404,81.00000000000453,-0.017453292519943295,0.21773944122396702,10.01495698715436,10.345175403586985,184.2142988602919,185.6065947353793,29.934853499650934,247.66682439682353,40.24589921038304,0.007782437821742847,-0.03891218910871423,0.0,12.2
405,81.20000000000464,0.017453292519943295,0.21721739084467723,10.015769572901892,10.346038404204306,184.2302096780513,185.14614081724514,29.937439010122347,247.68748490899526,40.249256546968276,0.013895583897880018,0.017788543110316385,0.017453292519943295,12.2
406,81.40000000000474,-0.017453292519943295,0.2176407963102144,10.017020417899937,10.347368767876068,184.25354216225335,185.48318153227356,29.941230542596713,247.71933424291416,40.25443206890562,0.00511189963915914,-0.0255594981957957,0.0,12.2
407,81.60000000000484,0.017453292519943295,0.21714120294145212,10.016823309001524,10.347158610010627,184.2502777684602,185.06116445121185,29.940700078074862,247.71430299606473,40.25361449047501,0.012913147803633339,0.022700723581549787,0.017453292519943295,12.2
408,81.80000000000494,0.017453292519943295,0.2166258809739188,10.013819350328548,10.343960349063572,184.19370002739223,184.67905867511,29.931506185957424,247.63773560097982,40.2411722763315,0.02657843999001247,0.041640725249370604,0.03490658503988659,12.2
409,82.00000000000504,-0.017453292519943295,0.21717307805428815,10.01264839542476,10.342718864425045,184.17100932263696,185.16778194911765,29.92781894274745,247.60801405968485,40.23634252104131,0.02081024667187622,-0.016784770759664617,0.017453292519943295,12.2
410,82.20000000000515,-0.017453292519943295,0.21773944122396702,10.01495698715436,10.345175403586985,184.2142988602919,185.6065947353793,29.934853499650934,247.66682439682353,40.24589921038304,0.007782437821742847,-0.03891218910871423,0.0,12.2
411,82.40000000000525,0.017453292519943295,0.21721739084467723,10.015769572901892,10.346038404204306,184.2302096780513,185.14614081724514,29.937439010122347,247.68748490899526,40.249256546968276,0.013895583897880018,0.017788543110316385,0.017453292519943295,12.2
412,82.60000000000535,-0.017453292519943295,0.2176407963102144,10.017020417899937,10.347368767876068,184.25354216225335,185.48318153227356,29.941230542596713,247.71933424291416,40.25443206890562,0.00511189963915914,-0.0255594981957957,0.0,12.2
413,82.80000000000545,0.017453292519943295,0.21714120294145212,10.016823309001524,10.347158610010627,184.2502777684602,185.06116445121185,29.940700078074862,247.71430299606473,40.25361449047501,0.012913147803633339,0.022700723581549787,0.017453292519943295,12.2
414,83.00000000000556,0.017453292519943295,0.2166258809739188,10.013819350328548,10.343960349063572,184.19370002739223,184.67905867511,29.931506185957424,247.63773560097982,40.2411722763315,0.02657843999001247,0.041640725249370604,0.03490658503988659,12.2
415,83.20000000000566,-0.017453292519943295,0.21717307805428815,10.01264839542476,10.342718864425045,184.17100932263696,185.16778194911765,29.92781894274745,247.60801405968485,40.23634252104131,0.02081024667187622,-0.016784770759664617,0.017453292519943295,12.2
416,83.40000000000576,-0.017453292519943295,0.21773944122396702,10.01495698715436,10.345175403586985,184.2142988602919,185.6065947353793,29.934853499650934,247.66682439682353,40.24589921038304,0.007782437821742847,-0.03891218910871423,0.0,12.2
417,83.60000000000586,0.017453292519943295,0.21721739084467723,10.015769572901892,10.346038404204306,184.2302096780513,185.14614081724514,29.937439010122347,247.68748490899526,40.249256546968276,0.013895583897880018,0.017788543110316385,0.017453292519943295,12.2
418,83.80000000000597,-0.017453292519943295,0.2176407963102144,10.017020417899937,10.347368767876068,184.25354216225335,185.48318153227356,29.941230542596713,247.71933424291416,40.25443206890562,0.00511189963915914,-0.0255594981957957,0.0,12.2
419,84.00000000000607,0.017453292519943295,0.21714120294145212,10.016823309001524,10.347158610010627,184.2502777684602,185.06116445121185,29.940700078074862,247.71430299606473,40.25361449047501,0.012913147803633339,0.022700723581549787,0.017453292519943295,12.2
420,84.20000000000617,0.017453292519943295,0.2166258809739188,10.013819350328548,10.343960349063572,184.19370002739223,184.67905867511,29.931506185957424,247.63773560097982,40.2411722763315,0.02657843999001247,0.041640725249370604,0.03490658503988659,12.2
421,84.40000000000627,-0.017453292519943295,0.21717307805428815,10.01264839542476,10.342718864425045,184.17100932263696,185.16778194911765,29.92781894274745,247.60801405968485,40.23634252104131,0.02081024667187622,-0.016784770759664617,0.017453292519943295,12.2
422,84.60000000000637,-0.017453292519943295,0.21773944122396702,10.01495698715436,10.345175403586985,184.2142988602919,185.6065947353793,29.934853499650934,247.66682439682353,40.24589921038304,0.007782437821742847,-0.03891218910871423,0.0,12.2
423,84.80000000000648,0.017453292519943295,0.21721739084467723,10.015769572901892,10.346038404204306,184.2302096780513,185.14614081724514,29.937439010122347,247.68748490899526,40.249256546968276,0.013895583897880018,0.017788543110316385,0.017453292519943295,12.2
424,85.00000000000658,-0.017453292519943295,0.2176407963102144,10.017020417899937,10.347368767876068,184.25354216225335,185.48318153227356,29.941230542596713,247.71933424291416,40.25443206890562,0.00511189963915914,-0.0255594981957957,0.0,12.2
425,85.20000000000668,0.017453292519943295,0.21714120294145212,10.016823309001524,10.347158610010627,184.2502777684602,185.06116445121185,29.940700078074862,247.71430299606473,40.25361449047501,0.012913147803633339,0.022700723581549787,0.017453292519943295,12.2
426,85.40000000000678,0.017453292519943295,0.2166258809739188,10.013819350328548,10.343960349063572,184.19370002739223,184.67905867511,29.931506185957424,247.63773560097982,40.2411722763315,0.02657843999001247,0.041640725249370604,0.03490658503988659,12.2
427,85.60000000000689,-0.017453292519943295,0.21717307805428815,10.01264839542476,10.342718864425045,184.17100932263696,185.16778194911765,29.92781894274745,247.60801405968485,40.23634252104131,0.02081024667187622,-0.016784770759664617,0.017453292519943295,12.2
428,85.80000000000699,-0.017453292519943295,0.21773944122396702,10.01495698715436,10.345175403586985,184.2142988602919,185.6065947353793,29.934853499650934,247.66682439682353,40.24589921038304,0.007782437821742847,-0.03891218910871423,0.0,12.2
429,86.00000000000709,0.017453292519943295,0.21721739084467723,10.015769572901892,10.346038404204306,184.2302096780513,185.14614081724514,29.937439010122347,247.68748490899526,40.249256546968276,0.013895583897880018,0.017788543110316385,0.017453292519943295,12.2
430,86.2000000000072,-0.017453292519943295,0.2176407963102144,10.017020417899937,10.347368767876068,184.25354216225335,185.48318153227356,29.941230542596713,247.71933424291416,40.25443206890562,0.00511189963915914,-0.0255594981957957,0.0,12.2
431,86.4000000000073,0.017453292519943295,0.21714120294145212,10.016823309001524,10.347158610010627,184.2502777684602,185.06116445121185,29.940700078074862,247.71430299606473,40.25361449047501,0.012913147803633339,0.022700723581549787,0.017453292519943295,12.2
432,86.6000000000074,0.017453292519943295,0.2166258809739188,10.013819350328548,10.343960349063572,184.19370002739223,184.67905867511,29.931506185957424,247.63773560097982,40.2411722763315,0.02657843999001247,0.041640725249370604,0.03490658503988659,12.2
433,86.8000000000075,-0.017453292519943295,0.21717307805428815,10.01264839542476,10.342718864425045,184.17100932263696,185.16778194911765,29.92781894274745,247.60801405968485,40.23634252104131,0.02081024667187622,-0.016784770759664617,0.017453292519943295,12.2
434,87.0000000000076,-0.017453292519943295,0.21773944122396702,10.01495698715436,10.345175403586985,184.2142988602919,185.6065947353793,29.934853499650934,247.66682439682353,40.24589921038304,0.007782437821742847,-0.03891218910871423,0.0,12.2
435,87.2000000000077,0.017453292519943295,0.21721739084467723,10.015769572901892,10.346038404204306,184.2302096780513,185.14614081724514,29.937439010122347,247.68748490899526,40.249256546968276,0.013895583897880018,0.017788543110316385,0.017453292519943295,12.2
436,87.40000000000781,-0.017453292519943295,0.2176407963102144,10.017020417899937,10.347368767876068,184.25354216225335,185.48318153227356,29.941230542596713,247.71933424291416,40.25443206890562,0.00511189963915914,-0.0255594981957957,0.0,12.2
437,87.60000000000791,0.017453292519943295,0.21714120294145212,10.016823309001524,10.347158610010627,184.2502777684602,185.06116445121185,29.940700078074862,247.71430299606473,40.25361449047501,0.012913147803633339,0.022700723581549787,0.017453292519943295,12.2
438,87.80000000000801,0.017453292519943295,0.2166258809739188,10.013819350328548,10.343960349063572,184.19370002739223,184.67905867511,29.931506185957424,247.63773560097982,40.2411722763315,0.02657843999001247,0.041640725249370604,0.03490658503988659,12.2
439,88.00000000000811,-0.017453292519943295,0.21717307805428815,10.01264839542476,10.342718864425045,184.17100932263696,185.16778194911765,29.92781894274745,247.60801405968485,40.23634252104131,0.02081024667187622,-0.016784770759664617,0.017453292519943295,12.2
440,88.20000000000822,-0.017453292519943295,0.21773944122396702,10.01495698715436,10.345175403586985,184.2142988602919,185.6065947353793,29.934853499650934,247.66682439682353,40.24589921038304,0.007782437821742847,-0.03891218910871423,0.0,12.2
441,88.40000000000832,0.017453292519943295,0.21721739084467723,10.015769572901892,10.346038404204306,184.2302096780513,185.14614081724514,29.937439010122347,247.68748490899526,40.249256546968276,0.013895583897880018,0.017788543110316385,0.017453292519943295,12.2
442,88.60000000000842,-0.017453292519943295,0.2176407963102144,10.017020417899937,10.347368767876068,184.25354216225335,185.48318153227356,29.941230542596713,247.71933424291416,40.25443206890562,0.00511189963915914,-0.0255594981957957,0.0,12.2
443,88.80000000000852,0.017453292519943295,0.21714120294145212,10.016823309001524,10.347158610010627,184.2502777684602,185.06116445121185,29.940700078074862,247.71430299606473,40.25361449047501,0.012913147803633339,0.022700723581549787,0.017453292519943295,12.2
444,89.00000000000863,0.017453292519943295,0.2166258809739188,10.013819350328548,10.343960349063572,184.19370002739223,184.67905867511,29.931506185957424,247.63773560097982,40.2411722763315,0.02657843999001247,0.041640725249370604,0.03490658503988659,12.2
445,89.20000000000873,-0.017453292519943295,0.21717307805428815,10.01264839542476,10.342718864425045,184.17100932263696,185.16778194911765,29.92781894274745,247.60801405968485,40.23634252104131,0.02081024667187622,-0.016784770759664617,0.017453292519943295,12.2
446,89.40000000000883,-0.017453292519943295,0.21773944122396702,10.01495698715436,10.345175403586985,184.2142988602919,185.6065947353793,29.934853499650934,247.66682439682353,40.24589921038304,0.007782437821742847,-0.03891218910871423,0.0,12.2
447,89.60000000000893,0.017453292519943295,0.21721739084467723,10.015769572901892,10.346038404204306,184.2302096780513,185.14614081724514,29.937439010122347,247.68748490899526,40.249256546968276,0.013895583897880018,0.017788543110316385,0.017453292519943295,12.2
448,89.80000000000904,-0.017453292519943295,0.2176407963102144,10.017020417899937,10.347368767876068,184.25354216225335,185.48318153227356,29.941230542596713,247.71933424291416,40.25443206890562,0.00511189963915914,-0.0255594981957957,0.0,12.2
449,90.00000000000914,0.017453292519943295,0.21714120294145212,10.016823309001524,10.347158610010627,184.2502777684602,185.06116445121185,29.940700078074862,247.71430299606473,40.25361449047501,0.012913147803633339,0.022700723581549787,0.017453292519943295,12.2
450,90.20000000000924,0.017453292519943295,0.2166258809739188,10.013819350328548,10.343960349063572,184.19370002739223,184.67905867511,29.931506185957424,247.63773560097982,40.2411722763315,0.02657843999001247,0.041640725249370604,0.03490658503988659,12.2
451,90.40000000000934,-0.017453292519943295,0.21717307805428815,10.01264839542476,10.342718864425045,184.17100932263696,185.16778194911765,29.92781894274745,247.60801405968485,40.23634252104131,0.02081024667187622,-0.016784770759664617,0.017453292519943295,12.2
452,90.60000000000944,-0.017453292519943295,0.21773944122396702,10.01495698715436,10.345175403586985,184.2142988602919,185.6065947353793,29.934853499650934,247.66682439682353,40.24589921038304,0.007782437821742847,-0.03891218910871423,0.0,12.2
453,90.80000000000955,0.017453292519943295,0.21721739084467723,10.015769572901892,10.346038404204306,184.2302096780513,185.14614081724514,29.937439010122347,247.68748490899526,40.249256546968276,0.013895583897880018,0.017788543110316385,0.017453292519943295,12.2
454,91.00000000000965,-0.017453292519943295,0.2176407963102144,10.017020417899937,10.347368767876068,184.25354216225335,185.48318153227356,29.941230542596713,247.71933424291416,40.25443206890562,0.00511189963915914,-0.0255594981957957,0.0,12.2
455,91.20000000000975,0.017453292519943295,0.21714120294145212,10.016823309001524,10.347158610010627,184.2502777684602,185.06116445121185,29.940700078074862,247.71430299606473,40.25361449047501,0.012913147803633339,0.022700723581549787,0.017453292519943295,12.2
456,91.40000000000985,0.017453292519943295,0.2166258809739188,10.013819350328548,10.343960349063572,184.19370002739223,184.67905867511,29.931506185957424,247.63773560097982,40.2411722763315,0.02657843999001247,0.041640725249370604,0.03490658503988659,12.2
457,91.60000000000996,-0.017453292519943295,0.21717307805428815,10.01264839542476,10.342718864425045,184.17100932263696,185.16778194911765,29.92781894274745,247.60801405968485,40.23634252104131,0.02081024667187622,-0.016784770759664617,0.017453292519943295,12.2
458,91.80000000001006,-0.017453292519943295,0.21773944122396702,10.01495698715436,10.345175403586985,184.2142988602919,185.6065947353793,29.934853499650934,247.66682439682353,40.24589921038304,0.007782437821742847,-0.03891218910871423,0.0,12.2
459,92.00000000001016,0.017453292519943295,0.21721739084467723,10.015769572901892,10.346038404204306,184.2302096780513,185.14614081724514,29.937439010122347,247.68748490899526,40.249256546968276,0.013895583897880018,0.017788543110316385,0.017453292519943295,12.2
460,92.20000000001026,-0.017453292519943295,0.2176407963102144,10.017020417899937,10.347368767876068,184.25354216225335,185.48318153227356,29.941230542596713,247.71933424291416,40.25443206890562,0.00511189963915914,-0.0255594981957957,0.0,12.2
461,92.40000000001037,0.017453292519943295,0.21714120294145212,10.016823309001524,10.347158610010627,184.2502777684602,185.06116445121185,29.940700078074862,247.71430299606473,40.25361449047501,0.012913147803633339,0.022700723581549787,0.017453292519943295,12.2
462,92.60000000001047,0.017453292519943295,0.2166258809739188,10.013819350328548,10.343960349063572,184.19370002739223,184.67905867511,29.931506185957424,247.63773560097982,40.2411722763315,0.02657843999001247,0.041640725249370604,0.03490658503988659,12.2
463,92.80000000001057,-0.017453292519943295,0.21717307805428815,10.01264839542476,10.342718864425045,184.17100932263696,185.16778194911765,29.92781894274745,247.60801405968485,40.23634252104131,0.02081024667187622,-0.016784770759664617,0.017453292519943295,12.2
464,93.00000000001067,-0.017453292519943295,0.21773944122396702,10.01495698715436,10.345175403586985,184.2142988602919,185.6065947353793,29.934853499650934,247.66682439682353,40.24589921038304,0.007782437821742847,-0.03891218910871423,0.0,12.2
465,93.20000000001077,0.017453292519943295,0.21721739084467723,10.015769572901892,10.346038404204306,184.2302096780513,185.14614081724514,29.937439010122347,247.68748490899526,40.249256546968276,0.013895583897880018,0.017788543110316385,0.017453292519943295,12.2
466,93.40000000001088,-0.017453292519943295,0.2176407963102144,10.017020417899937,10.347368767876068,184.25354216225335,185.48318153227356,29.941230542596713,247.71933424291416,40.25443206890562,0.00511189963915914,-0.0255594981957957,0.0,12.2
467,93.60000000001098,0.017453292519943295,0.21714120294145212,10.016823309001524,10.347158610010627,184.2502777684602,185.06116445121185,29.940700078074862,247.71430299606473,40.25361449047501,0.012913147803633339,0.022700723581549787,0.017453292519943295,12.2
468,93.80000000001108,0.017453292519943295,0.2166258809739188,10.013819350328548,10.343960349063572,184.19370002739223,184.67905867511,29.931506185957424,247.63773560097982,40.2411722763315,0.02657843999001247,0.041640725249370604,0.03490658503988659,12.2
469,94.00000000001118,-0.017453292519943295,0.21717307805428815,10.01264839542476,10.342718864425045,184.17100932263696,185.16778194911765,29.92781894274745,247.60801405968485,40.23634252104131,0.02081024667187622,-0.016784770759664617,0.017453292519943295,12.2
470,94.20000000001129,-0.017453292519943295,0.21773944122396702,10.01495698715436,10.345175403586985,184.2142988602919,185.6065947353793,29.934853499650934,247.66682439682353,40.24589921038304,0.007782437821742847,-0.03891218910871423,0.0,12.2
471,94.40000000001139,0.017453292519943295,0.21721739084467723,10.015769572901892,10.346038404204306,184.2302096780513,185.14614081724514,29.937439010122347,247.68748490899526,40.249256546968276,0.013895583897880018,0.017788543110316385,0.017453292519943295,12.2
472,94.60000000001149,-0.017453292519943295,0.2176407963102144,10.017020417899937,10.347368767876068,184.25354216225335,185.48318153227356,29.941230542596713,247.71933424291416,40.25443206890562,0.00511189963915914,-0.0255594981957957,0.0,12.2
473,94.8000000000116,0.017453292519943295,0.21714120294145212,10.016823309001524,10.347158610010627,184.2502777684602,185.06116445121185,29.940700078074862,247.71430299606473,40.25361449047501,0.012913147803633339,0.022700723581549787,0.017453292519943295,12.2
474,95.0000000000117,0.017453292519943295,0.2166258809739188,10.013819350328548,10.343960349063572,184.19370002739223,184.67905867511,29.931506185957424,247.63773560097982,40.2411722763315,0.02657843999001247,0.041640725249370604,0.03490658503988659,12.2
475,95.2000000000118,-0.017453292519943295,0.21717307805428815,10.01264839542476,10.342718864425045,184.17100932263696,185.16778194911765,29.92781894274745,247.60801405968485,40.23634252104131,0.02081024667187622,-0.016784770759664617,0.017453292519943295,12.2
476,95.4000000000119,-0.017453292519943295,0.21773944122396702,10.01495698715436,10.345175403586985,184.2142988602919,185.6065947353793,29.934853499650934,247.66682439682353,40.24589921038304,0.007782437821742847,-0.03891218910871423,0.0,12.2
477,95.600000000012,0.017453292519943295,0.21721739084467723,10.015769572901892,10.346038404204306,184.2302096780513,185.14614081724514,29.937439010122347,247.68748490899526,40.249256546968276,0.013895583897880018,0.017788543110316385,0.017453292519943295,12.2
478,95.8000000000121,-0.017453292519943295,0.2176407963102144,10.017020417899937,10.347368767876068,184.25354216225335,185.48318153227356,29.941230542596713,247.71933424291416,40.25443206890562,0.00511189963915914,-0.0255594981957957,0.0,12.2
479,96.00000000001221,0.017453292519943295,0.21714120294145212,10.016823309001524,10.347158610010627,184.2502777684602,185.06116445121185,29.940700078074862,247.71430299606473,40.25361449047501,0.012913147803633339,0.022700723581549787,0.017453292519943295,12.2
480,96.20000000001231,0.017453292519943295,0.2166258809739188,10.013819350328548,10.343960349063572,184.19370002739223,184.67905867511,29.931506185957424,247.63773560097982,40.2411722763315,0.02657843999001247,0.041640725249370604,0.03490658503988659,12.2
481,96.40000000001241,-0.017453292519943295,0.21717307805428815,10.01264839542476,10.342718864425045,184.17100932263696,185.16778194911765,29.92781894274745,247.60801405968485,40.23634252104131,0.02081024667187622,-0.016784770759664617,0.017453292519943295,12.2
482,96.60000000001251,-0.017453292519943295,0.21773944122396702,10.01495698715436,10.345175403586985,184.2142988602919,185.6065947353793,29.934853499650934,247.66682439682353,40.24589921038304,0.007782437821742847,-0.03891218910871423,0.0,12.2
483,96.80000000001262,0.017453292519943295,0.21721739084467723,10.015769572901892,10.346038404204306,184.2302096780513,185.14614081724514,29.937439010122347,247.68748490899526,40.249256546968276,0.013895583897880018,0.017788543110316385,0.017453292519943295,12.2
484,97.00000000001272,-0.017453292519943295,0.2176407963102144,10.017020417899937,10.347368767876068,184.25354216225335,185.48318153227356,29.941230542596713,247.71933424291416,40.25443206890562,0.00511189963915914,-0.0255594981957957,0.0,12.2
485,97.20000000001282,0.017453292519943295,0.21714120294145212,10.016823309001524,10.347158610010627,184.2502777684602,185.06116445121185,29.940700078074862,247.71430299606473,40.25361449047501,0.012913147803633339,0.022700723581549787,0.017453292519943295,12.2
486,97.40000000001292,0.017453292519943295,0.2166258809739188,10.013819350328548,10.343960349063572,184.19370002739223,184.67905867511,29.931506185957424,247.63773560097982,40.2411722763315,0.02657843999001247,0.041640725249370604,0.03490658503988659,12.2
487,97.60000000001303,-0.017453292519943295,0.21717307805428815,10.01264839542476,10.342718864425045,184.17100932263696,185.16778194911765,29.92781894274745,247.60801405968485,40.23634252104131,0.02081024667187622,-0.016784770759664617,0.017453292519943295,12.2
488,97.80000000001313,-0.017453292519943295,0.21773944122396702,10.01495698715436,10.345175403586985,184.2142988602919,185.6065947353793,29.934853499650934,247.66682439682353,40.24589921038304,0.007782437821742847,-0.03891218910871423,0.0,12.2
489,98.00000000001323,0.017453292519943295,0.21721739084467723,10.015769572901892,10.346038404204306,184.2302096780513,185.14614081724514,29.937439010122347,247.68748490899526,40.249256546968276,0.013895583897880018,0.017788543110316385,0.017453292519943295,12.2
490,98.20000000001333,-0.017453292519943295,0.2176407963102144,10.017020417899937,10.347368767876068,184.25354216225335,185.48318153227356,29.941230542596713,247.71933424291416,40.25443206890562,0.00511189963915914,-0.0255594981957957,0.0,12.2
491,98.40000000001343,0.017453292519943295,0.21714120294145212,10.016823309001524,10.347158610010627,184.2502777684602,185.06116445121185,29.940700078074862,247.71430299606473,40.25361449047501,0.012913147803633339,0.022700723581549787,0.017453292519943295,12.2
492,98.60000000001354,0.017453292519943295,0.2166258809739188,10.013819350328548,10.343960349063572,184.19370002739223,184.67905867511,29.931506185957424,247.63773560097982,40.2411722763315,0.02657843999001247,0.041640725249370604,0.03490658503988659,12.2
493,98.80000000001364,-0.017453292519943295,0.21717307805428815,10.01264839542476,10.342718864425045,184.17100932263696,185.16778194911765,29.92781894274745,247.60801405968485,40.23634252104131,0.02081024667187622,-0.016784770759664617,0.017453292519943295,12.2
494,99.00000000001374,-0.017453292519943295,0.21773944122396702,10.01495698715436,10.345175403586985,184.2142988602919,185.6065947353793,29.934853499650934,247.66682439682353,40.24589921038304,0.007782437821742847,-0.03891218910871423,0.0,12.2
495,99.20000000001384,0.017453292519943295,0.21721739084467723,10.015769572901892,10.346038404204306,184.2302096780513,185.14614081724514,29.937439010122347,247.68748490899526,40.249256546968276,0.013895583897880018,0.017788543110316385,0.017453292519943295,12.2
496,99.40000000001395,-0.017453292519943295,0.2176407963102144,10.017020417899937,10.347368767876068,184.25354216225335,185.48318153227356,29.941230542596713,247.71933424291416,40.25443206890562,0.00511189963915914,-0.0255594981957957,0.0,12.2
497,99.60000000001405,0.017453292519943295,0.21714120294145212,10.016823309001524,10.347158610010627,184.2502777684602,185.06116445121185,29.940700078074862,247.71430299606473,40.25361449047501,0.012913147803633339,0.022700723581549787,0.017453292519943295,12.2
498,99.80000000001415,0.017453292519943295,0.2166258809739188,10.013819350328548,10.343960349063572,184.19370002739223,184.67905867511,29.931506185957424,247.63773560097982,40.2411722763315,0.02657843999001247,0.041640725249370604,0.03490658503988659,12.2
499,100.00000000001425,-0.017453292519943295,0.21717307805428815,10.01264839542476,10.342718864425045,184.17100932263696,185.16778194911765,29.92781894274745,247.60801405968485,40.23634252104131,0.02081024667187622,-0.016784770759664617,0.017453292519943295,12.2
