,time,Pitch_increment,Cp,Lambda_i,Lambda,Tem,Tm,Ia,Ea,w,pitch,dpitch,pitch_ref,Vx,actions.pitch,obs.error_wg,obs.pitch,obs.Vx,obs.pitch_ref,reward,integral_error
0,0.20000000000000004,0.0,0.22666508313607986,9.952281493004378,10.278570022750712,187.0767493625165,203.2020838484335,30.400002171411103,251.53806362093465,40.8749762133781,0.0,0.0,0.0,12.470988194022114,0.0,-0.8749762133780976,0.0,12.470988194022114,0.0,-0.0,0.0
1,0.4000000000000002,0.0,0.21795638798225336,10.0172368515409,10.3475988633052,188.34521413604972,194.09138090218462,30.606127903235983,253.22734343793667,41.14948445814917,0.0,0.0,0.0,12.470988194022114,0.0,-1.1494844581491677,0.0,12.470988194022114,0.0,-0.7561505491392428,-0.17499524267561953
2,0.6000000000000003,0.0,0.21519620548720753,10.037629207938009,10.369275786690478,188.74354585520248,191.23281418306786,30.670856872327278,253.75782300090347,41.23568747333429,0.0,0.0,0.0,12.470988194022114,0.0,-1.2356874733342877,0.0,12.470988194022114,0.0,-1.2994847059750996,-0.40489213430545307
3,0.8000000000000005,0.0,0.21432648649169436,10.04403586975324,10.376086585147721,188.86869970575734,190.33492690874527,30.691194393379963,253.92449745579896,41.26277209933943,0.0,0.0,0.0,12.470988194022114,0.0,-1.2627720993394291,0.0,12.470988194022114,0.0,-1.499294904509591,-0.6520296289723106
4,1.0000000000000007,0.0,0.21405293155396435,10.046049122387801,10.378226890887895,188.9080294985058,190.0527907774748,30.69758549109269,253.976875204868,41.271283492074545,0.0,0.0,0.0,12.470988194022114,0.0,-1.271283492074545,0.0,12.470988194022114,0.0,-1.5675111366572578,-0.9045840488401965
5,1.2000000000000008,0.017453292519943295,0.212182281177913,10.054292665718549,10.386990515937946,188.27951340885664,186.66080746162336,30.59545152439073,253.1276072800775,41.13327731628991,0.011032585021030137,0.03210353749456579,0.017453292519943295,12.418799985034646,0.017453292519943295,-1.133277316289913,0.011032585021030137,12.418799985034646,0.017453292519943295,-1.5947450229278766,-1.1588407472551054
6,1.400000000000001,0.017453292519943295,0.2131532242502434,10.039889881603349,10.371673621671816,188.0567169588313,187.90482736215097,30.55924706505715,252.8303329734332,41.08497019315309,0.025630671695073555,0.04637956672406518,0.03490658503988659,12.422533838368114,0.03490658503988659,-1.0849701931530902,0.025630671695073555,12.422533838368114,0.03490658503988659,-1.2898140569351153,-1.3854962105130881
7,1.6000000000000012,0.017453292519943295,0.21319527398012664,10.031714668560552,10.362965564298603,187.95461253405412,188.2124853834156,30.542655079438873,252.69369684935998,41.0627668007878,0.041435361669087865,0.05462257945371012,0.05235987755982989,12.426253458846292,0.05235987755982989,-1.0627668007877986,0.041435361669087865,12.426253458846292,0.05235987755982989,-1.2034177020813295,-1.602490249143706
8,1.8000000000000014,0.017453292519943295,0.21296289649090935,10.025284335554185,10.356091052970822,187.88578520724977,188.24428419164929,30.531470627648716,252.60131974575359,41.04775550644047,0.05780667879503028,0.06003245642371452,0.06981317007977318,12.42995649707716,0.06981317007977318,-1.0477555064404669,0.05780667879503028,12.42995649707716,0.06981317007977318,-1.1768172739976202,-1.8150436093012658
9,2.0000000000000013,0.017453292519943295,0.21265048890782282,10.019295871842619,10.349655196693217,187.82465929367243,188.1965339931622,30.521537656759428,252.51916113045843,41.03440471810421,0.07449197943704286,0.06387241581336807,0.08726646259971647,12.433640614142407,0.08726646259971647,-1.0344047181042129,0.07449197943704286,12.433640614142407,0.08726646259971647,-1.168504341751235,-2.0245947105893594
10,2.199999999999997,0.017453292519943295,0.21231512744416955,10.013389845352552,10.343266132700874,187.76401907609002,188.12659670213694,30.511683611548243,252.43762020461057,41.021154304403524,0.09137047780505833,0.06674638657300717,0.10471975511965977,12.437303483074729,0.10471975511965977,-1.0211543044035238,0.09137047780505833,12.437303483074729,0.10471975511965977,-1.1669235482251619,-2.2314756542102017
11,2.399999999999993,0.017453292519943295,0.21197295453317025,10.007480162258982,10.336822577955688,187.70197113970482,188.05049163288552,30.501600811802845,252.35417921172495,41.00759512950044,0.10837688142549176,0.06898083107055648,0.12217304763960306,12.440942790327599,0.12217304763960306,-1.0075951295004373,0.10837688142549176,12.440942790327599,0.12217304763960306,-1.168857844171864,-2.4357065150909065
12,2.5999999999999885,0.017453292519943295,0.2116281200441507,10.001555648469314,10.330302969528042,187.63808383084657,187.97220700685008,30.49121911373168,252.2682647094726,40.99363400892331,0.1254724578107751,0.07076941174385634,0.13962634015954636,12.444556237236556,0.13962634015954636,-0.9936340089233084,0.1254724578107751,12.444556237236556,0.13962634015954636,-1.1734261185382697,-2.637225540990994
13,2.7999999999999843,0.017453292519943295,0.2112813665706453,9.995622958819204,10.323704829352971,187.572276400151,187.89237241812677,30.480525395549936,252.17976930379785,40.979253491120645,0.14263291702914369,0.07223357825172985,0.15707963267948966,12.448141541471081,0.15707963267948966,-0.9792534911206445,0.14263291702914369,12.448141541471081,0.15707963267948966,-1.1803713641902323,-2.8359523427756557
14,2.99999999999998,0.017453292519943295,0.2109325781282812,9.98969111659942,10.317028391654876,187.50451882202316,187.8108075679259,30.469514778093544,252.08865230675224,40.964446964294204,0.1598418426058266,0.07345541296803176,0.17453292519943295,12.451696438476178,0.17453292519943295,-0.9644469642942042,0.1598418426058266,12.451696438476178,0.17453292519943295,-1.1895821734630019,-3.031803040999785
15,3.1999999999999758,0.017453292519943295,0.21058146570918923,9.983768006716662,10.31027293299051,187.43476405870527,187.72719559083833,30.458179617719225,251.9948501650419,40.94920410102341,0.17708762692384242,0.07449295397766911,0.19198621771937624,12.455218682902702,0.19198621771937624,-0.9492041010234118,0.17708762692384242,12.455218682902702,0.19198621771937624,-1.2009677769214655,-3.2246924338586256
16,3.3999999999999715,0.017453292519943295,0.21022768481683562,9.977859919728807,10.3034363139553,187.36293982520735,187.64119542277558,30.446508168104362,251.89826525361815,40.93350903722199,0.19436267075924202,0.07538419740038757,0.20943951023931953,12.45870605002558,0.20943951023931953,-0.9335090372219881,0.19436267075924202,12.45870605002558,0.20943951023931953,-1.2144316361003415,-3.4145332540633078
17,3.5999999999999672,0.017453292519943295,0.20987096555160964,9.97197164846525,10.296515159235518,187.2889516658924,187.5525545294997,30.434485080192594,251.7987702618444,40.9173410848908,0.21166126773230348,0.07615767513479671,0.22689280275926282,12.462156337148992,0.22689280275926282,-0.9173410848908006,0.21166126773230348,12.462156337148992,0.22689280275926282,-1.2298690534351029,-3.6012350615077056
18,3.799999999999963,0.017453292519943295,0.2095110987573145,9.966106966409846,10.28950543598802,187.21269331605953,187.46108643634912,30.42209308595276,251.69622233181886,40.900677029597595,0.22897884934627374,0.07683622966466186,0.24434609527920612,12.46556736499764,0.24434609527920612,-0.9006770295975954,0.22897884934627374,12.46556736499764,0.24434609527920612,-1.2471692188597971,-3.784703278485866
19,3.9999999999999587,0.017453292519943295,0.2091478754856513,9.960268923975805,10.282402799735452,187.13405338847377,187.36661057187726,30.409314084941077,251.5904715324187,40.883492507510546,0.2463122939887209,0.07743546905214255,0.2617993877991494,12.468936979093224,0.2617993877991494,-0.883492507510546,0.2463122939887209,12.468936979093224,0.2617993877991494,-1.2662195813397061,-3.9648386844053847
20,4.199999999999955,0.017453292519943295,0.2087811520384064,9.954459893535663,10.275202738411066,187.05291773680727,187.26900802165343,30.396129528360714,251.4813644073218,40.865762581952374,0.26365886972884495,0.0779690529512389,0.2792526803190927,12.472263051115258,0.2792526803190927,-0.8657625819523744,0.26365886972884495,12.472263051115258,0.2792526803190927,-1.2869083286153709,-4.141537185907494
21,4.399999999999951,0.017453292519943295,0.20841080102435217,9.948681802040927,10.267900862443463,186.9691749004751,187.16817268170072,30.38252130384851,251.36875110403972,40.847462901869356,0.2810164955991786,0.07844738619928737,0.29670597283903605,12.475543480245364,0.29670597283903605,-0.8474629018693562,0.2810164955991786,12.475543480245364,0.29670597283903605,-1.3091253900438558,-4.314689702297969
22,4.599999999999946,0.017453292519943295,0.20803672101577117,9.942936147134619,10.260492982345342,186.88271751399134,187.0640186482291,30.36847196449556,251.25248731057732,40.82857001653883,0.2983835678958299,0.0788784873157472,0.31415926535897937,12.478776194494193,0.31415926535897937,-0.8285700165388334,0.2983835678958299,12.478776194494193,0.31415926535897937,-1.3327641708652105,-4.48418228267184
23,4.799999999999942,0.017453292519943295,0.2076588511327654,9.937224028594379,10.25297521458102,186.79344423302751,186.95649159192962,30.353965041832016,251.13243688727408,40.80906180324384,0.3157586800508797,0.07926938914021492,0.3316125578789227,12.48195915201014,0.3316125578789227,-0.8090618032438428,0.3157586800508797,12.48195915201014,0.3316125578789227,-1.3577218624517167,-4.649896285979607
24,4.999999999999938,0.017453292519943295,0.20727713339225493,9.931546238992508,10.245344094402581,186.7012619018511,186.84553301630305,30.3389853980362,251.00847467273636,40.788917923237584,0.33314100437586175,0.07962423011502129,0.349065850398866,12.485090342369013,0.349065850398866,-0.7889179232375838,0.33314100437586175,12.485090342369013,0.349065850398866,-1.383899850651444,-4.811708646628375
25,5.199999999999934,0.017453292519943295,0.2068915870992239,9.925903149382963,10.237596578402844,186.6060856186173,186.73114739771776,30.32351923654455,250.88048659051648,40.76811983907877,0.3505294114359873,0.07994865741411006,0.3665191429188093,12.48816778784387,0.3665191429188093,-0.7681198390787713,0.3505294114359873,12.48816778784387,0.3665191429188093,-1.4112040795165508,-4.9694922312758925
26,5.399999999999929,0.017453292519943295,0.20650225324255092,9.920294925158831,10.229730290400964,186.50784324032918,186.61334791628138,30.307554834108327,250.74837571936564,40.74665180104872,0.3679228629487768,0.08024786244987925,0.38397243543875265,12.49118954465419,0.38397243543875265,-0.7466518010487206,0.3679228629487768,12.49118954465419,0.38397243543875265,-1.4395447606326182,-5.123116199091647
27,5.599999999999925,0.017453292519943295,0.20610915811448363,9.91472152333341,10.221743486142687,186.40647468947037,186.49212433317786,30.291082428121364,250.61206147698638,40.724500714511,0.3853209667385823,0.08052380610056836,0.40142572795869597,12.494153704193604,0.40142572795869597,-0.7245007145110023,0.3853209667385823,12.494153704193604,0.40142572795869597,-1.468837289189508,-5.2724465593013905
28,5.799999999999921,0.017453292519943295,0.20571238132189876,9.909182495403906,10.21363492867718,186.30192987810798,186.3675068260299,30.274093879286426,250.47147661045742,40.70165565085498,0.402723361118844,0.08077829679897647,0.4188790204786393,12.497058394235417,0.4188790204786393,-0.7016556508549812,0.402723361118844,12.497058394235417,0.4188790204786393,-1.499001605463756,-5.4173467022035915
29,5.9999999999999165,0.017453292519943295,0.2053120400374255,9.903677104354601,10.20540403302573,186.19417126315386,186.23954939793998,30.25658308684559,250.32657078623325,40.67810843087133,0.4201297125219509,0.08101300238315845,0.4363323129985826,12.499901780115136,0.4363323129985826,-0.6781084308713332,0.4201297125219509,12.499901780115136,0.4363323129985826,-1.5299611748262087,-5.557677832374587
30,6.199999999999912,0.017453292519943295,0.2049082863226161,9.898204362382302,10.197050921686834,186.08317492345145,186.10832667907118,30.238546163607026,250.17731199577761,40.65385385316772,0.43753967910837327,0.08122963205076328,0.4537856055185259,12.502682065889303,0.4537856055185259,-0.6538538531677176,0.43753967910837327,12.502682065889303,0.4537856055185259,-1.5616432699296479,-5.693299518548854
31,6.399999999999908,0.017453292519943295,0.20450137021575024,9.892762968356218,10.188576491827755,185.96893174975926,185.9739903038819,30.21998162931751,250.02368824785444,40.628889969166316,0.45495208696630485,0.08143405536082199,0.47123889803846924,12.505397495469827,0.47123889803846924,-0.6288899691663161,0.45495208696630485,12.505397495469827,0.47123889803846924,-1.593978742671984,-5.824070289182398
32,6.599999999999904,0.017453292519943295,0.20409142527795068,9.887351812319187,10.179982600730687,185.85145111374544,185.83657084938343,30.20089100687464,249.86571216334866,40.60321882976299,0.4723671283111406,0.08162531123635991,0.48869219055841256,12.508046353733185,0.48869219055841256,-0.6032188297629872,0.4723671283111406,12.508046353733185,0.48869219055841256,-1.6269017907932635,-5.949848283015661
33,6.7999999999998995,0.017453292519943295,0.2036786780453586,9.88196923661663,10.171271493215732,185.73075017981844,185.69617860623927,30.181277085497584,249.70340696401158,40.57684420849609,0.48978472706239573,0.08180378007980049,0.5061454830783558,12.510626967603725,0.5061454830783558,-0.576844208496091,0.48978472706239573,12.510626967603725,0.5061454830783558,-1.6603501212378402,-6.070492048968259
34,6.999999999999895,0.017453292519943295,0.20326340636257145,9.876613350947883,10.162446117346503,185.60685975916783,185.55296034849363,30.161144872009647,249.5368142530586,40.54977286589489,0.5072045169053812,0.08197129346458998,0.5235987755982991,12.513137707110415,0.5235987755982991,-0.5497728658948873,0.5072045169053812,12.513137707110415,0.5235987755982991,-1.6942621232815878,-6.185860890667477
35,7.199999999999891,0.017453292519943295,0.2028458786722016,9.871282224212104,10.153510192710858,185.47982564539765,185.407042922675,30.140501807878927,249.3659957264472,40.5220148275625,0.5246263633379148,0.08212852390163838,0.5410520681182425,12.515576986416367,0.5410520681182425,-0.5220148275625007,0.5246263633379148,12.515576986416367,0.5410520681182425,-1.7285777014487278,-6.295815463846454
36,7.399999999999887,0.017453292519943295,0.2024264012204755,9.86597372139828,10.144468050112453,185.34970566051592,185.25857935057758,30.11935728919113,249.19102926847788,40.493582749710406,0.542049987698466,0.08227686469859885,0.5585053606381858,12.517943264820492,0.5585053606381858,-0.4935827497104057,0.542049987698466,12.517943264820492,0.5585053606381858,-1.7632379881331655,-6.400218429358954
37,7.599999999999882,0.017453292519943295,0.2020052799767415,9.860685646218,10.135324664469538,185.21657031655832,185.10771357923878,30.097722774163504,249.01200978723136,40.46449205491715,0.5594752489451642,0.08241702106482451,0.5759586531581291,12.52023504773063,0.5759586531581291,-0.4644920549171516,0.5594752489451642,12.52023504773063,0.5759586531581291,-1.7981842707092213,-6.498934979301035
38,7.799999999999878,0.017453292519943295,0.2015828341303063,9.85541568483575,10.12608553715209,185.08050065923277,184.95459503545237,30.075611432736757,248.8290463486884,40.43476046642233,0.5769020567657416,0.08254944456165425,0.5934119456780724,12.522450887607576,0.5934119456780724,-0.43476046642233257,0.5769020567657416,12.522450887607576,0.5934119456780724,-1.8333576441318788,-6.5918333902844655
39,7.999999999999874,0.017453292519943295,0.20115939600263885,9.850161428767061,10.116756650029872,184.94158744399977,184.79937948232498,30.053038012687974,248.64226106779626,40.40440782792472,0.5943303258307399,0.08267456183637945,0.6108652381980157,12.524589384879372,0.6108652381980157,-0.40440782792472163,0.5943303258307399,12.524589384879372,0.6108652381980157,-1.868698218110905,-6.678785483568932
40,8.19999999999987,0.017453292519943295,0.2007353101729556,9.84492040568735,10.107344425466527,184.79993041348723,184.64222903972174,30.0300187222104,248.45178814224948,40.37345594657149,0.6117599251117724,0.08279302803093358,0.6283185307179591,12.526649188825301,0.6283185307179591,-0.3734559465714895,0.6117599251117724,12.526649188825301,0.6283185307179591,-1.9041446267130575,-6.759667049153876
41,8.399999999999865,0.017453292519943295,0.20031093028873903,9.83969011801595,10.097855687812665,184.65563760685365,184.48331003528295,30.006571117684835,248.25777291992515,40.34192844141628,0.6291906457923182,0.08290588722792092,0.6457718232379024,12.528628998429047,0.6457718232379024,-0.34192844141627887,0.6291906457923182,12.528628998429047,0.6457718232379024,-1.892579770686266,-6.659362995792555
42,8.599999999999861,0.017453292519943295,0.19988658565747935,9.8344681407338,10.088297605455066,184.50882435990331,184.32276331852984,29.98271394119823,248.06037048514986,40.309850513687365,0.6466225059263009,0.08301304915772412,0.6632251157578457,12.530527563200428,0.6632251157578457,-0.3098505136873655,0.6466225059263009,12.530527563200428,0.6632251157578457,-1.8642267381637259,-6.497851792445977
43,8.799999999999857,0.017453292519943295,0.19946262913383933,9.829251966050968,10.07867752925879,184.3596102761141,184.16075129248162,29.95846662833517,247.8597416936384,40.27724830246454,0.6640553457145953,0.0831153128159684,0.680678408277789,12.532343683965243,0.680678408277789,-0.27724830246454246,0.6640553457145953,12.532343683965243,0.680678408277789,-1.8287387424547306,-6.312684400516592
44,8.999999999999853,0.017453292519943295,0.19903939221130104,9.82403919047449,10.069003031012208,184.2081199667124,183.99741583475912,29.933849428440194,247.65605412137654,40.24414903887273,0.6814891203781269,0.08321290209802712,0.6981317007977323,12.534076213622688,0.6981317007977323,-0.24414903887272743,0.6814891203781269,12.534076213622688,0.6981317007977323,-1.7891857249851333,-6.115579641141615
45,9.199999999999848,0.017453292519943295,0.19861720244568132,9.81882744184081,10.0592817649338,184.05448052715872,183.832896831463,29.908882994546286,247.44947866011032,40.21058049284842,0.698923787184632,0.08330603066521836,0.7155849933176757,12.535724057869903,0.7155849933176757,-0.21058049284842184,0.698923787184632,12.535724057869903,0.7155849933176757,-1.7465275198522598,-5.910152750501251
46,9.399999999999844,0.017453292519943295,0.1981963785835767,9.813614414663185,10.049521420688064,183.89882066661897,183.66732849465475,29.883588241913827,247.24018835990665,40.17657078505562,0.7163593053550976,0.08339490241260683,0.733038285837619,12.537286175893136,0.733038285837619,-0.17657078505561685,0.7163593053550976,12.537286175893136,0.733038285837619,-1.709290947094382,-5.725613385812953
47,9.59999999999984,0.017453292519943295,0.19777722774696155,9.808397890455385,10.039729665264021,183.7412696422322,183.500837754805,29.857986174848907,247.02835699551522,40.14214815391938,0.7337956359744804,0.0834797119154096,0.7504915783575623,12.538761581025168,0.7504915783575623,-0.14214815391937918,0.7337956359744804,12.538761581025168,0.7504915783575623,-1.6724809678394579,-5.5439335041934585
48,9.799999999999836,0.017453292519943295,0.19736004342984692,9.80317575210358,10.029914084235976,183.5819561796085,183.33354339731198,29.832097711284096,246.81415761537247,40.107340719838746,0.7512327419065085,0.08356064485498582,0.7679448708775056,12.54014934136849,0.7679448708775056,-0.10734071983874571,0.7512327419065085,12.54014934136849,0.7679448708775056,-1.6346039516366415,-5.359809774819775
49,9.999999999999831,0.017453292519943295,0.19694510393585088,9.797945994997287,10.020082126050697,183.42100747010002,183.16555553834257,29.805943519834774,246.59776116315567,40.07217626118906,0.7686705877121935,0.08363787842627701,0.785398163397449,12.541448580383928,0.785398163397449,-0.07217626118905685,0.7686705877121935,12.541448580383928,0.785398163397449,-1.595224869085619,-5.17172681749943
50,10.199999999999827,0.01745328835875409,0.19653267116273798,9.792706735701175,10.010241050814619,183.25854817682924,182.99697532964777,29.77954385827861,246.37933520844945,40.036682008055045,0.7861091393822499,0.08371156186976536,0.802851451756203,12.542658477444272,0.802851451756203,-0.0366820080550454,0.7861091393822499,12.542658477444272,0.802851451756203,-1.5542221843446233,-4.979281126116399
51,10.399999999999823,0.017453151039510385,0.19612299021353863,9.787456217293458,10.00039788447041,183.09469959304042,182.82789532648326,29.752918436787507,246.15904280872377,40.00088445730207,0.8035483583755679,0.08378122210072725,0.8203046027957134,12.543778268352606,0.8203046027957134,-0.0008844573020709845,0.8035483583755679,12.543778268352606,0.8203046027957134,-1.5115626051716191,-4.782386666846704
52,10.599999999999818,0.017308008760101065,0.19571692389455905,9.7821913262333,9.990559487701619,182.92958021141882,182.65899028318347,29.72608651044207,245.93704419450907,39.96480964641737,0.8209815798725705,0.0831551584162199,0.8376126115558145,12.544807245824991,0.8376126115558145,0.03519035358262812,0.8209815798725705,12.544807245824991,0.8376126115558145,-1.4672346811892583,-4.58104453240703
53,10.799999999999814,-0.015838633555487768,0.19642944586520447,9.776788144045092,9.98482123441219,182.83716107032248,183.45674729662184,29.71106838499579,245.81415505007402,39.94484014047717,0.8214824710198992,0.0014575349021372919,0.8217739780003267,12.5457447599372,0.8217739780003267,0.05515985952283131,0.8214824710198992,12.5457447599372,0.8217739780003267,-1.4212304103529765,-4.375279659905843
54,10.99999999999981,-0.01743564595682962,0.19731857542541575,9.77543472745609,9.9861225464449,182.87239987017793,184.2879774990384,29.71679469569861,245.862759361327,39.952738348953986,0.810645308309574,-0.03153488133038507,0.804338332043497,12.54659021853523,0.804338332043497,0.04726165104601421,0.810645308309574,12.54659021853523,0.804338332043497,-1.3732265654788516,-4.168396989777148
55,11.199999999999806,-0.017415905275249405,0.19798749204314267,9.77741976656415,9.99182321255143,182.9872849276721,184.82940082112907,29.735463536210254,246.01787391638038,39.977944489356304,0.7961181311365426,-0.045978521841474884,0.7869224267682476,12.547343087609303,0.7869224267682476,0.022055510643696152,0.7961181311365426,12.547343087609303,0.7869224267682476,-1.3230001555996076,-3.966055266709104
56,11.399999999999801,-0.011868300415937866,0.19831219077520862,9.781271179879294,9.999132103148478,183.13071716634542,185.01665398074604,29.75877129830243,246.21077918950297,40.00929162758586,0.7829505134224057,-0.039481935350479946,0.7750541263523097,12.54800289163118,0.7750541263523097,-0.009291627585859885,0.7829505134224057,12.54800289163118,0.7750541263523097,-1.2729817896390652,-3.7718033443756824
57,11.599999999999797,0.017383717436464975,0.1974180556554662,9.784940916809022,10.00144633289061,183.1824120972062,184.15646863264195,29.767171732967743,246.27887763557203,40.020357636138094,0.7889476499953458,0.017450968967144265,0.7924378437887747,12.548569213854497,0.7924378437887747,-0.020357636138093937,0.7889476499953458,12.548569213854497,0.7924378437887747,-1.2252708473573632,-3.586959862448457
58,11.799999999999793,0.017449018978631558,0.1966082553006727,9.784643980058505,9.997850297456024,183.12415196844717,183.48084876871235,29.75770445257712,246.19959732237078,40.007474572359826,0.802046717859519,0.03920072453943657,0.8098868627674063,12.549041696578001,0.8098868627674063,-0.007474572359825515,0.802046717859519,12.549041696578001,0.8098868627674063,-1.178222113104992,-3.4075631726979156
59,11.999999999999789,0.017316412281697027,0.19600986098230008,9.781837971167743,9.991132763846547,183.00698120847824,183.05643419924164,29.738664185041902,246.04159411243583,39.98179902506985,0.817220176431485,0.04991549308809129,0.8272032750491033,12.549420041371476,0.8272032750491033,0.018200974930152825,0.817220176431485,12.549420041371476,0.8272032750491033,-1.1293607494452897,-3.2289226812503617
60,12.199999999999784,-0.009701369460724453,0.19654048678881414,9.77790482790883,9.98700145146432,182.9347032111905,183.63623339569034,29.726918998737457,245.94542155034813,39.96617096810254,0.8173982632235781,0.0005182118240038003,0.8175019055883789,12.549704009264241,0.8175019055883789,0.03382903189746145,0.8173982632235781,12.549704009264241,0.8175019055883789,-1.0787163793553476,-3.048583984762222
61,12.39999999999978,-0.01732275601463738,0.19737068626281556,9.777002746278896,9.988786120587486,182.96933672062485,184.38454178564837,29.732546949648487,245.9930844962673,39.97391620455964,0.806513707480784,-0.031672789535212575,0.8001791495737415,12.549893420896089,0.8001791495737415,0.026083795440356994,0.806513707480784,12.549893420896089,0.8001791495737415,-1.0269837880923556,-2.868665661992255
62,12.599999999999776,-0.016762462291392936,0.19800425587551101,9.779104172777505,9.99453523869359,183.07559010067692,184.87281303493899,29.749813141173142,246.1365255991613,39.99722540708912,0.792288639358904,-0.044359760382777225,0.7834166872823486,12.549988156630572,0.7834166872823486,0.002774592910881779,0.792288639358904,12.549988156630572,0.7834166872823486,-0.974761409513641,-2.693956322530312
63,12.799999999999772,0.012766064502971186,0.1973679753901575,9.78256783271286,9.99752122381235,183.131091300292,184.22369103308606,29.75883209512955,246.21006178519391,40.00917504926906,0.7947501878820148,0.007162819516524643,0.7961827517853197,12.549988156630572,0.7961827517853197,-0.009175049269060764,0.7947501878820148,12.549988156630572,0.7961827517853197,-0.9240100033933932,-2.527687400640369
64,12.999999999999767,0.017208868427333664,0.1965640783987414,9.782857488823858,9.994871675320917,183.08192731473957,183.5191982672702,29.750842939488123,246.1429529949693,39.99826985995237,0.8065185064631039,0.03436556874774788,0.8133916202126534,12.549893420896089,0.8133916202126534,0.00173014004762706,0.8065185064631039,12.549893420896089,0.8133916202126534,-0.874664128304758,-2.3677100498454124
65,13.199999999999763,0.013724548662858313,0.19606685755887324,9.780385457911567,9.989071607581309,182.97321558718656,183.1557357809635,29.733177266095083,245.99640235988764,39.9744553579371,0.8194279889240635,0.038440899757241076,0.8271161688755118,12.549704009264241,0.8271161688755118,0.025544642062897083,0.8194279889240635,12.549704009264241,0.8271161688755118,-0.8245833328143302,-2.2095804371883703
66,13.399999999999759,-0.016890790245529228,0.19687686966399012,9.777246295625686,9.98726384068615,182.9350255954394,183.93737321808834,29.726971386230293,245.94631802669235,39.96631664565415,0.8136108297623266,-0.016927255661720042,0.8102253786299826,12.549420041371476,0.8102253786299826,0.033683354345846794,0.8136108297623266,12.549420041371476,0.8102253786299826,-0.7734420084957564,-2.0508475409600364
67,13.599999999999755,-0.01740311690053052,0.19765610433915096,9.777718151503086,9.991011962209805,182.99749062394676,184.5849861442277,29.737121963513314,246.0312015838986,39.98011023749376,0.8005950243292607,-0.03886381299904318,0.792822261729452,12.549041696578001,0.792822261729452,0.01988976250623864,0.8005950243292607,12.549041696578001,0.792822261729452,-0.7219349586883068,-1.894780509881123
68,13.79999999999975,-0.016170415573635803,0.19820661556020344,9.7806164688989,9.997694678719895,183.11269890139818,184.9614380096223,29.755843327320534,246.18649567923424,40.00534555322112,0.7859645688376097,-0.04656361340896753,0.7766518461558162,12.548569213854499,0.7766518461558162,-0.005345553221118848,0.7859645688376097,12.548569213854499,0.7766518461558162,-0.6712043639034464,-1.745902414477675
69,13.999999999999746,0.015848363456142264,0.19742438703245854,9.78435325040781,10.000546622840629,183.15763220811442,184.1623192950228,29.76314499696359,246.24560921194802,40.01495151189307,0.7900958817361662,0.01202163937896128,0.7925002096119584,12.548002891631182,0.7925002096119584,-0.014951511893066538,0.7900958817361662,12.548002891631182,0.7925002096119584,-0.6232789159800058,-1.6066403949509025
70,14.199999999999742,0.017319635122734944,0.19661722146997246,9.784361981082592,9.997441600953271,183.0918818165422,183.44704531980844,29.75246054764866,246.15620942733312,40.000424032365665,0.8025070614373937,0.03656391648649837,0.8098198447346934,12.547343087609304,0.8098198447346934,-0.0004240323656645728,0.8025070614373937,12.547343087609304,0.8098198447346934,-0.5772241291367528,-1.474009011155249
71,14.399999999999737,0.012527056198109583,0.19618350258763667,9.781630809946956,9.991476529135975,182.9718864276998,183.1296794589045,29.732961277462493,245.99457678614613,39.97415870190745,0.8149853673874273,0.036807667726878046,0.8223469009328029,12.546590218535231,0.8223469009328029,0.025841298092551312,0.8149853673874273,12.546590218535231,0.8223469009328029,-0.530678452306016,-1.3433230469948385
72,14.599999999999733,-0.017232487337251304,0.19702187716658887,9.77848491168231,9.989768278092015,182.9273227639546,183.91892912071495,29.7257196748623,245.935945248777,39.96463106755733,0.8087457345603779,-0.018156604824131617,0.8051144135955516,12.545744759937202,0.8051144135955516,0.035368932442672474,0.8087457345603779,12.545744759937202,0.8051144135955516,-0.48359204169396197,-1.212376793543065
73,14.799999999999729,-0.017439470089707403,0.19780594355038997,9.778996288136298,9.993599342151722,182.98313719472017,184.55247946477223,29.734789528931557,246.0118761215058,39.97696984671454,0.7955743897335316,-0.03949723113843673,0.7876749435058442,12.544807245824993,0.7876749435058442,0.023030153285461097,0.7955743897335316,12.544807245824993,0.7876749435058442,-0.4367886891409025,-1.0846592411019331
74,14.999999999999725,-0.017198967917921835,0.19839342661363418,9.781872111180409,10.000390937587486,183.09214833241595,184.94454827316974,29.75250385652145,246.1588718117224,40.00085667026156,0.7804258652021745,-0.04974944807126069,0.7704759755879224,12.543778268352607,0.7704759755879224,-0.0008566702615624422,0.7804258652021745,12.543778268352607,0.7704759755879224,-0.39142375735355417,-0.9646843687456226
75,15.19999999999972,0.008328243602679598,0.1979156813807633,9.78583032732107,10.004768831157914,183.1566616174676,184.38553076667515,29.76298727582576,246.24464895721047,40.01479547034217,0.7794007894191239,-0.002982851142609988,0.7788042191906019,12.542658477444276,0.7788042191906019,-0.014795470342171768,0.7794007894191239,12.542658477444276,0.7788042191906019,-0.3494894251432372,-0.8549011296189577
76,15.399999999999716,0.017123501630829013,0.19708872029701202,9.786908058351788,10.003267228512927,183.1123480341803,183.6072385035271,29.75578631134061,246.18394059413845,40.00493035147785,0.7898478025328015,0.030399591443147078,0.7959277208214309,12.541448580383932,0.7959277208214309,-0.004930351477852923,0.7898478025328015,12.541448580383932,0.7959277208214309,-0.3106642726914176,-0.7534572581748918
77,15.599999999999712,0.0137744850138919,0.1965594712517469,9.784862324161411,9.998005160046361,182.9974325143376,183.17260925202416,29.737112520692378,246.02894907040096,39.97974420368436,0.8023345299327957,0.036838379512635355,0.8097022058353228,12.540149341368494,0.8097022058353228,0.02025579631563801,0.8023345299327957,12.540149341368494,0.8097022058353228,-0.2724362280164378,-0.6557267785283813
78,15.799999999999708,-0.01703102128138141,0.19736828748155524,9.781869571283144,9.996424682769346,182.94735088237684,183.9147071135032,29.728974247360487,245.96283441352873,39.96900056119898,0.7962261306518019,-0.01777473048930278,0.7926711845539414,12.53876158102517,0.7926711845539414,0.030999438801018186,0.7962261306518019,12.53876158102517,0.7926711845539414,-0.2342071884012708,-0.5587772082818233
79,15.999999999999703,-0.017433326093848806,0.1981525998195325,9.782361358801865,10.00022930339438,182.99479137064992,184.531873411011,29.736683334413947,246.02749455547732,39.97950784477291,0.7831001072145587,-0.03931124377233086,0.7752378584600925,12.53728617589314,0.7752378584600925,0.020492155227088915,0.7831001072145587,12.53728617589314,0.7752378584600925,-0.19702283223852537,-0.4656252272371532
80,16.199999999999733,-0.01721876477555629,0.1987472033216103,9.785186725868568,10.006969770214816,183.09499575025185,184.91484670010502,29.75296656238249,246.16264962764336,40.00147056596261,0.7679590771331785,-0.0496999172432111,0.7580190936845362,12.535724057869906,0.7580190936845362,-0.0014705659626130796,0.7679590771331785,12.535724057869906,0.7580190936845362,-0.16206647779052136,-0.3806452306067911
81,16.399999999999764,0.004114854361470634,0.19844105136916687,9.789154412368807,10.012026813206505,183.16400909420784,184.48823399529067,29.764181241990016,246.25467354406814,40.01642446733554,0.7642768932793713,-0.01071472616682223,0.7621339480460069,12.534076213622692,0.7621339480460069,-0.016424467335539816,0.7642768932793713,12.534076213622692,0.7621339480460069,-0.1311634945572849,-0.3062481544850158
82,16.599999999999795,0.016914620335798932,0.1976146831100516,9.790749890786579,10.011344454507379,183.127091197931,183.68170201189534,29.75818207784587,246.20385395768562,40.00816627629019,0.7736143727998944,0.027170977909556915,0.7790485683818058,12.532343683965246,0.7790485683818058,-0.008166276290189955,0.7736143727998944,12.532343683965246,0.7790485683818058,-0.10418561756292746,-0.241147359668868
83,16.799999999999827,0.01420296266615043,0.19704603592948228,9.789044899682759,10.00646371963184,183.0117213248475,183.189376998591,29.739434454722176,246.04816338842707,39.98286653348593,0.785975028135633,0.0363825145616159,0.7932515310479562,12.530527563200431,0.7932515310479562,0.017133466514067663,0.785975028135633,12.530527563200431,0.7932515310479562,-0.0785975618576369,-0.1808105121894329
84,16.999999999999858,-0.016963618338667188,0.19784370343235097,9.786140684737875,10.004978749516312,182.95595880517,183.90250988131598,29.730373036213162,245.97437508082723,39.97087592151035,0.7798516033189361,-0.017818453048235594,0.776287912709289,12.528628998429049,0.776287912709289,0.029124078489651595,0.7798516033189361,12.528628998429049,0.776287912709289,-0.05351542613330986,-0.12193415839371086
85,17.19999999999989,-0.017435978851965878,0.1986302964635467,9.786623346982466,10.008777242990645,182.99585180975302,184.50527768953094,29.736855655940523,246.0288774638944,39.97973256761541,0.7667193202349075,-0.0393369318879222,0.7588519338573231,12.526649188825305,0.7588519338573231,0.02026743238459261,0.7667193202349075,12.526649188825305,0.7588519338573231,-0.030114224973054292,-0.06727953492123505
86,17.39999999999992,-0.017316423724967337,0.19923361012861107,9.789412451509156,10.015489125603567,183.08813353147355,184.8808503260196,29.751851450715904,246.15338176416884,39.999964536641976,0.7515342264435241,-0.04999358155584166,0.7415355101323557,12.524589384879373,0.7415355101323557,3.546335802440126e-05,0.7515342264435241,12.524589384879373,0.7415355101323557,-0.009591320522505357,-0.02110994987463215
87,17.59999999999995,-0.004359743466973729,0.19926631379099743,9.793469908084445,10.021990246188297,183.1759703875116,184.72815022241647,29.766124954095588,246.2711050904523,40.019094596293094,0.7424579488247076,-0.026410910796628162,0.737175766665382,12.52245088760758,0.737175766665382,-0.019094596293093957,0.7424579488247076,12.52245088760758,0.737175766665382,-0.006344853942497102,0.0142112998080961
88,17.799999999999983,0.016808994789658267,0.1984227485636322,9.796159396075748,10.022971760581965,183.1624687235045,183.86303084550116,29.763930931500415,246.25164212969074,40.01593186200661,0.7497442840660574,0.021202386944914053,0.7539847614550402,12.520235047730633,0.7539847614550402,-0.01593186200661023,0.7497442840660574,12.520235047730633,0.7539847614550402,-0.017646382536063293,0.03882201133335315
89,18.000000000000014,0.016289953015580227,0.1977232130564756,9.795157243979741,10.018698216616158,183.0514638941832,183.2258808020167,29.745892628697398,246.10159036393927,39.991548425688556,0.7626161617564094,0.038292763571055044,0.7702747144706205,12.517943264820493,0.7702747144706205,0.008451574311443721,0.7626161617564094,12.517943264820493,0.7702747144706205,-0.025964233799963966,0.05710378289978024
90,18.200000000000045,-0.014845051845265836,0.19841490640520712,9.792277150233188,10.016836891074835,182.98208916599683,183.83150495531834,29.73461922409371,246.00935616979868,39.97656035415264,0.7580734279096961,-0.013218826421707575,0.7554296626253546,12.515576986416368,0.7554296626253546,0.023439645847361135,0.7580734279096961,12.515576986416368,0.7554296626253546,-0.03336508990952122,0.07322934999988036
91,18.400000000000077,-0.017404173842588147,0.1992127052641469,9.792431885357617,10.020153341674,183.00632977456465,184.4376625132243,29.738558326925084,246.04284385237588,39.98200210801319,0.7454753267802885,-0.0372491899876104,0.7380254887827664,12.513137707110415,0.7380254887827664,0.017997891986809122,0.7454753267802885,12.513137707110415,0.7380254887827664,-0.03933576949296987,0.08525368078036166
92,18.600000000000108,-0.01729197569810095,0.19983665817623955,9.794988001706136,10.026561515960946,183.0862743823284,184.82290051000814,29.751549338677705,246.15079563451292,39.99954429015264,0.7304822991516294,-0.04874393033481972,0.7207335130846655,12.510626967603725,0.7207335130846655,0.000455709847358321,0.7304822991516294,12.510626967603725,0.7207335130846655,-0.04118920529545741,0.08903015063813768
93,18.80000000000014,-0.008877985590401904,0.20005806596783296,9.798949230384684,10.033618719054575,183.17745298149953,184.82126248311323,29.76636587585955,246.27323887882963,40.01944133725115,0.7187228622924555,-0.03433667399095952,0.7118555274942636,12.508046353733185,0.7118555274942636,-0.019441337251151936,0.7187228622924555,12.508046353733185,0.7118555274942636,-0.03803970237177615,0.08208322189108373
94,19.00000000000017,0.01647313896728025,0.19922627325942835,9.80212792768771,10.035429794350183,183.1727187497524,183.9416727505706,29.765596562431327,246.26552809888426,40.018188334257026,0.7247948885917773,0.017668889348832484,0.7283286664615438,12.505397495469825,0.7283286664615438,-0.01818833425702593,0.7247948885917773,12.505397495469825,0.7283286664615438,-0.03150924265998375,0.06716298253628708
95,19.200000000000202,0.01637037839990602,0.19850077290865314,9.801476676928644,10.03162925866741,183.06424588402274,183.2616531225584,29.7479697041234,246.118810442936,39.99434669132379,0.7373103521044265,0.036943463785116815,0.7446990448614499,12.502682065889301,0.7446990448614499,0.005653308676208724,0.7373103521044265,12.502682065889301,0.7446990448614499,-0.025526488723578558,0.05407298547567905
96,19.400000000000233,-0.013766500732108167,0.19913806612015755,9.798750150674175,10.029790838186171,182.9892935511936,183.80194636925643,29.7357899378589,246.01898544157262,39.97812511238067,0.7332788085631413,-0.01173132216899797,0.7309325441293417,12.499901780115135,0.7309325441293417,0.021874887619333094,0.7332788085631413,12.499901780115135,0.7309325441293417,-0.023964438177634995,0.05079254508218156
97,19.600000000000264,-0.017397808263404476,0.19993614373653285,9.79882605665521,10.032960989524835,183.00482945911912,184.39633383075525,29.738314525421384,246.04076524858402,39.98166433455924,0.7208560431910948,-0.03660653662578728,0.7135347358659373,12.497058394235413,0.7135347358659373,0.01833566544075893,0.7208560431910948,12.497058394235413,0.7135347358659373,-0.027287588260539525,0.05702584812322016
98,19.800000000000296,-0.01733950792207236,0.20056997456404643,9.80130243900406,10.039246755512078,183.07656516451942,184.77915440960356,29.749971589205995,246.1376895718265,39.99741455283636,0.705898705189059,-0.04851738622597024,0.6961952279438649,12.494153704193602,0.6961952279438649,0.0025854471636392873,0.705898705189059,12.494153704193602,0.6961952279438649,-0.031048643895959255,0.06476450843899073
99,20.000000000000327,-0.013402315533634433,0.20096628285695428,9.805170283181212,10.046782071638882,183.17046228169178,184.91762670418478,29.7652298860048,246.26399857616866,40.0179397865672,0.691669305116063,-0.04438196352916257,0.6827929124102304,12.491189544654187,0.6827929124102304,-0.017939786567197302,0.691669305116063,12.491189544654187,0.6827929124102304,-0.032006398582712224,0.06677651234368369
100,20.200000000000358,0.015288552430845396,0.20019069645841966,9.808898659725994,10.049688241614678,183.18011297610647,184.0616231291168,29.766798125415427,246.27564261109242,40.01983194413447,0.6957225631047094,0.011794508681832183,0.6980814648410758,12.488167787843865,0.6980814648410758,-0.01983194413446654,0.6957225631047094,12.488167787843865,0.6980814648410758,-0.028856406419415417,0.05954836004421367
101,20.40000000000039,0.016258527714717294,0.1994417702230305,9.808772300689885,10.046663165885102,183.08056249758872,183.3378579716463,29.750621156479326,246.14083954460213,39.99792642392427,0.707476340163066,0.03431826196363508,0.7143399925557931,12.485090342369007,0.7143399925557931,0.0020735760757304433,0.707476340163066,12.485090342369007,0.7143399925557931,-0.023844054402941125,0.04881616483782807
102,20.60000000000042,-0.012218981515149756,0.19999553109124873,9.806346920087407,10.04496372243232,183.00308650808444,183.785789770065,29.738031295595018,246.03748329277275,39.98113101620659,0.7040911265255116,-0.009850577424341811,0.7021210110406433,12.481959152010134,0.7021210110406433,0.01886898379341062,0.7040911265255116,12.481959152010134,0.7021210110406433,-0.021426783915764743,0.04401412096490276
103,20.800000000000452,-0.017368643528576207,0.20078582651128768,9.806374170036765,10.047983253493062,183.01076433138013,184.3625208383853,29.739278943128216,246.04868296670182,39.98295096504001,0.6919055059438999,-0.03576569215916425,0.684752367512067,12.478776194494188,0.684752367512067,0.017049034959988774,0.6919055059438999,12.478776194494188,0.684752367512067,-0.023288843470324356,0.04723299914140853
104,21.000000000000483,-0.017340016627452458,0.20142593271343928,9.808779892944353,10.054119723321723,183.0747316537615,184.74163177677366,29.749673643409885,246.13516941382414,39.99700502675145,0.6770231548118711,-0.04805401963628275,0.6674123508846146,12.475543480245356,0.6674123508846146,0.0029949732485476943,0.6770231548118711,12.475543480245356,0.6674123508846146,-0.02594750711211558,0.052477815987218436
105,21.200000000000514,-0.015065548059659487,0.20188405093790107,9.81255791981658,10.061673275856977,183.16399005438666,184.92550773584946,29.76417814801598,246.2553185616736,40.016529282801244,0.6620589709766532,-0.048560840758490875,0.652346802824955,12.472263051115249,0.652346802824955,-0.016529282801243994,0.6620589709766532,12.472263051115249,0.652346802824955,-0.026054718360580924,0.052730782627402564
106,21.400000000000546,0.012805244179914375,0.2012224767433127,9.816454878682203,10.065286347127634,183.18180062128684,184.15508336904531,29.76707236803148,246.27805265981294,40.02022357744318,0.6640141679240957,0.005689395403868369,0.6651520470048694,12.468936979093215,0.6651520470048694,-0.020223577443182705,0.6640141679240957,12.468936979093215,0.6651520470048694,-0.022135423952722978,0.04431599765457435
107,21.600000000000577,0.015629116638806888,0.20048798951544297,9.816765851207904,10.063060435437238,183.09253397225405,183.42430237997885,29.752566523057805,246.1570492822361,40.000560508923876,0.6746129306281631,0.030841165077565846,0.6807811636436762,12.46556736499763,0.6807811636436762,-0.0005605089238756022,0.6746129306281631,12.46556736499763,0.6807811636436762,-0.016929469245672034,0.03353461129676845
108,21.80000000000061,-0.011822642807702517,0.20100227607209079,9.814717568746516,10.061779367225766,183.01859862289461,183.81759162224623,29.74055201677239,246.05836364364197,39.9845240766159,0.6710386619505022,-0.010400705572642388,0.6689585208359737,12.462156337148983,0.6689585208359737,0.015475923384101975,0.6710386619505022,12.462156337148983,0.6689585208359737,-0.014752809692719965,0.0294445570107456
109,22.00000000000064,-0.017316857528941774,0.20177470283546217,9.81489943035526,10.064898946042591,183.0240347405532,184.36465800341153,29.741435386775283,246.06650705718098,39.98584738263929,0.6588186424693386,-0.0358848958115332,0.651641663307032,12.45870605002557,0.651641663307032,0.014152617360707609,0.6588186424693386,12.45870605002557,0.651641663307032,-0.017034784715812556,0.033608852331789764
110,22.20000000000067,-0.017299462717774893,0.20240796840147746,9.817363724109626,10.071000903391687,183.08338488433165,184.72776728354128,29.75107979478369,246.14676838880575,39.9988898620708,0.6439438026025684,-0.04800801006655697,0.634342200589257,12.455218682902691,0.634342200589257,0.0011101379292028923,0.6439438026025684,12.455218682902691,0.634342200589257,-0.02003355182893845,0.03942967818254459
111,22.400000000000702,-0.015159807317491478,0.20286801568588692,9.821159230088437,10.078475169904864,183.1673409638912,184.9056986612469,29.764722671354992,246.25978784195738,40.01725554157362,0.6289421407321757,-0.04879873730205042,0.6191823932717656,12.451696438476166,0.6191823932717656,-0.017255541573618416,0.6289421407321757,12.451696438476166,0.6191823932717656,-0.02017890237669484,0.039736512241518085
112,22.600000000000733,0.011054238649727894,0.2022839652351505,9.82503540125574,10.082351726264916,183.18631189216416,184.1972517110535,29.76780545028213,246.28417553551702,40.02121854574006,0.6297604152261603,0.0023810834766657685,0.6302366319214935,12.448141541471069,0.6302366319214935,-0.02121854574006221,0.6297604152261603,12.448141541471069,0.6302366319214935,-0.0160158811151513,0.03111714430828414
113,22.800000000000765,0.014948477162615284,0.20157901804473494,9.825528935655507,10.080599878302541,183.10245510542018,183.48149652339794,29.75417870880949,246.17046044353162,40.002739824813716,0.6395106813273418,0.02837213878383482,0.6451851090841088,12.444556237236542,0.6451851090841088,-0.002739824813716041,0.6395106813273418,12.444556237236542,0.6451851090841088,-0.010360763890419398,0.019799648671737204
114,23.000000000000796,-0.012114640736175594,0.20208932028546714,9.823746688207452,10.079681738766107,183.03210975672536,183.85592306324156,29.74274757821545,246.07656682879698,39.98748209716161,0.6354396902998498,-0.011846109759583445,0.6330704683479331,12.440942790327584,0.6330704683479331,0.012517902838389716,0.6354396902998498,12.440942790327584,0.6330704683479331,-0.007536531664801107,0.014645653051901776
115,23.200000000000827,-0.01728624990175728,0.20284533279841285,9.824129403104978,10.08294316287302,183.03718274293354,184.3761151343084,29.74357193929864,246.08418115113983,39.98871942577965,0.6230683117561817,-0.03642046655002951,0.6157842184461758,12.437303483074714,0.6157842184461758,0.011280574220350559,0.6230683117561817,12.437303483074714,0.6157842184461758,-0.009021374610377228,0.017320567671892207
116,23.40000000000086,-0.017274179332175954,0.20346770698863786,9.826704197964267,10.08903343564844,183.09347100724676,184.72132964058534,29.752718791396394,246.16030306024945,40.001089248379785,0.6081566953810018,-0.04823328133500948,0.5985100391139999,12.433640614142393,0.5985100391139999,-0.0010892483797846353,0.6081566953810018,12.433640614142393,0.5985100391139999,-0.011747840445538367,0.022535776584396674
117,23.60000000000089,-0.015163256943340973,0.203923153567942,9.830558516932625,10.096424564488093,183.1732113611239,184.88967001304133,29.765676611859245,246.2676464177589,40.01853256141838,0.5931336617062608,-0.048934397678009334,0.5833467821706589,12.429956497077146,0.5833467821706589,-0.018532561418382443,0.5931336617062608,12.429956497077146,0.5833467821706589,-0.012134042348915073,0.02330399720401033
118,23.80000000000092,0.009415938929111406,0.20341132494251907,9.834414099234689,10.100527089430132,183.19381427043658,184.24088130361977,29.76902458797053,246.2943174440581,40.02286660752605,0.5928991825227954,-0.0006823071151251803,0.5927627210997704,12.426253458846276,0.5927627210997704,-0.022866607526047744,0.5928991825227954,12.426253458846276,0.5927627210997704,-0.008290275948543886,0.01554632565720624
119,24.000000000000952,0.014384690121034714,0.20273354640188387,9.835058401478017,10.099206964332557,183.1157546203732,183.54105263347796,29.756339882150527,246.18841208273878,40.00565696910202,0.6019057808096386,0.026208152055832157,0.6071474112208051,12.422533838368096,0.6071474112208051,-0.005656969102020071,0.6019057808096386,12.422533838368096,0.6071474112208051,-0.00275320347082084,0.004773116391793054
120,24.200000000000983,-0.011515899705287732,0.20320429156077705,9.833515881642159,10.098469462910085,183.04689384387612,183.87008645377924,29.745149994779865,246.09644231551806,39.99071186698355,0.5979396861972238,-0.011540873408532604,0.5956315115155173,12.418799985034628,0.5956315115155173,0.009288133016447375,0.5979396861972238,12.418799985034628,0.5956315115155173,-0.00025572152003741654,-0.00045670847402874416
121,24.400000000001015,-0.01724757164811308,0.20394421679922023,9.833998052044887,10.101681581884135,183.04931977554548,184.36966205593583,29.74554420907035,246.10047000667967,39.99136636745182,0.585626705809748,-0.036213829711718715,0.5783839398674042,12.415054257227665,0.5783839398674042,0.00863363254818239,0.585626705809748,12.415054257227665,0.5783839398674042,-0.000936904260059544,0.001695031321783347
122,24.600000000001046,-0.01726004169185792,0.20455943639420116,9.836627521149433,10.107644799264447,183.1016525910863,184.7049442675809,29.754048300099825,246.17126481749978,40.00287053571425,0.5707400166059923,-0.04808059215222982,0.5611238981755463,12.411299020829171,0.5611238981755463,-0.002870535714251332,0.5707400166059923,12.411299020829171,0.5611238981755463,-0.0035943087373667463,0.0067066512985277885
123,24.800000000001077,-0.015411985786181366,0.2050185467601841,9.840516460875145,10.114899435776962,183.17741866605004,184.87458445909957,29.766360299593433,246.27327303078852,40.01944688695002,0.555621852290517,-0.04954969950576038,0.5457119123893649,12.407536647726946,0.5457119123893649,-0.01944688695002128,0.555621852290517,12.407536647726946,0.5457119123893649,-0.004140370898625748,0.0077657994137155135
124,25.00000000000111,0.006806661078025036,0.20461734895895473,9.844395602037505,10.119385994126285,183.2036932797588,184.31902438212498,29.770629928590733,246.30770404044995,40.02504193161505,0.5536602059466538,-0.005708162396318994,0.55251857346739,12.403769514316481,0.55251857346739,-0.02504193161504986,0.5536602059466538,12.403769514316481,0.55251857346739,-0.00041642908331243037,0.0004497287208977241
125,25.20000000000114,0.013987107218015705,0.20395933881418982,9.845314502566268,10.118669409494407,183.13576275305556,183.62764085943925,29.759591206962735,246.21541445492494,40.01004485897016,0.5617800946168782,0.023627930342637327,0.5665056806854056,12.399999999999979,0.5665056806854056,-0.010044858970161386,0.5617800946168782,12.399999999999979,0.5665056806854056,-0.005861167691642809,-0.010383473300042568
126,25.40000000000117,-0.009058143236659261,0.2043129071230828,9.844041744480807,10.117901023419536,183.06585772849579,183.84810504541363,29.748231629112194,246.12187538031435,39.99484474414583,0.5590413961586201,-0.007969293549368595,0.5574475374487464,12.396230485683478,0.5574475374487464,0.005155255854170093,0.5590413961586201,12.396230485683478,0.5574475374487464,-0.008900299274019483,-0.016445931570993368
127,25.600000000001202,-0.017146702341231727,0.2050334475278237,9.84444377671374,10.120754047567498,183.06126993628686,184.332378070166,29.74748611213273,246.11646038221224,39.993964806074295,0.547213021790263,-0.034560933413741446,0.5403008351075147,12.392463352273014,0.5403008351075147,0.006035193925704618,0.547213021790263,12.392463352273014,0.5403008351075147,-0.00834329244874872,-0.015421973071764229
128,25.800000000001234,-0.017249323508767647,0.20564921421184532,9.847009627773124,10.1264007776969,183.10746275394712,184.67069353862234,29.75499245250886,246.17901447640926,40.00412985654636,0.5324814051167072,-0.04714946758980043,0.5230515115987471,12.388700979170787,0.5230515115987471,-0.004129856546363442,0.5324814051167072,12.388700979170787,0.5230515115987471,-0.005651751801756541,-0.010396015028004513
129,26.000000000001265,-0.015847140066516507,0.20612046862579575,9.850877258020493,10.13342091752776,183.17873296061194,184.8535312833052,29.766573872673312,246.27500539714856,40.01972839676504,0.5172566267537653,-0.050261276107673725,0.5072043715322305,12.384945742772295,0.5072043715322305,-0.019728396765039236,0.5172566267537653,12.384945742772295,0.5072043715322305,-0.004377980238248891,-0.008035613935955156
130,26.200000000001296,0.0029354526667830275,0.20587636239364393,9.854832031608277,10.13844034908231,183.21456230065726,184.43159031564332,29.77239614625295,246.3224730685346,40.027441901078774,0.5127579495458129,-0.013090626733996413,0.5101398241990136,12.381200014965332,0.5101398241990136,-0.027441901078773867,0.5127579495458129,12.381200014965332,0.5101398241990136,-0.007636692190770439,-0.013671608151251747
131,26.400000000001327,0.013711264066326943,0.20523326735519798,9.856169244206432,10.1385191544206,183.161460861151,183.74317848704735,29.763767153704194,246.25010257794287,40.0156816845974,0.5197701505923171,0.020404688365117107,0.5238510882653405,12.377466161631862,0.5238510882653405,-0.01568168459740349,0.5197701505923171,12.377466161631862,0.5238510882653405,-0.013395570540904227,-0.023847917536478747
132,26.60000000000136,-0.003902658679240164,0.20536544255150926,9.855147060010893,10.137420263095894,183.086455697534,183.77094219899573,29.751578802428078,246.14941812958233,39.99932044537758,0.5198828444094941,0.00032792588303187653,0.5199484295861004,12.373746541153684,0.5199484295861004,0.0006795546224225291,0.5198828444094941,12.373746541153684,0.5199484295861004,-0.016906514404692336,-0.03058383285332127
133,26.80000000000139,-0.016960031393573986,0.20606313836845955,9.855173999956422,10.139466631608979,183.06804465754345,184.247731571779,29.74858700543782,246.12542759771188,39.99542198005016,0.5092035176257962,-0.031075597166348445,0.5029883981925265,12.370043502922814,0.5029883981925265,0.004578019949839529,0.5092035176257962,12.370043502922814,0.5029883981925265,-0.016824123633359497,-0.03053906389830843
134,27.00000000000142,-0.017286554708866416,0.20669426892907944,9.857492662986548,10.144552585532038,183.1049494277177,184.60937867910283,29.754584036588167,246.17554480030745,40.003566033615996,0.49478182409311033,-0.04539990304725128,0.4857018434836601,12.366359385857567,0.4857018434836601,-0.003566033615996389,0.49478182409311033,12.366359385857567,0.4857018434836601,-0.014230877426827175,-0.025735192458110137
135,27.200000000001452,-0.01660894353811748,0.20719290215344824,9.86125862446609,10.151236059153149,183.17114351973353,184.82335905433197,29.76534058729729,246.26476682560423,40.018064627225314,0.47938529516620565,-0.051461976103315266,0.4690928999455426,12.362696516925245,0.4690928999455426,-0.01806462722531421,0.47938529516620565,12.362696516925245,0.4690928999455426,-0.012649663296024884,-0.02281073232990423
136,27.400000000001484,-0.0049930546174648816,0.20724899012166884,9.865510946862084,10.157366829781708,183.2280737137093,184.65304219585062,29.774591753069515,246.3409580326195,40.030445710746385,0.46972304807264614,-0.02811601372284228,0.4640998453280777,12.359057209672375,0.4640998453280777,-0.03044571074638469,0.46972304807264614,12.359057209672375,0.4640998453280777,-0.015464332760801214,-0.027554319510208813
137,27.600000000001515,0.013928232632573537,0.2065959086603738,9.86776814059805,10.158863213223828,183.20227876648858,183.93644848286277,29.770400069954466,246.30521508502738,40.02463747595443,0.47497282820650505,0.01527624877073086,0.4780280779606512,12.355443762763418,0.4780280779606512,-0.024637475954428112,0.47497282820650505,12.355443762763418,0.4780280779606512,-0.021610077515703166,-0.038018439183352376
138,27.800000000001546,0.007878302536510711,0.20625499680485945,9.866932966878549,10.156792954041785,183.11211832369565,183.56377826575573,29.75574898334953,246.18356260918114,40.004868928860866,0.4818841513904107,0.020111145533756314,0.48590638049716195,12.351858458528891,0.48590638049716195,-0.004868928860865651,0.4818841513904107,12.351858458528891,0.48590638049716195,-0.02633628130095634,-0.04661306746238978
139,28.000000000001577,-0.016413880512134084,0.20691843527232281,9.865847279293115,10.156992032321615,183.06240011857852,184.0446360621658,29.747669766938778,246.1175342728903,39.99413931348399,0.4740511337792831,-0.022793168971276256,0.46949249998502784,12.348303561523796,0.46949249998502784,0.005860686516008684,0.4740511337792831,12.348303561523796,0.46949249998502784,-0.02699062734196045,-0.04810394266729077
140,28.20000000000161,-0.017376921174198767,0.20760050840314972,9.867425612041854,10.160926314148956,183.0805993609322,184.47452845140714,29.750627146778633,246.14263715246213,39.998218535493635,0.4604162940921845,-0.04150357640677699,0.4521155788108291,12.34478131709727,0.4521155788108291,0.0017814645063651824,0.4604162940921845,12.34478131709727,0.4521155788108291,-0.024394628919156964,-0.04334384805064957
141,28.40000000000164,-0.01729808848504052,0.208144691625551,9.87085419780682,10.16698985174434,183.1378598385953,184.74336029924956,29.75993198370372,246.2199467680006,40.01078136058146,0.4450568898467846,-0.05119699760498003,0.4348174903257886,12.341293949974393,0.4348174903257886,-0.010781360581461286,0.4450568898467846,12.341293949974393,0.4348174903257886,-0.022011185003657376,-0.03902116632248323
142,28.60000000000167,-0.015373072425347183,0.20855588843066072,9.875269237935596,10.17397737616,183.21242212565681,184.87777705037703,29.7720483674676,246.32028408850584,40.02708619146839,0.42969185505781915,-0.05123718578688874,0.4194444179004414,12.337843662850979,0.4194444179004414,-0.027086191468391974,0.42969185505781915,12.337843662850979,0.4194444179004414,-0.02357533608274139,-0.041592153653921576
143,28.800000000001702,0.006655780518704438,0.2081862836928611,9.879084730713247,10.178344114963291,183.24099797483217,184.36897192476985,29.776691947602174,246.3578773111996,40.03319509626503,0.42742149505627575,-0.006606483185649659,0.4261001984191458,12.334432635002331,0.4261001984191458,-0.033195096265032475,0.42742149505627575,12.334432635002331,0.4261001984191458,-0.02911924024477283,-0.050783188706282095
144,29.000000000001734,0.014152137901221952,0.20756387568028795,9.879728125148,10.17782282507968,183.18222515811743,183.72675970388943,29.76714135533544,246.2779614762677,40.020208760102264,0.4355321336063205,0.023601013570236362,0.44025233632036775,12.331063020906749,0.44025233632036775,-0.020208760102264023,0.4355321336063205,12.331063020906749,0.44025233632036775,-0.03506887884025611,-0.060832014951286345
145,29.200000000001765,-0.005108603559557994,0.2077469660716354,9.878502991907984,10.176564629348254,183.1099971760189,183.81235897916048,29.75540429650737,246.1810956434811,40.004468046533724,0.4352866174468083,-0.0007144234299927277,0.43514373276080975,12.327736948884715,0.43514373276080975,-0.00446804653372368,0.4352866174468083,12.327736948884715,0.43514373276080975,-0.03750686229133058,-0.06547276162144869
146,29.400000000001796,-0.016970431245690205,0.208417972063289,9.87881264355283,10.178485106000807,183.0952733863424,184.2731544985903,29.753011678292317,246.1620323421893,40.00137025697602,0.42446893861673096,-0.03147818550805703,0.41817330151511956,12.324456519754607,0.41817330151511956,-0.0013702569760170036,0.42446893861673096,12.324456519754607,0.41817330151511956,-0.03605839425165706,-0.06306051436794462
147,29.600000000001828,-0.01725795589576979,0.2090143308179848,9.881431141201654,10.183285681579012,183.13322955261927,184.616419985787,29.759179561480195,246.21353313892362,40.00973914481423,0.410022411571257,-0.045535329759536225,0.40091534561934977,12.321223805505777,0.40091534561934977,-0.009739144814233214,0.410022411571257,12.321223805505777,0.40091534561934977,-0.0339823709384233,-0.05928985027451148
148,29.80000000000186,-0.016415481529680035,0.20947894871182732,9.885451542812476,10.189574205460284,183.19882769343553,184.81708888326824,29.769839270022544,246.30193440127945,40.02410436431228,0.3946944207334153,-0.05097278321872789,0.38449986408966974,12.318040847989831,0.38449986408966974,-0.02410436431227936,0.3946944207334153,12.318040847989831,0.38449986408966974,-0.035163027927805394,-0.061125577452583006
149,30.00000000000189,-0.0033062843247116504,0.2094733475818775,9.88963735975345,10.195083842931743,183.25157932946516,184.61837669015958,29.778411419449508,246.37247042021383,40.03556647885123,0.38616026159583505,-0.024833409154384756,0.3811935797649581,12.314909657630958,0.3811935797649581,-0.03556647885122999,0.38616026159583505,12.314909657630958,0.3811935797649581,-0.04001690931110285,-0.06904163499185927
150,30.20000000000192,0.013986942851042176,0.20885834926087277,9.891389949053021,10.196221764359269,183.22695501542105,183.96382930512047,29.774409964415888,246.33839487157374,40.03002919665993,0.39186215403264374,0.01659184291678273,0.3951805226160003,12.3118322121561,0.3951805226160003,-0.030029196659931756,0.39186215403264374,12.3118322121561,0.3951805226160003,-0.04614544258006831,-0.0789854542342468
151,30.400000000001953,0.00846090023388457,0.20852208416484017,9.890246581360842,10.194048885527378,183.14325041881,183.61662867705058,29.76080795386458,246.22545138906963,40.01167586239968,0.3993080720199407,0.021666754149720913,0.40364142284988486,12.30881045534578,0.40364142284988486,-0.011675862399677328,0.3993080720199407,12.30881045534578,0.40364142284988486,-0.04970685850322189,-0.08521332115207372
152,30.600000000001984,-0.015928553733278072,0.20913495453621958,9.889300207637486,10.193995139252268,183.09761279684884,184.06858460244376,29.75339183287977,246.16485847350526,40.00182950377411,0.391978505881003,-0.02132818382198115,0.3877128691166068,12.305846295806367,0.3877128691166068,-0.0018295037741111742,0.391978505881003,12.305846295806367,0.3877128691166068,-0.048855234067550275,-0.0840973853172855
153,30.800000000002015,-0.017313602438687535,0.2097824793980209,9.891069668382732,10.197532370256969,183.11745491898066,184.4873288668316,29.756616180950537,246.1921503424647,40.006264436914954,0.37853225561748327,-0.04066494469781995,0.3703992666779193,12.302941605764556,0.3703992666779193,-0.006264436914953819,0.37853225561748327,12.302941605764556,0.3703992666779193,-0.0466595112844267,-0.0802195769240953
154,31.000000000002046,-0.017145051389415338,0.2102953086644036,9.894699605465785,10.20314508270069,183.17566269585598,184.75116143181074,29.766074954151552,246.2707244294874,40.01903273882444,0.3633070529957569,-0.0502641885362648,0.3532542152885039,12.300098219884834,0.3532542152885039,-0.019032738824442674,0.3633070529957569,12.300098219884834,0.3532542152885039,-0.047194392968473386,-0.08092449934434286
155,31.200000000002078,-0.013293292376509315,0.21062502501824837,9.899256614424829,10.209528058238444,183.2488049325615,184.8415500127629,29.777960579501826,246.36908740103846,40.03501673768549,0.3489603728235076,-0.04499724955756512,0.3399609229119946,12.29731793411067,0.3399609229119946,-0.03501673768548841,0.3489603728235076,12.29731793411067,0.3399609229119946,-0.051124456726565896,-0.08723462767690933
156,31.40000000000211,0.011442327799579691,0.21010855666043687,9.902306523147022,10.212597071640342,183.26410600567039,184.25149580551445,29.780447006368444,246.3887283652375,40.038208397559494,0.35050456615925213,0.004493422761610855,0.3514032507115743,12.294602504530145,0.3514032507115743,-0.03820839755949379,0.35050456615925213,12.294602504530145,0.3514032507115743,-0.05702059602440918,-0.09649409005807713
157,31.60000000000214,0.014527339848111285,0.20952465592534766,9.901854639971967,10.211063824617762,183.1976840698237,183.6878661652488,29.769653430999785,246.29866110155018,40.023572452574356,0.36025567332369274,0.02837458617996419,0.3659305905596856,12.291953646266787,0.3659305905596856,-0.023572452574356362,0.36025567332369274,12.291953646266787,0.3659305905596856,-0.06159968234740724,-0.10391791989401895
158,31.80000000000217,-0.007141439152399412,0.20979274946339796,9.900334127144728,10.209555577252292,183.13188357041392,183.8728413655473,29.7589608391531,246.21057989560052,40.00925924229433,0.3593286546703657,-0.002697516315397497,0.3587891514072862,12.289373032396247,0.3587891514072862,-0.009259242294326953,0.3593286546703657,12.289373032396247,0.3587891514072862,-0.06195322737380411,-0.10492589812521375
159,32.0000000000022,-0.016953558663768332,0.21043915452480683,9.900961075243645,10.211406034042065,183.12712497986496,184.33061871659672,29.758187567415625,246.20489460540932,40.008335381714396,0.3482709777945118,-0.03217692525497001,0.3418355927435178,12.286862292889557,0.3418355927435178,-0.00833538171439585,0.3482709777945118,12.286862292889557,0.3418355927435178,-0.060289712714389154,-0.10220442507886958
160,32.20000000000216,-0.01710124863126734,0.2109938093276869,9.903913210271961,10.215987492014838,183.1725890404206,184.66023440379098,29.765575484643833,246.26645674230272,40.018339238963435,0.3338325735436409,-0.045491147156951905,0.3247343441122505,12.284423013583606,0.3247343441122505,-0.018339238963434923,0.3338325735436409,12.284423013583606,0.3247343441122505,-0.060728971787298004,-0.10274010760134474
161,32.40000000000212,-0.014565213951941956,0.21137722701431716,9.908162086000784,10.221843278308308,183.24217773599563,184.81859854219826,29.77688365898295,246.36015215274054,40.0335647583851,0.3193337051638781,-0.04582287501784771,0.31016913016030856,12.282056735179482,0.31016913016030856,-0.03356475838509709,0.3193337051638781,12.282056735179482,0.31016913016030856,-0.0642379178758639,-0.1082655819973212
162,32.60000000000208,0.00814463945146465,0.21099255646057954,9.911310758729378,10.225239096794986,183.2694136238502,184.35217528561773,29.781309495185152,246.39601084353342,40.03939180146598,0.31868898293271686,-0.0018760666047182295,0.3183137696117732,12.279764952269344,0.3183137696117732,-0.03939180146598176,0.31868898293271686,12.279764952269344,0.3183137696117732,-0.06970030178900981,-0.11670526018397709
163,32.80000000000204,0.014509523716537576,0.21041603644372753,9.911195493598136,10.22429856674386,183.22006643679788,183.79901039464673,29.773290569270227,246.3288898422943,40.02848462785745,0.32762357111857504,0.025998611048678733,0.3328232933283108,12.2775491123924,0.3328232933283108,-0.028484627857451983,0.32762357111857504,12.2775491123924,0.3328232933283108,-0.07435678043969272,-0.12400951333432318
164,33.000000000002004,-0.00034796072177026706,0.21043758663936502,9.909541137105055,10.222254710152601,183.15146617844405,183.79054561192953,29.762143016140175,246.2367513679354,40.013512110801614,0.33069046930162976,0.008924316524553666,0.3324753326065405,12.275410615120608,0.3324753326065405,-0.01351211080161363,0.33069046930162976,12.275410615120608,0.3324753326065405,-0.07528252024962094,-0.12581706151580932
165,33.200000000001964,-0.01639518636963849,0.21105113253505786,9.909529284099508,10.223101493263735,183.13535935971356,184.2492829975592,29.75952565547911,246.21582718476944,40.01011192763696,0.3214549837213512,-0.026874187422245843,0.316080146236902,12.273350811174678,0.316080146236902,-0.010111927636963003,0.3214549837213512,12.273350811174678,0.316080146236902,-0.07380210110383377,-0.12351109735312207
166,33.400000000001924,-0.01699599135037116,0.21162185401222205,9.912092041914981,10.227027557081048,183.17576207459012,184.6170289591653,29.766091103212002,246.27065128842582,40.01902085339005,0.30759458544882395,-0.04255215281146557,0.29908415488653084,12.271371001570934,0.29908415488653084,-0.019020853390053105,0.30759458544882395,12.271371001570934,0.29908415488653084,-0.0739236867224657,-0.1235245110864824
167,33.600000000001884,-0.014513510135794286,0.21201163757300479,9.916154237694096,10.232475091934225,183.2448452107602,184.80140941987364,29.777317124065657,246.36370791533326,40.034142570384226,0.2934056080766953,-0.04417481662979367,0.28457064475073657,12.269472436799553,0.28457064475073657,-0.03414257038422619,0.2934056080766953,12.269472436799553,0.28457064475073657,-0.07706966748750027,-0.12835973293532704
168,33.800000000001845,0.008115405016717227,0.21163981630658615,9.919117529531013,10.235653096936321,183.27515818034703,184.36544014851705,29.78224298654938,246.40374567483718,40.040648712809755,0.29295076047615093,-0.0013235535434857892,0.29268604976745377,12.26765631603474,0.29268604976745377,-0.04064871280975524,0.29295076047615093,12.26765631603474,0.29268604976745377,-0.08236370189308725,-0.1363952857973132
169,34.000000000001805,0.014574852306433982,0.21107344645849496,9.918867570262519,10.234674274226787,183.23230652158614,183.83770760572418,29.775279585037335,246.3453867510351,40.031165378208584,0.30199649517976657,0.026322034470605826,0.30726090207388773,12.265923786377295,0.30726090207388773,-0.031165378208584116,0.30199649517976657,12.265923786377295,0.30726090207388773,-0.08710590595297713,-0.14369905704999156
170,34.200000000001765,0.0037832824833773622,0.21096132788371635,9.91689890149367,10.232114641916843,183.1619076672863,183.73664248592067,29.763839759773784,246.2506906406991,40.01577724489085,0.3077157256451392,0.016642294560629267,0.31104418455726507,12.264275942130084,0.31104418455726507,-0.015777244890848863,0.3077157256451392,12.264275942130084,0.31104418455726507,-0.08837439556100007,-0.14598645333870053
171,34.400000000001725,-0.01589486786638047,0.21155318986700114,9.916420747641917,10.232258463211798,183.14059496190654,184.20260128481516,29.760376441686258,246.22278617230043,40.01124276424159,0.2997722401945617,-0.023114617518385505,0.2951493166908846,12.26271382410685,0.2951493166908846,-0.011242764241586656,0.2997722401945617,12.26271382410685,0.2951493166908846,-0.0868413936464446,-0.14365352210111554
172,34.600000000001685,-0.016923525280693887,0.21213215361107038,9.918720258492403,10.23572793828959,183.18024058461077,184.59967744310745,29.766818861818113,246.27663881559968,40.01999382752878,0.28634353550427666,-0.04058872047042972,0.2782257914101907,12.26123841897482,0.2782257914101907,-0.019993827528779207,0.28634353550427666,12.26123841897482,0.2782257914101907,-0.08641417638857361,-0.14276573802995216
173,34.800000000001646,-0.014184419366763455,0.21251614506720773,9.922656469056804,10.24087556585555,183.25147308047823,184.79903379263675,29.778394153971867,246.3726049831482,40.03558834534993,0.27251809487442447,-0.04238361415498604,0.26404137204342726,12.259850658631498,0.26404137204342726,-0.03558834534992883,0.27251809487442447,12.259850658631498,0.26404137204342726,-0.08918318718163187,-0.1469004144601925
174,35.000000000001606,0.009580763633452092,0.21210530583501658,9.92534438764326,10.243680548500365,183.28278693271685,184.35219308158517,29.78348266004915,246.4139700887516,40.04231018173232,0.2732159817634371,0.0020307695672114323,0.2736221356768794,12.25855141961606,0.2736221356768794,-0.0423101817323186,0.2732159817634371,12.25855141961606,0.2736221356768794,-0.0945587532077092,-0.1549336875201462
175,35.200000000001566,0.014772404763858216,0.21154335951216555,9.924788587012893,10.242422334912058,183.24271684058547,183.85006486602538,29.776971263566402,246.35938585636003,40.033440235098745,0.2828106607566791,0.02791939842029245,0.2883945404407376,12.257341522555718,0.2883945404407376,-0.03344023509874461,0.2828106607566791,12.257341522555718,0.2883945404407376,-0.09964033550012845,-0.16268251714341064
176,35.400000000001526,0.007144955357276158,0.21133182981892193,9.922410504475021,10.239305594417436,183.17032432775548,183.68856582872618,29.765207468467736,246.26191963908533,40.01760195895333,0.29085681907618927,0.02341338360912243,0.29553949579801375,12.256221731647386,0.29553949579801375,-0.01760195895332828,0.29085681907618927,12.256221731647386,0.29553949579801375,-0.10142074262608666,-0.1657576387180967
177,35.60000000000149,-0.01529460696113612,0.21190491416194096,9.921469565291243,10.238804684575252,183.14541324185228,184.16477157806514,29.76115941296041,246.22919839736008,40.012284751855766,0.28414879980311164,-0.01951955483116996,0.28024488883687765,12.255192754175003,0.28024488883687765,-0.012284751855766274,0.28414879980311164,12.255192754175003,0.28024488883687765,-0.09970953600346971,-0.16318888835948542
178,35.80000000000145,-0.01682826109566931,0.21249133422838662,9.923502607861952,10.241863738628007,183.1856742711753,184.59102007100992,29.76770183676782,246.28392245031196,40.021177419353116,0.27116431526861057,-0.03873843763701118,0.26341662774120833,12.254255240062793,0.26341662774120833,-0.021177419353115567,0.27116431526861057,12.254255240062793,0.26341662774120833,-0.09830523485582636,-0.16071834353975306
179,36.00000000000141,-0.013531282230313421,0.21286069075902345,9.927288152222609,10.246723882701103,183.25980484371908,184.79867152326116,29.779748066852417,246.38379335744045,40.037406457990535,0.2578797150079505,-0.03997184748527782,0.24988534551089492,12.253409781464766,0.24988534551089492,-0.0374064579905351,0.2578797150079505,12.253409781464766,0.24988534551089492,-0.10058121005009339,-0.16398004163820304
180,36.20000000000137,0.011517010742805,0.21239453112514903,9.92963505543541,10.249078621321084,183.29122923289933,184.3289492532325,29.784854535200676,246.42527165761658,40.044146688509386,0.2601064489607511,0.0064795364647440845,0.2614023562536999,12.252656912390693,0.2614023562536999,-0.04414668850938597,0.2601064489607511,12.252656912390693,0.2614023562536999,-0.10642070978322263,-0.1726334705395118
181,36.40000000000133,0.015124108475316806,0.21183091666239945,9.92870372786129,10.247427439858354,183.25233643775064,183.84963038369872,29.77853444966893,246.37230339464764,40.03553933716958,0.2704858785040903,0.030202931124632126,0.2765264647290167,12.251997108368816,0.2765264647290167,-0.03553933716958113,0.2704858785040903,12.251997108368816,0.2765264647290167,-0.11244589533966017,-0.18181910114266203
182,36.60000000000129,0.010004757604344121,0.21153943500322953,9.925885402708388,10.243741800665843,183.1781090394685,183.6457298611878,29.766472485386117,246.27230800924133,40.01929007079179,0.2806284702119761,0.029513760606923456,0.2865312223333608,12.2514307861455,0.2865312223333608,-0.019290070791790015,0.2806284702119761,12.2514307861455,0.2865312223333608,-0.11540558647133688,-0.186770696460286
183,36.80000000000125,-0.014441741065308556,0.2120899931280701,9.924470633464109,10.24261667967707,183.1503411390103,184.1297135961361,29.76196019704937,246.23576212478133,40.01335135862833,0.2752307997489488,-0.015706592404482744,0.27208948126805227,12.250958303421996,0.27208948126805227,-0.013351358628327148,0.2752307997489488,12.250958303421996,0.27208948126805227,-0.11428309799594841,-0.1852114723249656
184,37.00000000000121,-0.01667589395150585,0.2126831134287589,9.926203174176493,10.245271591891006,183.19168124586102,184.58539203340376,29.768677971130387,246.29198061971593,40.022486873190715,0.2627655779097572,-0.036759952966053944,0.2554135873165464,12.250579958628522,0.2554135873165464,-0.022486873190715073,0.2627655779097572,12.250579958628522,0.2554135873165464,-0.11193684861349146,-0.18124272479762454
185,37.20000000000117,-0.01243958488016539,0.21302632910789504,9.92977584757254,10.249809206927337,183.26841811927142,184.7928496973526,29.781147725529333,246.3953513937044,40.03928464076161,0.2503152395854386,-0.036706185745288,0.242974002436381,12.250295990735758,0.242974002436381,-0.03928464076160765,0.2503152395854386,12.250295990735758,0.242974002436381,-0.11251547427247645,-0.18169834741531476
186,37.40000000000113,0.013022479062269979,0.21251729031067265,9.931769631803732,10.251716971088012,183.3002821379294,184.31127041278472,29.786325633739164,246.43740174648926,40.04611782992234,0.25390646939843414,0.010450060501084324,0.255996481498651,12.25010657910391,0.255996481498651,-0.046117829922337705,0.25390646939843414,12.25010657910391,0.255996481498651,-0.11739191910134555,-0.18866166626089154
187,37.60000000000109,0.0155604799034939,0.21194786295240814,9.930498297434067,10.249684146720558,183.26300315689588,183.85103234317415,29.780267793263373,246.38662996344294,40.037867406926885,0.2650634022149203,0.032467795936123034,0.2715569614021449,12.250011843369428,0.2715569614021449,-0.037867406926885394,0.2650634022149203,12.250011843369428,0.2715569614021449,-0.12333642822121273,-0.1976111808501557
188,37.80000000000105,0.012637906117294928,0.21158258483004388,9.92728182550325,10.245468848782787,183.18782526297008,183.60968880043004,29.768051373284013,246.28530068945628,40.02140138343803,0.2771261523282286,0.035343575956056084,0.28419486751943984,12.250011843369428,0.28419486751943984,-0.02140138343803244,0.2771261523282286,12.250011843369428,0.28419486751943984,-0.12674646021513955,-0.20323683327268613
189,38.00000000000101,-0.012777350688387699,0.2120863659057664,9.925336299385503,10.24365160337483,183.15617323130903,184.08236350115064,29.762907912995633,246.24352122199065,40.01461221318569,0.27351760646762946,-0.01050044818288659,0.27141751683105214,12.250106579103912,0.27141751683105214,-0.014612213185692724,0.27351760646762946,12.250106579103912,0.27141751683105214,-0.12622426542858617,-0.20269623709783674
190,38.20000000000097,-0.016404159974155296,0.21268510248671005,9.926645884859461,10.2457996783781,183.19690187236313,184.56904746963406,29.769526323785332,246.2989662634189,40.023622041427615,0.2618324360236304,-0.03409539583366761,0.25501335685689686,12.250295990735761,0.25501335685689686,-0.023622041427614704,0.2618324360236304,12.250295990735761,0.25501335685689686,-0.12370340138852493,-0.19850538396472928
191,38.40000000000093,-0.011084068134531383,0.21299838411521638,9.929882811772625,10.249911148494032,183.27451610640003,184.77533683199692,29.782138649428656,246.4035135912637,40.04061099919135,0.2505175836855536,-0.032941474815940675,0.24392928872236547,12.250579958628526,0.24392928872236547,-0.04061099919135103,0.2505175836855536,12.250579958628526,0.24392928872236547,-0.12320959917272085,-0.1972239529182659
192,38.60000000000089,0.013716074401045898,0.21247326491536547,9.9315466585295,10.251414390193379,183.30763264311912,184.30415311813445,29.787520092026952,246.44726188325964,40.047720103749796,0.25502319960698816,0.013110817582115963,0.25764536312341135,12.250958303422001,0.25764536312341135,-0.047720103749796294,0.25502319960698816,12.250958303422001,0.25764536312341135,-0.12740578844705014,-0.2030109802766006
193,38.80000000000085,0.01593189516820828,0.21189848933689379,9.930041390557857,10.249091834457328,183.27363940669002,183.86141317063513,29.781996185583314,246.4009294832492,40.04019108121908,0.26673858623017616,0.03419336030721726,0.2735772582916196,12.251430786145505,0.2735772582916196,-0.04019108121907777,0.26673858623017616,12.251430786145505,0.2735772582916196,-0.13355535804742477,-0.21218910027173765
194,39.00000000000081,0.014168855478846002,0.21149051294616558,9.92661441966178,10.244568522156223,183.20143302927482,183.60541532129162,29.7702626375198,246.3035682761389,40.02436986924244,0.27987518522420973,0.039354642731279366,0.2877461137704656,12.251997108368823,0.2877461137704656,-0.024369869242441666,0.27987518522420973,12.251997108368823,0.2877461137704656,-0.1377369991923924,-0.21897442913256243
195,39.20000000000077,-0.008970331741497703,0.21187621834361442,9.924112814329385,10.24196341285247,183.16420869048744,184.00686867777495,29.764213676417885,246.25419606686745,40.01634687721284,0.2791802298620602,-0.002022239165461459,0.2787757820289679,12.2526569123907,0.2787757820289679,-0.016346877212839672,0.2791802298620602,12.2526569123907,0.2787757820289679,-0.13820941738827405,-0.22004185521616224
196,39.40000000000073,-0.015806225173675564,0.21247040009818677,9.924750034035721,10.243334506471848,183.1994362038547,184.52086915113966,29.769938153064544,246.30229537017772,40.0241630218169,0.2689331301821049,-0.029817866634062884,0.26296955685529233,12.253409781464775,0.26296955685529233,-0.02416302181690355,0.2689331301821049,12.253409781464775,0.26296955685529233,-0.13592674962543064,-0.2163078831216325
197,39.60000000000069,-0.009952366151680617,0.2127696730783944,9.927473052078847,10.246859826352985,183.27496211652027,184.74269335690215,29.782211126145672,246.40406231090924,40.04070016622292,0.2588723376247468,-0.029275734605675452,0.2530171907036117,12.254255240062802,0.2530171907036117,-0.040700166222919165,0.2588723376247468,12.254255240062802,0.2530171907036117,-0.13445669855962195,-0.21349880797311444
198,39.80000000000065,0.014045374269834194,0.2122442643502333,9.928810420764993,10.247957443718043,183.3091680630541,184.29495145480604,29.787769598015892,246.44930969123516,40.048052872878586,0.26404954871330416,0.015065081300708882,0.26706256497344594,12.255192754175013,0.26706256497344594,-0.04805287287858562,0.26404954871330416,12.255192754175013,0.26706256497344594,-0.13718472072287768,-0.216924350702827
199,40.00000000000061,0.016113289727956302,0.21166866353091254,9.927145556404605,10.245394490072087,183.27916148907997,183.871998853986,29.78289352486902,246.40836151627826,40.04139878779401,0.27610922286057005,0.03533315920416086,0.2831758547014022,12.256221731647397,0.2831758547014022,-0.04139878779400874,0.27610922286057005,12.256221731647397,0.2831758547014022,-0.1424908673053894,-0.22468307681967872
200,40.20000000000057,0.014822430580459676,0.2112411746239054,9.923634294901197,10.240689565057334,183.21194693927137,183.61850302536615,29.77197114960275,246.31770781348314,40.02666754635856,0.28971960206469527,0.041393416085833135,0.2979982852818619,12.25734152255573,0.2979982852818619,-0.026667546358559946,0.28971960206469527,12.25734152255573,0.2979982852818619,-0.1466227988197576,-0.23129575803560132
201,40.40000000000053,-0.004438666661997148,0.2114842841217959,9.920656588770102,10.237347076149781,183.16982704401804,183.92614755229522,29.76512665977959,246.2616170298132,40.01755278489743,0.29214695547544334,0.007063315722107,0.29355961861986474,12.258551419616074,0.29355961861986474,-0.017552784897432616,0.29214695547544334,12.258551419616074,0.29355961861986474,-0.14748771438046013,-0.23296141951462632
202,40.60000000000049,-0.015076210066695512,0.21206861084506368,9.920575421046909,10.237902368285482,183.19859447355734,184.4634231952404,29.76980137175444,246.3010764868049,40.02396495307075,0.283509946559414,-0.02513269003122376,0.2784834085531692,12.259850658631512,0.2784834085531692,-0.023964953070752415,0.283509946559414,12.259850658631512,0.2784834085531692,-0.1454946371599498,-0.22975902481709343
203,40.80000000000045,-0.009492771126560193,0.21237675243848086,9.92279627142332,10.240901453130657,183.27279520393895,184.71916608158656,29.781859002499083,246.40111612230473,40.04022141009593,0.27433199275664305,-0.02670677665017024,0.268990637426609,12.261238418974836,0.268990637426609,-0.040221410095931276,0.27433199275664305,12.261238418974836,0.268990637426609,-0.14381456982197166,-0.22667365513804755
204,41.00000000000041,0.014287345341408512,0.2118512406908319,9.92390202444532,10.241682993134548,183.3093664862218,184.2923742589996,29.787801841812886,246.44957227473228,40.04809554273954,0.27998693696186916,0.016455229030741814,0.2832779827680175,12.262713824106866,0.2832779827680175,-0.048095542739538644,0.27998693696186916,12.262713824106866,0.2832779827680175,-0.145857524078273,-0.2290210115857434
205,41.20000000000037,0.016291754810505234,0.21126977447927822,9.92215406400612,10.23892256899732,183.28374468369736,183.88293753839727,29.783638294739117,246.4145332875098,40.04240170162205,0.2923157616809584,0.03626987948782162,0.29956973757852273,12.264275942130102,0.29956973757852273,-0.04240170162204748,0.2923157616809584,12.264275942130102,0.29956973757852273,-0.15067518132198116,-0.23593769797332842
206,41.40000000000033,0.015407050615786311,0.21082100173902837,9.918611919893426,10.23404754161493,183.2213125863679,183.62908169124256,29.773493068777853,246.33030149443414,40.02871402155957,0.30632374306169075,0.04326522566309138,0.314976788194309,12.265923786377314,0.314976788194309,-0.0287140215595727,0.30632374306169075,12.265923786377314,0.314976788194309,-0.15476754020501213,-0.2423956527703453
207,41.60000000000029,0.0007067363742797779,0.21089898361939136,9.915148196387818,10.229873529609721,183.17217547204842,183.82387606136308,29.765508279716148,246.26461366008803,40.018039737804045,0.3122402533783041,0.017216355951423512,0.3156835245685888,12.26765631603476,0.3156835245685888,-0.01803973780404533,0.3122402533783041,12.26765631603476,0.3156835245685888,-0.15582498880185125,-0.24433428640424923
208,41.80000000000025,-0.01440397515239717,0.21147885287490617,9.914261313920585,10.229517879068506,183.19229793723224,184.39029324636223,29.768778183578423,246.29250814009382,40.02257259533784,0.3053117670646663,-0.020161088242373337,0.3012795494161916,12.269472436799575,0.3012795494161916,-0.022572595337841506,0.3053117670646663,12.269472436799575,0.3012795494161916,-0.15376898554264684,-0.24111371988821306
209,42.00000000000021,-0.010398978266486905,0.21184356287118933,9.91603206834577,10.232129630521591,183.26713317643734,184.71829328799717,29.780938922109993,246.39351112644965,40.038985597033665,0.29618951143839845,-0.0265447014434686,0.2908805711497047,12.271371001570955,0.2908805711497047,-0.03898559703366544,0.29618951143839845,12.271371001570955,0.2908805711497047,-0.15170256565908047,-0.2374984963938303
210,42.20000000000017,0.014370995647366823,0.21131969981168008,9.917092379127537,10.232798010114182,183.30918977698155,184.30892901448993,29.78777312653263,246.44936061087515,40.04806114732836,0.30191782293581926,0.01666871930626146,0.30525156679707155,12.2733508111747,0.30525156679707155,-0.04806114732836164,0.30191782293581926,12.2733508111747,0.30525156679707155,-0.1532352183096089,-0.23906254015884656
211,42.400000000000134,0.01648035238876408,0.21072348335920146,9.915394820876228,10.229949445074842,183.28936082149687,183.90180926517638,29.78455091804416,246.42210446112463,40.04363201856477,0.31438124190740563,0.036753386392150145,0.32173191918583566,12.27541061512063,0.32173191918583566,-0.04363201856477161,0.31438124190740563,12.27541061512063,0.32173191918583566,-0.1578156197116388,-0.24551932064634913
212,42.600000000000094,0.01597440587710867,0.21024781853172636,9.911899600644734,10.224941903570915,183.2317899435932,183.64051647512588,29.77519564102954,246.34438943332967,40.031003313919385,0.3287177169612394,0.044943040508524656,0.33770632506294435,12.277549112392425,0.33770632506294435,-0.031003313919384823,0.3287177169612394,12.277549112392425,0.33770632506294435,-0.1619849724384849,-0.2519971715109861
213,42.800000000000054,0.0064348151302281225,0.21013496938017773,9.907976610233085,10.219838999979611,183.17326443444344,183.6998835919884,29.765685236282295,246.26588554270896,40.01824641893663,0.33846717987359193,0.02836980159790281,0.3441411401931725,12.27976495226937,0.3441411401931725,-0.01824641893662715,0.33846717987359193,12.27976495226937,0.3441411401931725,-0.1632292343085223,-0.25419906878910725
214,43.000000000000014,-0.013652676602939801,0.210711000649414,9.906195557945951,10.21844606578051,183.18180568310714,184.2973315301168,29.767073190578103,246.27827476796253,40.02025967005358,0.3334236692778547,-0.014676028438110056,0.3304884635902327,12.282056735179507,0.3304884635902327,-0.020259670053583534,0.3334236692778547,12.282056735179507,0.3304884635902327,-0.16095126085197384,-0.2507306835064469
215,43.199999999999974,-0.012060766859858432,0.2111636150903324,9.907485775675118,10.220707877277182,183.25724960988785,184.7234940758241,29.779332840939617,246.38024628579325,40.03683005827146,0.3239444067310281,-0.027583550003268953,0.3184276967303743,12.284423013583632,0.3184276967303743,-0.03683005827146246,0.3239444067310281,12.284423013583632,0.3184276967303743,-0.1583153842188596,-0.24632058117069988
216,43.399999999999935,0.01342675107693321,0.21067337614214565,9.908657006608887,10.221483357308818,183.30802570652682,184.35384802592026,29.787583964894573,246.44786666082754,40.047818380202855,0.3289445063164887,0.014549707454094007,0.3318544478073075,12.286862292889584,0.3318544478073075,-0.04781838020285534,0.3289445063164887,12.286862292889584,0.3318544478073075,-0.15925239842942604,-0.24699854580524347
217,43.599999999999895,0.016647053789435432,0.2100560793212799,9.907196841891164,10.218733185690395,183.29661635843155,183.9382903682012,29.785729943975074,246.43190434782642,40.0452245017463,0.3412582193667116,0.036216411150156724,0.3485015015967429,12.289373032396274,0.3485015015967429,-0.04522450174629711,0.3412582193667116,12.289373032396274,0.3485015015967429,-0.16363382245824887,-0.25304183005514885
218,43.799999999999855,0.016499181769908784,0.2095463346510147,9.903866276847618,10.21368353947933,183.2447702651636,183.65975255127302,29.77730494539403,246.36185062557624,40.0338407604969,0.35579472310259186,0.04602980132029921,0.3650006833666517,12.291953646266814,0.3650006833666517,-0.03384076049690066,0.35579472310259186,12.291953646266814,0.3650006833666517,-0.16795390933640056,-0.25962978003325504
219,43.999999999999815,0.012106297551823079,0.20923728327074853,9.899666294775484,10.207746572912404,183.1777414068937,183.57463512417522,29.76641274503297,246.27170541748728,40.019192149533836,0.36909736660893405,0.04004807154770362,0.3771069809184748,12.294602504530172,0.3771069809184748,-0.0191921495338363,0.36909736660893405,12.294602504530172,0.3771069809184748,-0.16943228809012126,-0.26216244826201207
220,44.199999999999775,-0.011338483242418014,0.2097521461418445,9.896903690173236,10.205062304353824,183.1693444806336,184.156075612345,29.765048243151206,246.26132299676527,40.01750500447936,0.36699312011883084,-0.0061231122138705185,0.36576849767605674,12.297317934110694,0.36576849767605674,-0.017505004479360764,0.36699312011883084,12.297317934110694,0.36576849767605674,-0.16697131538600177,-0.2585195865706723
221,44.399999999999736,-0.013348435415533468,0.21028932654551596,9.897433106509844,10.20665239051921,183.23877966524165,184.68242178816553,29.776331471933243,246.35537942853605,40.0327891899263,0.3577811906416593,-0.0268056419056803,0.35242006226052325,12.300098219884859,0.35242006226052325,-0.03278918992629798,0.3577811906416593,12.300098219884859,0.35242006226052325,-0.1636691324509538,-0.2531912497646673
222,44.599999999999696,0.010619500488313076,0.2099033411681529,9.898656025329437,10.207581489757485,183.29819885810767,184.4118893719787,29.785987100429598,246.43475946093162,40.04568845808985,0.3611051157565538,0.009672234961412562,0.3630395627488363,12.30294160576458,0.3630395627488363,-0.04568845808984889,0.3611051157565538,12.30294160576458,0.3630395627488363,-0.16374182406643353,-0.2526412203160106
223,44.799999999999656,0.016717063717185492,0.20926927154837585,9.897592159194947,10.205110032435776,183.29757161228258,183.98619571528596,29.785885172881095,246.43326120178756,40.04544499073547,0.37287953968318516,0.034385433914183305,0.3797566264660218,12.305846295806392,0.3797566264660218,-0.04544499073546859,0.37287953968318516,12.305846295806392,0.3797566264660218,-0.16767019013043,-0.2579208977756224
224,44.999999999999616,0.016809643935173976,0.20872363933846605,9.894551593753226,10.200132658166142,183.25259578354547,183.68448825021073,29.778576593402732,246.3723978752945,40.03555469029005,0.3873894991200885,0.04588385640553638,0.3965662704011958,12.308810455345805,0.3965662704011958,-0.03555469029004854,0.3873894991200885,12.308810455345805,0.3965662704011958,-0.17197555805776868,-0.2643396241970507
225,45.19999999999958,0.014842067232309806,0.20831279866917718,9.890450830679322,10.19390229387528,183.18572953566166,183.52505358980443,29.76771081725584,246.28235699311463,40.02092303230416,0.4020553559645241,0.046764908344907596,0.4114083376335056,12.311832212156123,0.4114083376335056,-0.020923032304160927,0.4020553559645241,12.311832212156123,0.4114083376335056,-0.1735456228992997,-0.2669531876169174
226,45.39999999999954,-0.005703658817109079,0.2086350010441509,9.886964917083905,10.189906271615893,183.15914934531028,183.97293442241946,29.763391532004455,246.2473502097761,40.01523442432304,0.40436216796497987,0.006712554257083114,0.4057046788163965,12.31490965763098,0.4057046788163965,-0.01523442432304023,0.40436216796497987,12.31490965763098,0.4057046788163965,-0.1710293714133316,-0.26328086592542804
227,45.5999999999995,-0.013361864613389653,0.20920982844350075,9.886426130704075,10.190338027508735,183.21286408871012,184.56581675664646,29.772120186535584,246.32039747385568,40.02710461660617,0.3967644873482549,-0.02210836572624053,0.3923428142030068,12.318040847989852,0.3923428142030068,-0.027104616606166587,0.3967644873482549,12.318040847989852,0.3923428142030068,-0.16709861087595895,-0.25710418480556857
228,45.79999999999946,0.005011715470446851,0.2090388343129374,9.887502412945388,10.191428547340779,183.27997924028716,184.49053896585474,29.783026409573075,246.41041298809762,40.04173215229802,0.3971374652325895,0.0010853222043208377,0.3973545296734537,12.321223805505799,0.3973545296734537,-0.04173215229801741,0.3971374652325895,12.321223805505799,0.3973545296734537,-0.16602337374574033,-0.2549516267414248
229,45.99999999999942,0.0166763423196425,0.20839816264545152,9.887029678807338,10.189509077341667,183.29405131304853,184.0562948448766,29.785313123683512,246.42864207453079,40.044694381805634,0.40781613495448643,0.03107368519304876,0.4140308719930962,12.324456519754628,0.4140308719930962,-0.04469438180563401,0.40781613495448643,12.324456519754628,0.4140308719930962,-0.16916641687109907,-0.2590177805134218
230,46.19999999999938,0.017009647333038926,0.20780953855312215,9.884427014232001,10.184762437491958,183.2577758208635,183.7197256550313,29.779418350308667,246.3794086758452,40.036693946518795,0.42210360728007496,0.044684560230300874,0.43104051932613513,12.327736948884734,0.43104051932613513,-0.03669394651879543,0.42210360728007496,12.327736948884734,0.43104051932613513,-0.17331969449548756,-0.26503421423741
231,46.39999999999934,0.016197741062836234,0.20733405830691454,9.880574637859077,10.17845598154609,183.19387982313876,183.51191891943486,29.769035240295292,246.29328228569096,40.022698394123175,0.4372677141415914,0.04985273123689987,0.44723826038897135,12.331063020906766,0.44723826038897135,-0.022698394123175092,0.4372677141415914,12.331063020906766,0.44723826038897135,-0.17494420245807366,-0.26764859525564616
232,46.5999999999993,0.0022200069235008496,0.20737235089159559,9.876565828919025,10.173038536899668,183.1460898254662,183.74393479084054,29.761269357907615,246.2294604552851,40.01232733631117,0.4449736134243453,0.022423269440634275,0.4494582673124722,12.334432635002349,0.4494582673124722,-0.012327336311166448,0.4449736134243453,12.334432635002349,0.4494582673124722,-0.17246496430911532,-0.264066074242011
233,46.79999999999926,-0.013552241100032886,0.20799001781827767,9.874804043969823,10.172057122688296,183.1783378191782,184.41095782640653,29.766509662126122,246.27379318694582,40.01953141241011,0.4392418051287675,-0.016678894581640957,0.4359060262124393,12.337843662850995,0.4359060262124393,-0.01953141241011025,0.4392418051287675,12.337843662850995,0.4359060262124393,-0.16786059096240621,-0.25698752075428505
234,46.99999999999922,-0.004654704162159517,0.2081947222275149,9.87574498016708,10.173813278457445,183.26100139567708,184.6638316181939,29.779942506740035,246.3851936883357,40.037634011988565,0.4341908564999181,-0.01469767224819174,0.4312513220502798,12.341293949974407,0.4312513220502798,-0.03763401198856542,0.4341908564999181,12.341293949974407,0.4312513220502798,-0.16537837803469096,-0.2528555869924915
235,47.19999999999918,0.016524094809668634,0.2075469554886469,9.87634640363383,10.173146044211935,183.3013347093338,184.2054120909561,29.786496676763417,246.4386531346672,40.0463211807046,0.44277793638608237,0.02498740236933028,0.4477754168599484,12.344781317097285,0.4477754168599484,-0.04632118070460223,0.44277793638608237,12.344781317097285,0.4477754168599484,-0.16760612105880288,-0.25550841554171627
236,47.39999999999914,0.01725140826455848,0.20689117116083788,9.874486989874093,10.169007300037734,183.2794774464579,183.80295517911867,29.782944867994274,246.40868031834475,40.041450593181615,0.4565757507856136,0.042255371694466526,0.4650268251245069,12.348303561523808,0.4650268251245069,-0.04145059318161515,0.4565757507856136,12.348303561523808,0.4650268251245069,-0.1719161255121535,-0.2615032762400688
237,47.5999999999991,0.01714825446480454,0.2063499000017601,9.871037680244063,10.162830118384187,183.22111095933352,183.5391455881398,29.773460304352003,246.32989330949147,40.02864769144006,0.47193537137371017,0.051198541078006365,0.48217507958931144,12.351858458528904,0.48217507958931144,-0.028647691440056633,0.47193537137371017,12.351858458528904,0.48217507958931144,-0.1741688714074087,-0.2649607905130111
238,47.79999999999906,0.013810520912392037,0.20596783449755665,9.86675550586595,10.155778228011162,183.14715886568283,183.4329654268331,29.761443077116535,246.23041853246147,40.01248302400801,0.4866159158430957,0.04684842329303884,0.4959856005017035,12.355443762763429,0.4959856005017035,-0.012483024008012933,0.4866159158430957,12.355443762763429,0.4959856005017035,-0.172415056260444,-0.2625502955564386
239,47.99999999999902,-0.010520686808898129,0.2064978812771649,9.86322102639025,10.152176272441833,183.1349947462321,184.07789165685048,29.759466405729125,246.21507433763696,40.0099895898556,0.48588834372064627,-0.0021171501392044934,0.48546491369280537,12.359057209672384,0.48546491369280537,-0.009989589855599945,0.48588834372064627,12.359057209672384,0.48546491369280537,-0.16765205483215292,-0.25543632578232406
240,48.19999999999898,-0.013472645872953144,0.20709798653207157,9.863056077286029,10.153525029376814,183.21263792495722,184.69704422598045,29.772083434888984,246.32029629168292,40.02708817448665,0.47710434845677197,-0.02556040318459879,0.4719922678198522,12.362696516925254,0.4719922678198522,-0.02708817448665002,0.47710434845677197,12.362696516925254,0.4719922678198522,-0.16363648637701744,-0.2491544861946423
241,48.39999999999894,0.012289926670173246,0.20662283547630583,9.864352952715075,10.154111994575318,183.27796093691515,184.37184058681552,29.78269843494715,246.40752080017128,40.04126217129001,0.4816416125024666,0.013202909937794216,0.48428219449002546,12.366359385857574,0.48428219449002546,-0.04126217129000764,0.4816416125024666,12.366359385857574,0.48428219449002546,-0.16403308229769484,-0.2492386118202603
242,48.5999999999989,0.017235138014773773,0.2059196159308363,9.863481611544389,10.150985790294467,183.2766458096591,183.9104680735669,29.78248472655433,246.4050436722098,40.040859637593734,0.4941406673534483,0.03688332575675468,0.5015173325047992,12.37004350292282,0.5015173325047992,-0.040859637593733567,0.4941406673534483,12.37004350292282,0.5015173325047992,-0.16760537814734092,-0.2539804890987753
243,48.79999999999886,0.017273479212092508,0.20532285599307834,9.860650926080007,10.145261912370138,183.22844602179538,183.59081976159496,29.774652253194002,246.33982331708935,40.03026131928834,0.5090933030955739,0.04848754310658954,0.5187908117168918,12.373746541153688,0.5187908117168918,-0.030261319288342747,0.5090933030955739,12.373746541153688,0.5187908117168918,-0.1699404538458218,-0.2573594260033715
244,48.99999999999882,0.0160090311324689,0.20484649937454183,9.856727284692928,10.138197315680832,183.1560298996222,183.4027311604527,29.76288462157323,246.242285576123,40.01441142053141,0.5244970883259328,0.05151377261713941,0.5347998428493607,12.377466161631865,0.5347998428493607,-0.014411420531409647,0.5244970883259328,12.377466161631865,0.5347998428493607,-0.16849410633709427,-0.25536740784185386
245,49.19999999999878,-0.003387110223498255,0.2051043081659243,9.852738287682406,10.133144086654527,183.11942650904024,183.83599069963896,29.756936564655604,246.19379563745912,40.006531797618905,0.5288686092654341,0.012720616802141538,0.5314127326258624,12.381200014965332,0.5314127326258624,-0.006531797618904989,0.5288686092654341,12.381200014965332,0.5314127326258624,-0.16393363517980888,-0.24863058340022803
246,49.39999999999874,-0.013983969681356455,0.2057622211778683,9.85139598922815,10.133130651460466,183.17384197110482,184.5375327842916,29.765779086083622,246.26795098996743,40.01858205445176,0.5216372472161852,-0.021042421358395957,0.517428762944506,12.384945742772295,0.517428762944506,-0.01858205445176253,0.5216372472161852,12.384945742772295,0.517428762944506,-0.15926268048704828,-0.24145660259959956
247,49.5999999999987,0.003650923377200424,0.20563805041915076,9.852475528814212,10.134336001347773,183.2512891978307,184.5160785715419,29.77836427301176,246.37192463085668,40.035477787992,0.5212848015119889,-0.001025575951412172,0.5210796863217064,12.388700979170787,0.5210796863217064,-0.03547778799200074,0.5212848015119889,12.388700979170787,0.5210796863217064,-0.15814026626213265,-0.2394302091780375
248,49.79999999999866,0.017083167223881923,0.2049286020777327,9.852541769089465,10.132332171223462,183.2712788512953,184.02759105400187,29.781612594948083,246.39801715146874,40.0397178268315,0.5319537651953328,0.03104544175127788,0.5381628535455883,12.39246335227301,0.5381628535455883,-0.039717826831498826,0.5319537651953328,12.39246335227301,0.5381628535455883,-0.16086355440681122,-0.2429178192156286
249,49.99999999999862,0.017338999216692262,0.20427683634866553,9.85037312691422,10.12716183973763,183.23383544974496,183.6475564439899,29.775528036111595,246.34714833707537,40.031451636226386,0.5463976553436442,0.0455209870931822,0.5555018527622806,12.396230485683475,0.5555018527622806,-0.031451636226385915,0.5463976553436442,12.396230485683475,0.5555018527622806,-0.16334760776741922,-0.24634686551436005
250,50.19999999999858,0.016860531117940503,0.20374419616319903,9.846827080509723,10.120234486559774,183.16437518158972,183.40557696766618,29.76424073124906,246.25349713978272,40.016233301448,0.5619061530300701,0.05228115425075508,0.5723623838802211,12.399999999999974,0.5723623838802211,-0.01623330144799695,0.5619061530300701,12.399999999999974,0.5723623838802211,-0.16226164823601347,-0.24484007335290414
251,50.39999999999854,0.005215197622485717,0.20366944284612062,9.842624865155365,10.113724253184698,183.10193670645964,183.56785707815033,29.75409446889416,246.16989623145784,40.00264814026004,0.5718123851537676,0.02882598174469564,0.5775775815027068,12.403769514316474,0.5775775815027068,-0.002648140260042453,0.5718123851537676,12.403769514316474,0.5775775815027068,-0.15791161093484,-0.23847450417683122
252,50.5999999999985,-0.014702201340810206,0.20438952964510793,9.840065549996783,10.112228077810055,183.12958035305772,184.35605967921256,29.758586565958446,246.2082319422314,40.008877699490306,0.566163120564091,-0.016438702010972417,0.5628753801618965,12.407536647726939,0.5628753801618965,-0.008877699490305702,0.566163120564091,12.407536647726939,0.5628753801618965,-0.15250116348916445,-0.23027772851588538
253,50.79999999999846,-0.009183683194029376,0.20479354502211325,9.840889016697306,10.114741714470004,183.23026741075154,184.78658552842674,29.774948229195356,246.34410988943776,40.030957887991526,0.5582796773111118,-0.02293990171622351,0.5536916969678671,12.411299020829162,0.5536916969678671,-0.030957887991526434,0.5582796773111118,12.411299020829162,0.5536916969678671,-0.14969275295558993,-0.22585260563006956
254,50.99999999999842,0.016834028503905012,0.2040751957323878,9.842433791510368,10.11474926683048,183.286521434628,184.24972146900927,29.78408951721657,246.41882922055157,40.043099791439424,0.5660206561178174,0.022525346769773913,0.5705257254717722,12.415054257227654,0.5705257254717722,-0.043099791439423996,0.5660206561178174,12.415054257227654,0.5705257254717722,-0.15177158035532082,-0.2283948994410494
255,51.19999999999838,0.017411817947154514,0.20334233883878686,9.84126310323012,10.110614019405103,183.26738810828908,183.77398990186944,29.780980348577327,246.39240123859034,40.03880524007617,0.5796456742754298,0.04145934571748444,0.5879375434189267,12.418799985034617,0.5879375434189267,-0.038805240076172254,0.5796456742754298,12.418799985034617,0.5879375434189267,-0.15520142906473916,-0.2329629237182175
256,51.39999999999834,0.01739521272163895,0.20274747260071638,9.838239644257806,10.104073733634577,183.20418465076716,183.4652492554666,29.77070977645944,246.30704933917545,40.02493554255155,0.5950414439918724,0.05145656074346583,0.6053327561405656,12.422533838368084,0.6053327561405656,-0.02493554255155317,0.5950414439918724,12.422533838368084,0.6053327561405656,-0.15544223104999155,-0.23335796007915946
257,51.5999999999983,0.016201157399172102,0.20226640703309148,9.83423853030814,10.096357335630763,183.1192028722033,183.27952830201232,29.75690022363326,246.1926409021474,40.00634415294311,0.6107565457606381,0.053886838895497724,0.6215339135397376,12.426253458846261,0.6215339135397376,-0.006344152943107417,0.6107565457606381,12.426253458846261,0.6215339135397376,-0.1522009568125394,-0.22878139254889904
258,51.79999999999826,-0.00781532293791954,0.20271323651399378,9.830081189133638,10.091569270321555,183.08618020317041,183.8811094763066,29.751534034549227,246.1492181702714,39.99928795195706,0.6126289152009075,0.005448377004553251,0.6137185906018181,12.42995649707713,0.6137185906018181,0.000712048042942115,0.6126289152009075,12.42995649707713,0.6137185906018181,-0.14693006430659092,-0.2210053227882611
259,51.999999999998224,-0.015214032814296313,0.20344043085865945,9.82903427477835,10.092479383905985,183.15617955859815,184.6335042957259,29.76290894118114,246.24438006057008,40.014751774594416,0.6037006184997245,-0.02598030356101344,0.5985045577875218,12.433640614142377,0.5985045577875218,-0.014751774594415679,0.6037006184997245,12.433640614142377,0.5985045577875218,-0.14240940140757116,-0.21409476108029254
260,52.199999999998184,0.006796054206745956,0.2031648665334954,9.83056526080537,10.093860791913691,183.2354930423302,184.46681774240722,29.775797395176056,246.35063666508887,40.03201849009543,0.6047120072816103,0.0029430235632871282,0.6053006119942678,12.437303483074697,0.6053006119942678,-0.03201849009543167,0.6047120072816103,12.437303483074697,0.6053006119942678,-0.14197649915100727,-0.21320668609240842
261,52.399999999998144,0.017240749378414355,0.20241089274260635,9.830687893238986,10.091445103583743,183.24586715767532,183.9338241849435,29.77748319060543,246.3637473672005,40.03414898131906,0.6159807375648404,0.03280311903920863,0.6225413613726821,12.440942790327567,0.6225413613726821,-0.03414898131906341,0.6159807375648404,12.440942790327567,0.6225413613726821,-0.14426349448008263,-0.2161093832156226
262,52.599999999998104,0.0173540335932836,0.2017503676083537,9.828530321355169,10.08582354019117,183.19737493109403,183.5423527935053,29.76960319590598,246.29802341278398,40.02346882804623,0.6305978478687444,0.04648773548610652,0.6398953949659657,12.444556237236522,0.6398953949659657,-0.02346882804622652,0.6305978478687444,12.444556237236522,0.6398953949659657,-0.14457574824365868,-0.21638134149417568
263,52.799999999998064,0.016449438914173147,0.20122691102278975,9.824994466192253,10.078510792202083,183.1174697786979,183.30454234627732,29.756618595657006,246.19035206013766,40.005972215744585,0.6460182945986586,0.051632696407401535,0.6563448338801389,12.448141541471047,0.6563448338801389,-0.00597221574458473,0.6460182945986586,12.448141541471047,0.6563448338801389,-0.14149081203782027,-0.2119374154854512
264,52.999999999998025,-0.004027379922634539,0.20152267233826945,9.820939821322723,10.0733212293795,183.07486335266034,183.77345280166332,29.749695044502353,246.13385526992303,39.99679147815397,0.6500001227326955,0.011586656124044081,0.6523174539575043,12.451696438476144,0.6523174539575043,0.003208521846026713,0.6500001227326955,12.451696438476144,0.6523174539575043,-0.1361333798407063,-0.20404286048727444
265,53.199999999997985,-0.01525275788131905,0.20226205342592252,9.81944067255429,10.073675511432919,183.13227193928054,184.54558715331268,29.759023949157037,246.21213886512348,40.009512575095144,0.6418233736059521,-0.02379338764883443,0.6370646960761852,12.455218682902668,0.6370646960761852,-0.009512575095143916,0.6418233736059521,12.455218682902668,0.6370646960761852,-0.131027021504269,-0.1962902180600594
266,53.399999999997945,0.001621163943477509,0.20220208283736202,9.820824455490717,10.075590608022523,183.21845408820624,184.55910969796454,29.77302856236208,246.32789665802414,40.02832323525216,0.6398400867644681,-0.005771133724026822,0.6386858600196628,12.458706050025546,0.6386858600196628,-0.028323235252159407,0.6398400867644681,12.458706050025546,0.6386858600196628,-0.12960270799684884,-0.19400812661825598
267,53.599999999997905,0.017155405468450322,0.20144297039638562,9.821542851245134,10.073963866903549,183.24027217529084,183.99779323178598,29.77657400505877,246.35633261544157,40.03294408295334,0.6499547608011053,0.029432523435038993,0.6558412654881131,12.462156337148958,0.6558412654881131,-0.0329440829533425,0.6499547608011053,12.462156337148958,0.6558412654881131,-0.13165960890843553,-0.19662588880407983
268,53.799999999997866,0.01737659764173822,0.20075021369747292,9.81978050573953,10.068709656302381,183.19527872063028,183.56116053091725,29.769262561364986,246.29523741573922,40.02301610307373,0.6642610528218853,0.044784051539830116,0.6732178631298513,12.465567364997606,0.6732178631298513,-0.023016103073729255,0.6642610528218853,12.465567364997606,0.6732178631298513,-0.1326056496776311,-0.197793782073515
269,53.999999999997826,0.016803293960449814,0.20020048235169682,9.816447407165013,10.06149761918512,183.1137628953608,183.28876573146027,29.756016226512358,246.18534982875917,40.00515935233272,0.6796869035227613,0.05167126783769904,0.6900211570903011,12.468936979093188,0.6900211570903011,-0.00515935233271847,0.6796869035227613,12.468936979093188,0.6900211570903011,-0.12998851862232663,-0.19405057222865738
270,54.199999999997786,-0.0009502158769402723,0.20037470778811112,9.812358465928432,10.055776712529646,183.05798676386607,183.65057848177437,29.746952596080835,246.11100259744123,39.99307791516212,0.6856187466717709,0.017260972707949795,0.6890709412133609,12.472263051115222,0.6890709412133609,0.0069220848378819255,0.6856187466717709,12.472263051115222,0.6890709412133609,-0.1245987291515364,-0.18614356633407425
271,54.399999999997746,-0.015797386807807862,0.20115058163877952,9.810412256167325,10.055636251407973,183.1026993018071,184.46126480369247,29.754218390762045,246.17229557779442,40.00303803442963,0.6778150968376563,-0.022707712160516258,0.673273554405553,12.475543480245328,0.673273554405553,-0.003038034429629022,0.6778150968376563,12.475543480245328,0.673273554405553,-0.1188295776847937,-0.17742036006273879
272,54.599999999997706,-0.006551798642299056,0.20142720715778506,9.811730151195723,10.058708956690328,183.20589232533618,184.7542240696824,29.770987273854402,246.31132722863924,40.02563070028458,0.6708027678784768,-0.02040506057611413,0.666721755763254,12.47877619449416,0.666721755763254,-0.025630700284580143,0.6708027678784768,12.47877619449416,0.666721755763254,-0.11624395987778362,-0.17348828812402958
273,54.79999999999767,0.017100677508049195,0.2006524766625156,9.813465205102093,10.058535824614392,183.2502207986572,184.1406906284303,29.778190657972456,246.3699131507728,40.0351509221515,0.679032766042295,0.023948336145040994,0.6838224332713032,12.481959152010104,0.6838224332713032,-0.03515092215150162,0.679032766042295,12.481959152010104,0.6838224332713032,-0.11830076234289676,-0.17614896091871232
274,54.99999999999763,0.017425229459956584,0.19990724867765988,9.81234512583914,10.054005011095187,183.21416846222115,183.63155814060565,29.772332147443088,246.3207129925293,40.027155888441904,0.6928129544505301,0.042173541403648374,0.7012476627312598,12.485090342368977,0.7012476627312598,-0.02715588844190364,0.6928129544505301,12.485090342368977,0.7012476627312598,-0.12064620216833233,-0.1792728628669906
275,55.19999999999759,0.017302112355000062,0.19931634776033694,9.809327799435673,10.047057609122964,183.13297570931738,183.3057020108806,29.759138311902387,246.21117685933967,40.00935624899895,0.7082292136709181,0.051602807076708834,0.7185497750862598,12.488167787843835,0.7185497750862598,-0.009356248998948047,0.7082292136709181,12.488167787843835,0.7185497750862598,-0.11913592562772787,-0.17717723815765823
276,55.39999999999755,0.010457407604684324,0.1990384017073162,9.80518026492143,10.039500840200965,183.03944156496266,183.2765277309309,29.74393899824543,246.08552300501762,39.98893747725284,0.7212391510146108,0.038840158381666656,0.7290071826909441,12.491189544654155,0.7290071826909441,0.01106252274716013,0.7212391510146108,12.491189544654155,0.7290071826909441,-0.11401751782858786,-0.1697842518165274
277,55.59999999999751,-0.016503504205193656,0.1998752938111233,9.801706307605546,10.037242960462155,183.0406740356937,184.17592649226637,29.744139274939503,246.08856143542533,39.98943122268784,0.7157172792380739,-0.016068003761617322,0.7125036784857505,12.49415370419357,0.7125036784857505,0.010568777312158772,0.7157172792380739,12.49415370419357,0.7125036784857505,-0.10703005589403437,-0.15928162863077233
278,55.79999999999747,-0.01652005533524958,0.2006135551921489,9.802218126159312,10.040843406016668,183.14822198150642,184.87584615984204,29.761615833610627,246.23406768319703,40.01307601159553,0.7033005207571236,-0.03658448803311343,0.6959836231505009,12.497058394235381,0.6959836231505009,-0.013076011595529735,0.7033005207571236,12.497058394235381,0.6959836231505009,-0.10180732391928334,-0.15143833488032926
279,55.99999999999743,0.013430916427325662,0.19999427176066026,9.804897009829826,10.04269057730223,183.2242749729367,184.35510655874955,29.773974457076672,246.33540088641968,40.02954267358587,0.7071653177507283,0.011246109135490956,0.7094145395778265,12.499901780115103,0.7094145395778265,-0.029542673585872592,0.7071653177507283,12.499901780115103,0.7094145395778265,-0.10195505806305952,-0.15155693239783263
280,56.19999999999739,0.017381437104781596,0.19919362827253173,9.804864836686754,10.039597994314478,183.2092638842937,183.7553491342969,29.77153515273288,246.31431764197745,40.02611664293798,0.7195221693953555,0.03636903643626288,0.7267959766826081,12.50268206588927,0.7267959766826081,-0.02611664293797844,0.7195221693953555,12.50268206588927,0.7267959766826081,-0.10486334696526325,-0.15546754914388716
281,56.39999999999735,0.017325502399511524,0.1985531448192931,9.80244924437258,10.033358056745643,183.13553064622698,183.35803945462789,29.759553489565373,246.214688467127,40.00992688583502,0.7344522288325651,0.048346251247772254,0.7441214790821196,12.505397495469794,0.7441214790821196,-0.009926885835021437,0.7344522288325651,12.505397495469794,0.7441214790821196,-0.10471871100634964,-0.15527324283415284
282,56.59999999999731,0.01307571315574714,0.19816377052184608,9.798629556178996,10.02585857971566,183.03746243798366,183.21293960629626,29.743617389789737,246.0827677534396,39.98848974842369,0.7485024032818303,0.043473944780182405,0.7571971922378667,12.508046353733151,0.7571971922378667,0.011510251576311248,0.7485024032818303,12.508046353733151,0.7571971922378667,-0.10035645202001904,-0.14900618574315558
283,56.79999999999727,-0.01623933526981461,0.19898085688742037,9.794943990517588,10.023208894542138,183.02582241659454,184.0929515939777,29.741725884422497,246.06848920988335,39.98616948277553,0.7437333404498896,-0.013877417409187132,0.7409578569680522,12.510626967603692,0.7409578569680522,0.01383051722446993,0.7437333404498896,12.510626967603692,0.7409578569680522,-0.09335794321780004,-0.13853220790914664
284,56.99999999999723,-0.016869490158295097,0.19974752889869515,9.79521762391633,10.026580584438921,183.1234181296109,184.8142740805111,29.75758520364698,246.20066350184445,40.00764782669755,0.7313681061291154,-0.036398696596791624,0.7240883668097571,12.513137707110381,0.7240883668097571,-0.007647826697549931,0.7313681061291154,12.513137707110381,0.7240883668097571,-0.08747636234775388,-0.12971384060658409
285,57.19999999999719,0.009211961595557353,0.19930403192243984,9.79786865501699,10.029042837392794,183.2046253550812,184.4305436240129,29.770781390982087,246.30912914481766,40.02527351130638,0.732589503554119,0.0035541242559772313,0.7333003284053144,12.515576986416335,0.7333003284053144,-0.02527351130638067,0.732589503554119,12.515576986416335,0.7333003284053144,-0.0865598887601837,-0.12836112183981216
286,57.39999999999715,0.01731706766899654,0.19849928584721555,9.798329523704775,10.026677792002173,183.19676707153494,183.7986610862326,29.76950441862885,246.29760247553915,40.02340042567554,0.7439817338803039,0.03317831097003565,0.750617396074311,12.51794326482046,0.750617396074311,-0.023400425675539793,0.7439817338803039,12.51794326482046,0.750617396074311,-0.08931498779501297,-0.1321094645773073
287,57.59999999999711,0.01728544471164645,0.19783856201610261,9.796216649681982,10.020810098869422,183.12349663155732,183.36125596379267,29.757597960226025,246.1985328563969,40.00730159646609,0.758601861976925,0.04650489404516234,0.7679028407859575,12.5202350477306,0.7679028407859575,-0.007301596466092519,0.758601861976925,12.5202350477306,0.7679028407859575,-0.08997408919497785,-0.13307313882206273
288,57.79999999999707,0.012009695544469658,0.19748237972905042,9.792518818178703,10.013616512654563,183.02446587460304,183.22746238304566,29.741505446128443,246.0653367190575,39.98565720250405,0.771903647157381,0.04004444586523048,0.7799125363304271,12.522450887607546,0.7799125363304271,0.014342797495949355,0.771903647157381,12.522450887607546,0.7799125363304271,-0.08604761515930952,-0.1274379005168811
289,57.99999999999703,-0.016660507954426838,0.19831587299124998,9.789044997732221,10.011371388201457,183.0136632267451,184.10491916663463,29.739750014096096,246.05217901969567,39.98351907421962,0.7664347810585604,-0.01591376341280093,0.7632520283760003,12.524589384879341,0.7632520283760003,0.016480925780378186,0.7664347810585604,12.524589384879341,0.7632520283760003,-0.0788314206182302,-0.11662577565139146
290,58.19999999999699,-0.017059495258801943,0.19908063066367182,9.789489506337997,10.01502082709984,183.10978994251684,184.8083022470123,29.75537062102961,246.18235295370079,40.00467235964874,0.7537256378163895,-0.03766552349595553,0.7461925331171984,12.526649188825273,0.7461925331171984,-0.004672359648736801,0.7537256378163895,12.526649188825273,0.7461925331171984,-0.07240863155147928,-0.10703926325003864
291,58.39999999999695,0.0066662875214426424,0.19873207925526606,9.792285351736881,10.018072603631127,183.19500025467704,184.48684151686138,29.769217310602333,246.29629006574825,40.02318715887125,0.7531777048575924,-0.001594421094757159,0.752858820638641,12.528628998429019,0.752858820638641,-0.023187158871252223,0.7531777048575924,12.528628998429019,0.752858820638641,-0.0707946534987716,-0.10472707489018661
292,58.59999999999691,0.01728856768414349,0.19791978938696306,9.79312007787325,10.0162520632122,183.1902214860031,183.8218714842192,29.768440759916267,246.2888482125604,40.02197785651892,0.7639045906526803,0.03121398835052025,0.7701473883227844,12.530527563200401,0.7701473883227844,-0.021977856518923033,0.7639045906526803,12.530527563200401,0.7701473883227844,-0.07376829794399979,-0.10883487861242856
293,58.79999999999687,0.017279396423139526,0.19724501123434326,9.791205335018857,10.010632246650154,183.11442806771615,183.35113776192222,29.75612431712819,246.18633899552736,40.00532009209329,0.7783361066769751,0.045453390344744604,0.787426784745924,12.532343683965216,0.787426784745924,-0.005320092093292317,0.7783361066769751,12.532343683965216,0.787426784745924,-0.07555258388624587,-0.11145491001815203
294,58.99999999999683,0.01107507164347396,0.19692206617250124,9.787573706459744,10.003670079218448,183.01239757056513,183.22898757465842,29.73954434476118,246.0491322647125,39.98302397603976,0.7910015534946315,0.03750151447383221,0.798501856389398,12.534076213622663,0.798501856389398,0.016976023960239672,0.7910015534946315,12.534076213622663,0.798501856389398,-0.07196550564239818,-0.1063273508385052
295,59.19999999999679,-0.01694132164661888,0.19776648492808885,9.784255927917046,10.00171596677124,182.99969405883155,184.0990387428148,29.737480022040153,246.03341068658563,39.980469217039385,0.7850336914453404,-0.0173657835128066,0.7815605347427791,12.535724057869878,0.7815605347427791,0.019530782960615056,0.7850336914453404,12.535724057869878,0.7815605347427791,-0.06394341965444668,-0.09431218775857247
296,59.39999999999675,-0.017227722775613585,0.19853167249658316,9.784814277285966,10.005551526540206,183.09200272007013,184.78654390719717,29.75248019449159,246.15843287561992,40.00078534307358,0.7720666252976016,-0.038669066652180506,0.7643328119671655,12.537286175893113,0.7643328119671655,-0.000785343073580691,0.7720666252976016,12.537286175893113,0.7643328119671655,-0.05609642419637929,-0.082644983151215
297,59.59999999999671,0.0008153122035655475,0.1984112024603431,9.7877569625279,10.009713806316013,183.190001573657,184.64107238387632,29.76840502412429,246.289814368676,40.022134857044705,0.7676932984990581,-0.012725871641635078,0.7651481241707311,12.538761581025145,0.7651481241707311,-0.02213485704470486,0.7676932984990581,12.538761581025145,0.7651481241707311,-0.052722548413822734,-0.07781494325562051
298,59.79999999999667,0.017278867952110716,0.19758272675022145,9.789380172524414,10.009065936911636,183.19925173180496,183.92270161584955,29.769908176326485,246.3011304970456,40.02397372974364,0.7770067691460697,0.02710111488386069,0.7824269921228418,12.54014934136847,0.7824269921228418,-0.02397372974363776,0.7770067691460697,12.54014934136847,0.7824269921228418,-0.055040839078001245,-0.08097308407594
299,59.99999999999663,0.01736399964142538,0.19686941395349825,9.78792045423117,10.004011999877928,183.12624723083752,183.38927954899205,29.75804493305603,246.2022696805544,40.00790883099892,0.7910766445099615,0.04357173627152877,0.7997909917642673,12.541448580383909,0.7997909917642673,-0.007908830998921701,0.7910766445099615,12.541448580383909,0.7997909917642673,-0.05843627139452122,-0.08591023963325597
300,60.19999999999659,0.014360596835547901,0.196413605657728,9.784527615574419,9.996915792225948,183.01417292341975,183.1298858197885,29.73983283988855,246.05136424991858,39.983386673998446,0.8052908103618528,0.04430389118981193,0.8141515885998152,12.542658477444254,0.8141515885998152,0.016613326001554185,0.8052908103618528,12.542658477444254,0.8141515885998152,-0.05736468163340028,-0.08454165091415718
301,60.39999999999655,-0.016776041292060437,0.19724467066558582,9.780852797528452,9.9943488955264,182.98250212939772,183.98482532266493,29.734686330713462,246.0101474001987,39.97668892922122,0.8002874098568553,-0.014559312745502928,0.7973755473077547,12.543778268352588,0.7973755473077547,0.023311070778781584,0.8002874098568553,12.543778268352588,0.7973755473077547,-0.0508545224842149,-0.07481528769476001
302,60.59999999999651,-0.017350994884867927,0.19803692070749665,9.781094602434191,9.997790441106838,183.05980635267744,184.69052540513047,29.747248279558363,246.1150481700996,39.99373532137651,0.7875665395500159,-0.037709935635645286,0.7800245524228868,12.544807245824975,0.7800245524228868,0.006264678623487896,0.7875665395500159,12.544807245824975,0.7800245524228868,-0.04315804607176772,-0.063323277275191
303,60.79999999999647,-0.011389831276888805,0.19841099790205163,9.7840122862589,10.003824081970055,183.18380948702145,184.95543033279748,29.767398809039793,246.2819820453016,40.020862103223614,0.7756230698218483,-0.034941743379250934,0.7686347211459981,12.545744759937186,0.7686347211459981,-0.020862103223613815,0.7756230698218483,12.545744759937186,0.7686347211459981,-0.03897346942836641,-0.05737657594124812
304,60.99999999999643,0.017233427766011236,0.19755990123834768,9.78714204886637,10.00545677207175,183.2270161451294,184.15681880160238,29.774419898003426,246.33877655825404,40.030091220807506,0.7820991949415196,0.01884476985244854,0.7858681489120093,12.546590218535215,0.7858681489120093,-0.030091220807506147,0.7820991949415196,12.546590218535215,0.7858681489120093,-0.04113713623798568,-0.06035455343705394
305,61.19999999999639,0.017434055342256678,0.19677193821337402,9.786616270386883,10.001583927568888,183.16775248206346,183.51536103203586,29.764789543124856,246.2582014627565,40.01699775469569,0.795342623003146,0.03979790625560031,0.803302204254266,12.547343087609292,0.803302204254266,-0.016997754695687206,0.795342623003146,12.547343087609292,0.803302204254266,-0.045827635078920036,-0.06701450196776051
306,61.39999999999635,0.017100972952482623,0.19618755609420122,9.783725328519699,9.994782592059572,183.05314800693435,183.11411477490898,29.74616629729313,246.1036802429896,39.99188803137385,0.8104748412151559,0.049641679957963536,0.8204031772067486,12.54800289163117,0.8204031772067486,0.008111968626153043,0.8104748412151559,12.54800289163117,0.8204031772067486,-0.046663333398768755,-0.06851153788786916
307,61.599999999996314,-0.011693852961564666,0.19679780742019623,9.779823045248413,9.991005796997662,182.99141590834876,183.76972335726808,29.736134821241496,246.02178647334935,39.97858028049955,0.8093588216414834,-0.0032474869814974605,0.8087093242451839,12.548569213854488,0.8087093242451839,0.021419719500450185,0.8093588216414834,12.548569213854488,0.8087093242451839,-0.04165271394053454,-0.06122449711220668
308,61.799999999996274,-0.017262547768055574,0.1976174037814514,9.779204847025065,9.993198696110245,183.03767760966824,184.50846149040004,29.743652355223443,246.08505046037908,39.98886068867229,0.7980384076188934,-0.03295815570882543,0.7914467764771284,12.549041696577994,0.7914467764771284,0.011139311327710288,0.7980384076188934,12.549041696577994,0.7914467764771284,-0.03439664052493901,-0.050351736621448144
309,61.999999999996234,-0.015257730502416932,0.19818118825631426,9.7815167731002,9.999011849018592,183.14930923390392,184.9384241523306,29.7617925123019,246.23562443128924,40.01332898341349,0.7844489154959317,-0.04129934760610132,0.7761890459747114,12.54942004137147,0.7761890459747114,-0.013328983413487094,0.7844489154959317,12.54942004137147,0.7761890459747114,-0.029652860773703466,-0.04352065374116024
310,62.199999999996194,0.016273046103847427,0.19739495026569018,9.784841485332693,10.00120064702961,183.19447302596507,184.17274453746896,29.76913163585096,246.29509879390832,40.02299357700368,0.7895142091552991,0.014739414616298241,0.7924620920785588,12.549704009264236,0.7924620920785588,-0.022993577003681764,0.7895142091552991,12.549704009264236,0.7924620920785588,-0.030791865665916657,-0.04515457995731396
311,62.399999999996155,0.01735576256739755,0.19660028548695274,9.784602196934582,9.99775383182552,183.13480418580107,183.50008775601322,29.759435439628117,246.2139316464299,40.009803902348764,0.8022580982151805,0.03779878215387944,0.8098178546459563,12.549893420896087,0.8098178546459563,-0.009803902348764382,0.8022580982151805,12.549893420896087,0.8098178546459563,-0.034987701502226846,-0.051137712325626694
312,62.599999999996115,0.01568449998650753,0.19605500424406672,9.781823656587209,9.991284212516074,183.01798912247452,183.11239667779958,29.74045297285508,246.05646221763774,39.98421509458123,0.8165551941182306,0.04473580257116638,0.8255023546324639,12.549988156630572,0.8255023546324639,0.015784905418769313,0.8165551941182306,12.549988156630572,0.8255023546324639,-0.03578250554002071,-0.05249088590945377
313,62.799999999996075,-0.016502018660648095,0.19685876762495932,9.77824019186656,9.988754767062312,182.97069032642568,183.9096589950013,29.732766910811087,245.99416928446857,39.97409248281863,0.8117796129648808,-0.013896384965324526,0.8090003359718159,12.549988156630574,0.8090003359718159,0.025907517181373407,0.8117796129648808,12.549988156630574,0.8090003359718159,-0.030199158251222682,-0.04420776476878388
314,62.999999999996035,-0.017394119369175797,0.19765848209321144,9.778401106742614,9.992094296849745,183.02976559063393,184.59226695343995,29.742366650844666,246.07455470425725,39.98715512659693,0.7991097982177108,-0.03751790807535349,0.7916062166026401,12.549893420896092,0.7916062166026401,0.012844873403068391,0.7991097982177108,12.549893420896092,0.7916062166026401,-0.02202026411748119,-0.03199607690220887
315,63.199999999995995,-0.016028526303886122,0.19821598323844472,9.781157664672284,9.998581743742738,183.14551507088078,184.9872223920884,29.761175960194088,246.23060423305168,40.0125132003841,0.784673558292527,-0.04547933996886522,0.775577690298754,12.549704009264246,0.775577690298754,-0.012513200384098866,0.784673558292527,12.549704009264246,0.775577690298754,-0.016411703728899992,-0.023995924533214464
316,63.399999999995956,0.015984879590333245,0.1974304617968458,9.784812771899439,10.00129275825979,183.19198566978508,184.1958448079112,29.76872744006752,246.29179409282793,40.0224565625411,0.7890282441526915,0.012671628681978908,0.7915625698890872,12.549420041371484,0.7915625698890872,-0.022456562541101732,0.7890282441526915,12.549420041371484,0.7915625698890872,-0.016844601323730255,-0.02462731481024463
317,63.599999999995916,0.01733778206885031,0.19662447398336333,9.784772061720528,9.998114295912092,183.12898139037927,183.49113936109092,29.758489234425866,246.20609835125654,40.00853099061018,0.8015252092916454,0.03687571333146067,0.8089003519579375,12.54904169657801,0.8089003519579375,-0.008530990610182698,0.8015252092916454,12.54904169657801,0.8089003519579375,-0.021533295323141605,-0.031331131867897
318,63.799999999995876,0.014994504076392419,0.19609924549586227,9.782053723650744,9.991816027118984,183.0070360311201,183.1025576018758,29.73867309373011,246.04173784420792,39.98182238150617,0.8153850011111031,0.042549274616134336,0.82389485603433,12.548569213854508,0.82389485603433,0.01817761849383004,0.8153850011111031,12.548569213854508,0.82389485603433,-0.024009161893254388,-0.0351510854523653
319,63.999999999995836,-0.01695737135337581,0.19692466440366083,9.7785787051211,9.989540576448801,182.9561344629487,183.89855428676688,29.730401580630748,245.97460496578225,39.970913277852894,0.8100451523046004,-0.015538338118231132,0.8069374846809542,12.548002891631192,0.8069374846809542,0.02908672214710606,0.8100451523046004,12.548002891631192,0.8069374846809542,-0.019831470343188325,-0.02890035943449334
320,64.19999999999594,-0.01742865411867086,0.19772361753097256,9.778842323588243,9.993039291041724,183.00989090970006,184.5606008144308,29.739137011963273,246.04781610394073,39.98281009970047,0.7971699504801539,-0.03830559958935331,0.7895088305622833,12.547343087609319,0.7895088305622833,0.017189900299527494,0.7971699504801539,12.547343087609319,0.7895088305622833,-0.0119946450039584,-0.01717448028789761
321,64.39999999999604,-0.01700517093375353,0.19831395580525985,9.781607825456266,9.999668218847917,183.119964084473,184.96672652595535,29.757023920750786,246.19625981447325,40.00693222678413,0.7822101999298426,-0.048532701506564524,0.7725036596285297,12.546590218535245,0.7725036596285297,-0.00693222678413008,0.7822101999298426,12.546590218535245,0.7725036596285297,-0.005907920234712879,-0.008513171640396422
322,64.59999999999614,0.012058506293823767,0.19769027463246236,9.785440664628279,10.003284621918707,183.17467762114808,184.29352219388704,29.765914879351445,246.26870119494026,40.01870396288176,0.7836969259873647,0.004326199674943854,0.7845621659223535,12.54574475993722,0.7845621659223535,-0.018703962881758684,0.7836969259873647,12.54574475993722,0.7845621659223535,-0.005421960004871705,-0.007914239830218151
323,64.79999999999625,0.017128345255061597,0.19687657282246787,9.785986369587805,10.000997643047311,183.11990501494486,183.5494963504453,29.75701432194286,246.19399968090866,40.006564954712616,0.7950678960707622,0.03311307553326426,0.8016905111774151,12.54480724582501,0.8016905111774151,-0.006564954712615645,0.7950678960707622,12.54480724582501,0.8016905111774151,-0.009648464380799877,-0.013957082721832138
324,64.99999999999635,0.01313905061660979,0.19639552053851791,9.783617656604596,9.995415785735172,183.00298693574842,183.1732060044389,29.738015115074237,246.03640882255561,39.9809564146217,0.8075008637564177,0.03664349018803581,0.8148295617940249,12.543778268352627,0.8148295617940249,0.019043585378298644,0.8075008637564177,12.543778268352627,0.8148295617940249,-0.012342257489587423,-0.018036177109249252
325,65.19999999999645,-0.017106389780527954,0.19721738068001893,9.780564194086189,9.993789914595945,182.95595866986415,183.93681457783455,29.73037301422594,245.974427875609,39.97088450067096,0.8013201837878687,-0.01798505887185886,0.797723172013497,12.542658477444295,0.797723172013497,0.029115499329037675,0.8013201837878687,12.542658477444295,0.797723172013497,-0.00879673066710675,-0.012697894694079538
326,65.39999999999655,-0.017432054850547215,0.19800086608732873,9.781071189791886,9.99761426879848,183.00765854414908,184.56128835961823,29.73877425219848,246.0448192584061,39.982323111814104,0.788171755048483,-0.03940318942766641,0.7802911171629497,12.541448580383951,0.7802911171629497,0.01767688818589619,0.788171755048483,12.541448580383951,0.7802911171629497,-0.001512747280486985,-0.001820092566995868
327,65.59999999999665,-0.01711043237583891,0.1985885712668673,9.783926425944818,10.004375270109103,183.11212752866,184.94567962074885,29.755750479157733,246.185703488819,40.00521682214991,0.7730696665988667,-0.04944490905877896,0.7631806847871109,12.540149341368515,0.7631806847871109,-0.005216822149911593,0.7730696665988667,12.540149341368515,0.7631806847871109,-0.004473839065119544,0.006395370205291329
328,65.79999999999676,0.00875101002275667,0.19809682882165103,9.787842897508947,10.008634485755689,183.1705384196168,184.36839684695025,29.76524225842999,246.2632575993636,40.017819377715966,0.7723503312356783,-0.002093182129053739,0.7719316948098676,12.538761581025193,0.7719316948098676,-0.01781937771596631,0.7723503312356783,12.538761581025193,0.7719316948098676,-0.004670208822135804,0.0068123250685275145
329,65.99999999999686,0.01695087885792144,0.19728136289318737,9.788834128590622,10.00704188283665,183.12067079910113,183.59545107375533,29.757138761992696,246.1950988974175,40.00674357757392,0.7828007015604868,0.030409360536511332,0.788882573667789,12.537286175893163,0.788882573667789,-0.0067435775739213,0.7828007015604868,12.537286175893163,0.788882573667789,-0.0003602137514701423,0.0003798900261443805
330,66.19999999999696,0.012367466269786584,0.19681139106947584,9.786749741459936,10.001946310182898,183.00493652800026,183.2057311769007,29.738331924131966,246.03907693179772,39.981389982807116,0.7944522657321768,0.033988871026994216,0.8012500399375756,12.535724057869928,0.8012500399375756,0.018610017192884243,0.7944522657321768,12.535724057869928,0.8012500399375756,-0.0029343803770566033,-0.004265010644715517
331,66.39999999999706,-0.01713472643870478,0.1976261863677564,9.783914477451304,10.000636660621133,182.95602571086937,183.93992261272012,29.73038390840018,245.97452264566823,39.97089990082099,0.7879180657099171,-0.019013761055231004,0.7841153134988709,12.534076213622715,0.7841153134988709,0.02910009917901135,0.7879180657099171,12.534076213622715,0.7841153134988709,-0.00037724030205495677,0.0003914647236086921
332,66.59999999999717,-0.01743579992083014,0.19840496236075233,9.784513248667944,10.004588532976383,183.0023874782244,184.54079502981907,29.737917703129167,246.03770904822608,39.98116770150444,0.7746553725493682,-0.039879294856637326,0.7666795135780408,12.53234368396527,0.7666795135780408,0.01883229849556045,0.7746553725493682,12.53234368396527,0.7666795135780408,-0.007698257148184957,0.010848916333661408
333,66.79999999999727,-0.017246052814053895,0.19899798191466125,9.787381894866112,10.011389114554376,183.09993045246327,184.91304021774863,29.753768452293734,246.16927354368397,40.0025469533956,0.759454011924529,-0.05010275580271062,0.7494334607639869,12.530527563200456,0.7494334607639869,-0.0025469533956012924,0.759454011924529,12.530527563200456,0.7494334607639869,-0.013137431021505698,0.019010947336558105
334,66.99999999999737,0.0017312398814710494,0.19878658783712652,9.79139849942584,10.016888437791101,183.17323870314158,184.55925834075111,29.765681054941563,246.26717711510898,40.01845629966151,0.7542141678465322,-0.015247336005371204,0.7511647006454579,12.528628998429074,0.7511647006454579,-0.018456299661508524,0.7542141678465322,12.528628998429074,0.7511647006454579,-0.01341116128688009,0.01956557507609631
335,67.19999999999747,0.016844319124804646,0.19795655603653176,9.793311503102917,10.016695144750841,183.1416679733342,183.73409708871162,29.760550806217616,246.22350987848824,40.01136036661471,0.7629341773534623,0.0253742120840017,0.7680090197702626,12.52664918882533,0.7680090197702626,-0.01136036661470996,0.7629341773534623,12.52664918882533,0.7680090197702626,-0.008661689539800146,0.01247911035174667
336,67.39999999999758,0.014865423987307641,0.1973482162226102,9.79180884768704,10.011980836909455,183.02585846726782,183.19545077594552,29.741731742662765,246.06715760522601,39.98595309680233,0.7754704204779269,0.03702011639821645,0.7828744437575702,12.524589384879398,0.7828744437575702,0.014046903197673544,0.7754704204779269,12.524589384879398,0.7828744437575702,-0.004360934296434047,0.0063008804366816665
337,67.59999999999768,-0.016660124084722835,0.19812870456823878,9.788901205802109,10.010422290372215,182.96526374532465,183.88579074161018,29.73188509050035,245.9868448594525,39.972902262563295,0.769619448864484,-0.01702564595818301,0.7662143196728474,12.522450887607604,0.7662143196728474,0.02709773743670496,0.769619448864484,12.522450887607604,0.7662143196728474,-0.006417905702953363,0.009267329690932514
338,67.79999999999778,-0.0174299898604051,0.19891942879168772,9.789313820837718,10.014123254463788,182.9998712901836,184.48613457041466,29.737508822163658,246.03424561156825,39.980604892484735,0.7565778683106567,-0.038967692491072015,0.7487843298124423,12.520235047730658,0.7487843298124423,0.01939510751526541,0.7565778683106567,12.520235047730658,0.7487843298124423,-0.013342735270824756,0.019113848587214478
339,67.99999999999788,-0.017315520746910232,0.19952857568924992,9.79204924044766,10.020766520414528,183.08742313930634,184.86070836360201,29.751736011873295,246.15239665065775,39.99980445553634,0.741424758985238,-0.04977974959852971,0.731468809065532,12.517943264820518,0.731468809065532,0.0001955444636578818,0.741424758985238,12.517943264820518,0.731468809065532,-0.019184927026313643,0.027787616038995114
340,68.19999999999798,-0.006549990605590243,0.19965125908227632,9.796097557571882,10.027592832745615,183.17770926958505,184.7785736067302,29.766407522715095,246.27351763256453,40.019486634778374,0.7309910146364635,-0.030360980882608857,0.7249188184599418,12.515576986416393,0.7249188184599418,-0.019486634778374423,0.7309910146364635,12.515576986416393,0.7249188184599418,-0.02018373884635066,0.02940849113151103
341,68.39999999999809,0.016721913583201877,0.1988084502932404,9.799043791418278,10.028987881215787,183.16848044547203,183.90124847401506,29.76490783729704,246.25977418855663,40.01725332289378,0.7377229199548974,0.01958906044123132,0.7416407320431436,12.51313770711044,0.7416407320431436,-0.017253322893779455,0.7377229199548974,12.51313770711044,0.7416407320431436,-0.01535101416004773,0.022188498975525307
342,68.59999999999819,0.01643113800405726,0.19809179829426146,9.798211278483985,10.024923683631956,183.05814820450684,183.23906419131163,29.746978830211194,246.11058706148918,39.993010390502384,0.7504923767081384,0.037897466695312465,0.7580718700472009,12.51062696760375,0.7580718700472009,0.006989609497615845,0.7504923767081384,12.51062696760375,0.7580718700472009,-0.009758097417993135,0.014075620241013099
343,68.79999999999829,-0.014165569179672736,0.19875142607010715,9.795384775924173,10.02301918312841,182.9848852414944,183.80831425953295,29.735073586816426,246.01307531110436,39.977164715219175,0.7463291827673111,-0.012114409498914513,0.7439063008675282,12.50804635373321,0.7439063008675282,0.022835284780825305,0.7463291827673111,12.50804635373321,0.7439063008675282,-0.009781851076316996,0.014220606415838688
344,68.9999999999984,-0.017401390007011172,0.19955108534305344,9.795467996219092,10.026220961201906,183.0039055988627,184.41078658397487,29.738164397979588,246.03954692967648,39.981466357538785,0.7338598785164673,-0.03677483827975114,0.726504910860517,12.50539749546985,0.726504910860517,0.018533642461214583,0.7338598785164673,12.50539749546985,0.726504910860517,-0.015935447873098797,0.022960084016726515
345,69.1999999999985,-0.01732472841831972,0.20018196971470661,9.797964979862519,10.032548398060387,183.07927866323973,184.79685077273436,29.75041253318899,246.1413608670199,39.99801113890187,0.7188942212318761,-0.04857019394839346,0.7091801824421974,12.502682065889326,0.7091801824421974,0.001988861098126904,0.7188942212318761,12.502682065889326,0.7091801824421974,-0.02256505783068984,0.03268505667047066
346,69.3999999999986,-0.011677737716077786,0.20051361733018175,9.801879599865078,10.039936161557664,183.1733591723151,184.88454872335458,29.765700631201835,246.26783830431967,40.01856374301569,0.7055484781893822,-0.040230167316313015,0.6975024447261196,12.49990178011516,0.6975024447261196,-0.018563743015690193,0.7055484781893822,12.49990178011516,0.6975024447261196,-0.025073318598228256,0.03648237982923348
347,69.5999999999987,0.016026208521499913,0.19970173993216223,9.805401118188689,10.042370701900028,183.17710646224717,184.00757179443372,29.766309566424734,246.27152193506805,40.01916233361089,0.7105929109067127,0.014678711704533831,0.7135286532476195,12.497058394235436,0.7135286532476195,-0.019162333610893256,0.7105929109067127,12.497058394235436,0.7135286532476195,-0.021517860603629035,0.031147237500864833
348,69.7999999999988,0.016406792966623653,0.19895786142155814,9.805035438003562,10.038966356866526,183.07314207897306,183.29908208995897,29.74941533724846,246.1308148852637,39.99629741515277,0.7227807675483479,0.035773393329476266,0.7299354462142431,12.494153704193625,0.7299354462142431,0.003702584847232515,0.7227807675483479,12.494153704193625,0.7299354462142431,-0.015949105741761813,0.023030826878596145
349,69.9999999999989,-0.012623556256327523,0.19953850835215825,9.802448660033866,10.037124077201979,182.9954830340639,183.7805392895874,29.736795729831115,246.02726443469984,39.979470450109176,0.719323777589741,-0.010059438159126799,0.7173118899579156,12.491189544654208,0.7173118899579156,0.020529549890824228,0.719323777589741,12.491189544654208,0.7173118899579156,-0.014819139061951236,0.021543481582500593
350,70.19999999999901,-0.01738576058036377,0.20033465829281794,9.802446117302754,10.04014488284899,183.00561270561482,184.36906624019275,29.738441803104212,246.04177497697503,39.98182841558686,0.7071033779109449,-0.035886242666965384,0.6999261293775518,12.488167787843889,0.6999261293775518,0.01817158441313893,0.7071033779109449,12.488167787843889,0.6999261293775518,-0.01960715293455517,0.028315188243362856
351,70.39999999999911,-0.017350148082865068,0.2009749126351379,9.80485248167358,10.046318656012266,183.0726550377389,184.75354228240366,29.749336192968766,246.13239913529142,39.996554856039715,0.6922056378813155,-0.04814828293314366,0.6825759812946868,12.485090342369029,0.6825759812946868,0.0034451439602847245,0.6922056378813155,12.485090342369029,0.6825759812946868,-0.025246521897901997,0.036548220526726995
352,70.59999999999921,-0.014647278844813828,0.20141802676486364,9.808648281582752,10.053885709320957,183.16450482291052,184.92873680642126,29.76426179798476,246.25601501281804,40.01664245622539,0.6774211272735404,-0.04746212411833761,0.6679287024498729,12.481959152010155,0.6679287024498729,-0.016642456225390845,0.6774211272735404,12.481959152010155,0.6679287024498729,-0.02697554830565901,0.039198029788536815
353,70.79999999999932,0.013929069031603392,0.2007059038365507,9.812508558150304,10.057245408374088,183.17993221900477,184.1194155672286,29.76676875235703,246.27548877961175,40.01980694649386,0.6802256212895665,0.008160750959548824,0.6818577714814763,12.478776194494207,0.6818577714814763,-0.01980694649385839,0.6802256212895665,12.478776194494207,0.6818577714814763,-0.022600066910975863,0.032712557459704784
354,70.99999999999942,0.015943276020679166,0.19996120344517704,9.812654180100758,10.054689973736593,183.08667847648613,183.3878260159433,29.751615004044,246.14912972923108,39.99927358027363,0.6913352644705832,0.03232891515786096,0.6978010475021554,12.475543480245376,0.6978010475021554,0.0007264197263694427,0.6913352644705832,12.475543480245376,0.6978010475021554,-0.016346758800574526,0.023569664724658424
355,71.19999999999952,-0.011858672464418848,0.20048687783013813,9.810444394478194,10.053211892445042,183.01107220099072,183.80026631313723,29.739328971989966,246.04822967988937,39.98287730585933,0.6879263081886133,-0.009919665754383744,0.6859423750377366,12.472263051115267,0.6859423750377366,0.01712269414066725,0.6879263081886133,12.472263051115267,0.6859423750377366,-0.014559106446239586,0.021145973989318636
356,71.39999999999962,-0.0173428899285973,0.20126775631714558,9.810540798593511,10.056270958669861,183.01730388252992,184.36165350788275,29.740341621252735,246.05746357404067,39.98437781515943,0.6757477551196428,-0.03574135005251777,0.6685994851091392,12.46893697909323,0.6685994851091392,0.015622184840573539,0.6757477551196428,12.46893697909323,0.6685994851091392,-0.018734650767185095,0.027073152894271858
357,71.59999999999972,-0.017317143610699498,0.20190507791342774,9.812966860940453,10.062383648317372,183.0787064116747,184.7332054515751,29.75031954221668,246.14049408797047,39.99787028716549,0.6608778715900315,-0.047977650457958765,0.6512823414984398,12.465567364997646,0.6512823414984398,0.0021297128345096894,0.6608778715900315,12.465567364997646,0.6512823414984398,-0.023968272739251947,0.034688902370606914
358,71.79999999999983,-0.015118550166838565,0.2023648907813417,9.816747107457546,10.069895437207098,183.16513574360243,184.91455315560677,29.76436432269972,246.2568401581769,40.016776542480294,0.6458970638894137,-0.04866636278906267,0.6361637913316012,12.462156337148997,0.6361637913316012,-0.0167765424802937,0.6458970638894137,12.462156337148997,0.6361637913316012,-0.02536700615223781,0.03682104305954539
359,71.99999999999993,0.011946595271391594,0.20174152280924768,9.820631630294182,10.073636959358476,183.1833283073402,184.17444672130483,29.767320617263398,246.2801338831221,40.02056177656912,0.6472961506799801,0.004071179615063314,0.6481103866029928,12.458706050025583,0.6481103866029928,-0.020561776569117285,0.6472961506799801,12.458706050025583,0.6481103866029928,-0.020641021202093626,0.02983021086472064
360,72.20000000000003,0.015271350074679163,0.20102238152957244,9.821032666848627,10.071646130167851,183.09659039899253,183.45145717175942,29.75322569306198,246.1625384683993,40.00145250256739,0.657464180289861,0.02958778193905498,0.663381736677672,12.455218682902704,0.663381736677672,-0.0014525025673890468,0.657464180289861,12.455218682902704,0.663381736677672,-0.013845706257940868,0.019900511121475974
361,72.40000000000013,-0.012116253196991852,0.20154083105338044,9.819117908927494,10.07057212615146,183.02476780700553,183.84018387724203,29.74155451019291,246.0666830473126,39.98587598106428,0.653545856598858,-0.011401865590889293,0.6512654834806801,12.451696438476178,0.6512654834806801,0.014124018935717686,0.653545856598858,12.451696438476178,0.6512654834806801,-0.011147497217643644,0.016172030548092665
362,72.60000000000024,-0.01730282599894842,0.20230501255403138,9.819416185767798,10.07379197541013,183.0304123512293,184.37294673725472,29.742471749546514,246.0750843195692,39.987241189171186,0.6412168001264069,-0.03627071322337583,0.6339626574817318,12.44814154147108,0.6339626574817318,0.012758810828813694,0.6412168001264069,12.44814154147108,0.6339626574817318,-0.014113988654303236,0.020383279692062217
363,72.80000000000034,-0.01728737446313946,0.20293223890222054,9.821945089727103,10.079905888152592,183.088409462337,184.72594413900043,29.751896289526055,246.15351305182702,39.999985870907764,0.626312714048786,-0.048187155150968275,0.6166752830185923,12.44455623723655,0.6166752830185923,1.412909223574843e-05,0.626312714048786,12.44455623723655,0.6166752830185923,-0.01844384011221436,0.026675834434176694
364,73.00000000000044,-0.015145400240172531,0.20338929657831842,9.825774304093004,10.087348316120417,183.17028687453447,184.89797683661385,29.765201382313233,246.26373196789282,40.01789646267905,0.6113016132316194,-0.04885865226599784,0.6015298827784198,12.440942790327593,0.6015298827784198,-0.01789646267904743,0.6113016132316194,12.440942790327593,0.6015298827784198,-0.019303936233902773,0.027991651195146974
365,73.20000000000054,0.010326055506294571,0.2028376037868284,9.829639444936152,10.091326655590025,183.1897256866735,184.2159229845467,29.76836019244464,246.28878856656675,40.021968164035265,0.6116520134939523,0.0010196239538107221,0.6118559382847144,12.43730348307472,0.6118559382847144,-0.021968164035264692,0.6116520134939523,12.43730348307472,0.6118559382847144,-0.01431074769946335,0.020603641583677758
366,73.40000000000065,0.014657597553740583,0.20214652760345891,9.830198583638667,10.08977493674347,183.10833264276462,183.50838925294303,29.75513380958306,246.1783947967312,40.00402915849798,0.6210462873033425,0.02733624267556245,0.626513535838455,12.433640614142398,0.626513535838455,-0.004029158497978358,0.6210462873033425,12.433640614142398,0.626513535838455,-0.007315270696904669,0.010386908910817283
367,73.60000000000075,-0.011984673273493222,0.2026443314419435,9.828531324418833,10.088966352447251,183.03892074727884,183.86603026282876,29.743854365287177,246.08572891676138,39.988970937944664,0.6169264891356205,-0.011988132853293365,0.6145288625649619,12.42995649707715,0.6145288625649619,0.011029062055335714,0.6169264891356205,12.42995649707715,0.6145288625649619,-0.0041764732831167314,0.006045699574042374
368,73.80000000000085,-0.017272430592413287,0.20339271541734172,9.828978658684012,10.092231729282105,183.04303630591238,184.37544948360156,29.74452314423391,246.09204086507154,39.98999663057076,0.6045465696384845,-0.03645068832967946,0.5972564319725486,12.426253458846277,0.5972564319725486,0.01000336942924207,0.6045465696384845,12.426253458846277,0.5972564319725486,-0.006452087397731428,0.009294876415091835
369,74.00000000000095,-0.017268659514697846,0.20401099753824,9.831590523009728,10.098276849305652,183.0975264304553,184.71458111656128,29.753377798326785,246.1657386646836,40.00197253498362,0.5896347175251846,-0.04823472533666884,0.5799877724578508,12.422533838368098,0.5799877724578508,-0.001972534983622154,0.5896347175251846,12.422533838368098,0.5799877724578508,-0.010287172308118743,0.014859425844133512
370,74.20000000000105,-0.015289547995362272,0.20446820945992258,9.835466396125986,10.105611600824874,183.17533948632172,184.88298840540233,29.76602243254971,246.27049391193194,40.01899527968422,0.5745560232475553,-0.04928899392533381,0.5646982244624885,12.418799985034628,0.5646982244624885,-0.018995279684219213,0.5745560232475553,12.418799985034628,0.5646982244624885,-0.010917760851394776,0.01581363436219334
371,74.40000000000116,0.00811653477958591,0.2040115846913324,9.839335486345776,10.10991502933378,183.1987869637286,184.28036495879098,29.76983265143855,246.3010559458333,40.02396161515953,0.5734553344713496,-0.0032028761463753774,0.5728147592420745,12.415054257227663,0.5728147592420745,-0.02396161515952855,0.5734553344713496,12.415054257227663,0.5728147592420745,-0.005837193863632084,0.00829257498677265
372,74.60000000000126,0.014200559579385555,0.20334269128719398,9.840120203429318,10.108897927267323,183.12566387466248,183.58353579898534,29.757950137582792,246.20178469740972,40.0078300211591,0.5820268793563931,0.02494219732533498,0.5870153188214601,12.41129902082917,0.5870153188214601,-0.007830021159101364,0.5820268793563931,12.41129902082917,0.5870153188214601,-0.0017795827516624172,-0.0023197678809353307
373,74.80000000000136,-0.010383263535460837,0.2037582937674636,9.83871519417289,10.108157010876367,183.0563385554806,183.86071531034474,29.746684761950362,246.10911133457216,39.99277058463856,0.5786167001502559,-0.00992322432128323,0.5766320552859993,12.407536647726943,0.5766320552859993,0.007229415361436509,0.5786167001502559,12.407536647726943,0.5766320552859993,-0.00530401614683958,-0.0076522318118676935
374,75.00000000000146,-0.017202359287122482,0.20448898407960847,9.839166019608673,10.11120652029445,183.05540418936363,184.35240505446166,29.746532927304518,246.10861415288667,39.99268979253388,0.5665209609733863,-0.03545632487254757,0.5594296959988768,12.403769514316474,0.5594296959988768,0.007310207466119323,0.5665209609733863,12.403769514316474,0.5594296959988768,-0.003951404318272433,-0.005696958060460134
375,75.20000000000157,-0.017253618896322702,0.2051042382069314,9.841768424501518,10.117021969481048,183.10469691276523,184.68848037941865,29.754543002867354,246.1753276501026,40.00353074667242,0.5517055416358687,-0.04764732266657301,0.5421760771025541,12.399999999999972,0.5421760771025541,-0.003530746672417706,0.5517055416358687,12.399999999999972,0.5421760771025541,-0.0003921147200324318,-0.000543656634934564
376,75.40000000000167,-0.01562980115443082,0.2055694940512538,9.845647609329202,10.124165956606802,183.17817458369268,184.86436046316464,29.766483136333196,246.2742723153715,40.01960927085714,0.5365309265968426,-0.0499232532435967,0.5265462759481233,12.39623048568347,0.5265462759481233,-0.019609270857138483,0.5365309265968426,12.39623048568347,0.5265462759481233,-0.0007102113091549715,0.001022267353523887
377,75.60000000000177,0.0049778038590349745,0.20524350997615456,9.849557085789515,10.128909926372637,183.2089122430099,184.37265373637823,29.771478010967122,246.31479501354409,40.02619421589513,0.5333659958061985,-0.009209579995200778,0.5315240798071583,12.392463352273003,0.5315240798071583,-0.02619421589513138,0.5333659958061985,12.392463352273003,0.5315240798071583,-0.004064120896805397,-0.005708967457438519
378,75.80000000000187,0.013782690879000706,0.20459534693139614,9.850675987042903,10.128586969337954,183.14816855741384,183.68467677267768,29.761607152186905,246.2321621362209,40.01276635990226,0.5409140050961169,0.021963827950211012,0.5453067706861591,12.388700979170777,0.5453067706861591,-0.012766359902258273,0.5409140050961169,12.388700979170777,0.5453067706861591,-0.011524663979394905,-0.016367358123805787
379,76.00000000000198,-0.006807047028323639,0.20484984988946994,9.849546265013435,10.127702838423847,183.07643830132378,183.81773599163742,29.74995097391609,246.13603752305735,39.997146094642915,0.5393878881641908,-0.004440822531777133,0.5384997236578354,12.384945742772283,0.5384997236578354,0.0028539053570852957,0.5393878881641908,12.384945742772283,0.5384997236578354,-0.0158112578669002,-0.022799651607310525
380,76.20000000000208,-0.01705963569893755,0.20555880469039844,9.849804984894378,10.130214348766314,183.06589408161273,184.29664278121348,29.748237536499605,246.12261503598376,39.9949649383123,0.5280451312783974,-0.033025216597497575,0.5214400879588978,12.381200014965318,0.5214400879588978,0.005035061687699738,0.5280451312783974,12.381200014965318,0.5214400879588978,-0.015398150058701772,-0.022267979428625042
381,76.40000000000218,-0.017257695821444586,0.2061799646178238,9.852271953760876,10.135610829407522,183.10782811846997,184.64371325870397,29.755051824303195,246.17946353077085,40.004202827953094,0.5134523136245015,-0.04634960743524097,0.5041823921374533,12.377466161631848,0.5041823921374533,-0.004202827953093902,0.5134523136245015,12.377466161631848,0.5041823921374533,-0.012014413129934027,-0.017363640135410207
382,76.60000000000228,-0.016195062297286646,0.2066631862012365,9.856098242870141,10.142474126215548,183.17660902775248,184.84007672988773,29.766228733238513,246.27213233437217,40.019261523597,0.4981482869903754,-0.050804785751043524,0.4879873298401667,12.373746541153668,0.4879873298401667,-0.019261523597002395,0.4981482869903754,12.373746541153668,0.4879873298401667,-0.010208653479747335,-0.014753541147273098
383,76.80000000000238,-0.00037761647692452054,0.20654693814077182,9.860161906336186,10.147958226742142,183.22121560074703,184.52577608160274,29.773477308598704,246.33155259018613,40.02891732482257,0.4914866379399785,-0.019384622883681646,0.48760971336324216,12.370043502922798,0.48760971336324216,-0.028917324822572255,0.4914866379399785,12.370043502922798,0.48760971336324216,-0.013950464573742742,-0.020003767766196747
384,77.00000000000249,0.013815530984192748,0.2059001028154762,9.86187623414652,10.148637542821875,183.1796626058134,183.82604556186539,29.76672494016962,246.27467352755582,40.01967446790229,0.4977690353761966,0.018281044856191808,0.501425244347435,12.36635938585755,0.501425244347435,-0.019674467902291326,0.4977690353761966,12.36635938585755,0.501425244347435,-0.021255900389642788,-0.030354289686876257
385,77.20000000000259,0.0012946042177795502,0.20582184235595402,9.860942048016215,10.147082532240226,183.09742625610576,183.6754789849813,29.753361519978707,246.1640039893586,40.001690649961425,0.5008985461758745,0.009106511946700424,0.5027198485652146,12.362696516925226,0.5027198485652146,-0.0016906499614250947,0.5008985461758745,12.362696516925226,0.5027198485652146,-0.026407254093271756,-0.03799591175957744
386,77.40000000000269,-0.01679990779273567,0.20650757223950075,9.86047781457069,10.148301573186126,183.06492906140124,184.15681609430013,29.748080720558423,246.1211034155721,39.99471929974977,0.49143026175786814,-0.02755160492694614,0.4859199407724789,12.359057209672354,0.4859199407724789,0.005280700250231973,0.49143026175786814,12.359057209672354,0.4859199407724789,-0.026801619476226637,-0.03873181397148784
387,77.6000000000028,-0.017342473809676975,0.2071618612373702,9.862480281237826,10.152879277184075,183.09354179976376,184.54903334629003,29.752730295191906,246.16013244906745,40.00106152403499,0.4773259759037373,-0.04374254470467687,0.46857746696280195,12.355443762763397,0.46857746696280195,-0.0010615240349878263,0.4773259759037373,12.355443762763397,0.46857746696280195,-0.023512596383326936,-0.03396292531830341
388,77.8000000000029,-0.01707739773505162,0.20768437460480846,9.866105667465522,10.159294413187986,183.15586155765124,184.790391565437,29.762857265975594,246.24419376776777,40.014721501983765,0.46187336789198463,-0.05186649332117155,0.4515000692277503,12.351858458528868,0.4515000692277503,-0.01472150198376454,0.46187336789198463,12.351858458528868,0.4515000692277503,-0.021001794595418444,-0.030342763403122322
389,78.000000000003,-0.011647827088084832,0.20797759014821407,9.870564661506053,10.166195112826905,183.22757026826903,184.81924503328088,29.774509943103663,246.34053725196762,40.030377333822074,0.4481936576093202,-0.041707077348273336,0.4398522421396655,12.348303561523771,0.4398522421396655,-0.030377333822073638,0.4481936576093202,12.348303561523771,0.4398522421396655,-0.023621627505510893,-0.03402758076932173
390,78.2000000000031,0.012691342028448446,0.20737169533848931,9.873683955819574,10.169058120571076,183.22768759456218,184.1238497455461,29.774529008645363,246.3396255190407,40.030229177073295,0.45094333561651045,0.008001242758017557,0.45254358416811397,12.344781317097246,0.45254358416811397,-0.030229177073294977,0.45094333561651045,12.344781317097246,0.45254358416811397,-0.030890649019645913,-0.044208957511901306
391,78.4000000000032,0.013000645302520535,0.20681341753406524,9.873319252079611,10.16719097807655,183.14284503585478,183.5581277468049,29.760742079068482,246.2248175621616,40.01157286542413,0.4601728607989168,0.026856843358588622,0.4655442294706345,12.341293949974366,0.4655442294706345,-0.011572865424128054,0.4601728607989168,12.341293949974366,0.4655442294706345,-0.03759431385361048,-0.05388910980918809
392,78.6000000000033,-0.01410119974388768,0.20736535284439242,9.871936489725059,10.166621457491487,183.08086341769726,183.95540948174494,29.750670056045863,246.14219130245237,39.9981460847946,0.4546545551031331,-0.016057626881931242,0.4514430297267468,12.337843662850952,0.4514430297267468,0.0018539152054017904,0.4546545551031331,12.337843662850952,0.4514430297267468,-0.03943909298186287,-0.05689271168607064
393,78.80000000000341,-0.01730645039474445,0.20805671435870257,9.873081236128188,10.169847145915426,183.087808257427,184.40817134548087,29.751798593630483,246.15221564024674,39.99977504131514,0.44178970584524574,-0.038265632566216734,0.4341365793320024,12.334432635002305,0.4341365793320024,0.00022495868486061,0.44178970584524574,12.334432635002305,0.4341365793320024,-0.03684181759608077,-0.053193437399912114
394,79.00000000000351,-0.017281962836580633,0.20861671954114433,9.876265535768248,10.1754667414961,183.13865506988094,184.70144942870323,29.760061208916863,246.22095012207043,40.010944405780855,0.4267116119701672,-0.04928497737372722,0.41685461649542177,12.33106302090672,0.41685461649542177,-0.010944405780854538,0.4267116119701672,12.33106302090672,0.41685461649542177,-0.0340702206322057,-0.04918705636416831
395,79.20000000000361,-0.015762280935094655,0.20904440209566907,9.880569203604677,10.182192702556167,183.21018115276337,184.85808252013888,29.771684209008257,246.31724426328972,40.0265922193768,0.4113437741145116,-0.05125719277092239,0.40109233556032714,12.327736948884684,0.40109233556032714,-0.026592219376802007,0.4113437741145116,12.327736948884684,0.40109233556032714,-0.03572814004749647,-0.05152122146561311
396,79.40000000000371,0.0036950631916738866,0.20878730078322214,9.884469432308405,10.186884052435868,183.2463289833805,184.4474972800796,29.77755823735757,246.36515704124326,40.034378053580085,0.40719935445649813,-0.012059778522485465,0.40478739875200104,12.324456519754577,0.40478739875200104,-0.03437805358008461,0.40719935445649813,12.324456519754577,0.40478739875200104,-0.0419702657118022,-0.060264204169106966
397,79.60000000000382,0.014101448374942574,0.20817032008261252,9.88541966251457,10.186874381505982,183.1987695946773,183.8061540078018,29.76982982896489,246.30030144887945,40.02383900928192,0.41458852309571526,0.021501620156141876,0.41888884712694363,12.321223805505745,0.41888884712694363,-0.02383900928192162,0.41458852309571526,12.321223805505745,0.41888884712694363,-0.049050126965459455,-0.07026425185323859
398,79.80000000000392,-0.0004856471904246645,0.20817490045548906,9.884217322298682,10.185265153097378,183.12249618553193,183.74426893876523,29.757435387584326,246.19777617925502,40.00717863630758,0.41699985875205897,0.007016705922300026,0.418403199936519,12.3180408479898,0.418403199936519,-0.007178636307578756,0.41699985875205897,12.3180408479898,0.418403199936519,-0.05246662908932845,-0.07545799627652486
399,80.00000000000402,-0.016754491533474112,0.20882925227203022,9.884114148551314,10.186495082835211,183.0974980221167,184.2058888910501,29.753373181967145,246.16491606603336,40.00183886256929,0.407296081014841,-0.028236863058980766,0.40164870840304484,12.314909657630926,0.40164870840304484,-0.001838862569286448,0.407296081014841,12.314909657630926,0.40164870840304484,-0.050983621663179685,-0.07353841504198187
400,80.20000000000412,-0.017281535274389997,0.20944145835761166,9.886475265402604,10.190855260651755,183.12970934679294,184.5745814984394,29.75860752746138,246.20874136462388,40.00896048071186,0.3931540357403358,-0.04393431305840467,0.38436717312865487,12.311832212156068,0.38436717312865487,-0.008960480711863283,0.3931540357403358,12.311832212156068,0.38436717312865487,-0.048379101328390114,-0.0697938322420157
401,80.40000000000423,-0.01676047948473759,0.20992228966548115,9.890389005701683,10.196897667003574,183.19313519660756,184.7979536916164,29.768914238362967,246.29426040820965,40.02285733919141,0.37781583087397796,-0.05104568615030336,0.3676066936439173,12.308810455345748,0.3676066936439173,-0.022857339191411086,0.37781583087397796,12.308810455345748,0.3676066936439173,-0.04944913334183038,-0.07129542787091055
402,80.60000000000433,-0.007440519424896416,0.2100599012527115,9.894801453787379,10.202873937017454,183.2565197489221,184.7217800653869,29.77921423841408,246.37926391174796,40.036670422329465,0.3666594179086731,-0.03246621844826131,0.36016617421902086,12.305846295806333,0.36016617421902086,-0.036670422329464714,0.3666594179086731,12.305846295806333,0.36016617421902086,-0.054718198553270016,-0.07869169949633631
403,80.80000000000443,0.013901137049076584,0.20944859120444012,9.897021252219727,10.204685211346433,183.24652927123498,184.06459206845895,29.777590784166467,246.36483656349625,40.03432597589412,0.37134209959874487,0.013626058346762893,0.37406731126809745,12.302941605764522,0.37406731126809745,-0.03432597589412012,0.37134209959874487,12.302941605764522,0.37406731126809745,-0.0618310537514295,-0.08857754612799199
404,81.00000000000453,0.012357887212240706,0.20896383127059065,9.895950488467797,10.202416577851814,183.16389445203953,183.59452456731822,29.764162612619035,246.25314069276348,40.016175378749445,0.380876436492583,0.027743809938775565,0.38642519848033813,12.3000982198848,0.38642519848033813,-0.016175378749444747,0.380876436492583,12.3000982198848,0.38642519848033813,-0.06654938375588926,-0.09544556712526316
405,81.20000000000464,-0.01427493147371792,0.20950561544984217,9.894648239122226,10.201700070328146,183.1091063414044,184.00025114021923,29.755259535737753,246.1801879507747,40.00432054632144,0.37536044536071883,-0.016050891770493236,0.3721502670066202,12.297317934110634,0.3721502670066202,-0.004320546321437746,0.37536044536071883,12.297317934110634,0.3721502670066202,-0.06603681367488198,-0.09510135033934262
406,81.40000000000474,-0.017255800399762506,0.2101612483434241,9.896067116274097,10.20468108230114,183.12167646557594,184.4406666430021,29.757302182958277,246.19774750763938,40.00717397716538,0.3625249417182339,-0.03815237555688106,0.3548944666068577,12.294602504530111,0.3548944666068577,-0.007173977165379597,0.3625249417182339,12.294602504530111,0.3548944666068577,-0.06352127004305841,-0.09157182679657723
407,81.60000000000484,-0.01714664096369098,0.2106853485362481,9.899515778344961,10.209953296752582,183.17654836188999,184.72552233528444,29.766218875026,246.27187432095462,40.019219596374725,0.34751635910682793,-0.04884266731830594,0.33774782564316674,12.291953646266752,0.33774782564316674,-0.019219596374725256,0.34751635910682793,12.291953646266752,0.33774782564316674,-0.0639743292015736,-0.09220079053005747
408,81.80000000000494,-0.013740627497939667,0.21103091838455224,9.904001426824044,10.216152718093205,183.24924560574297,184.838596693401,29.778032188965422,246.3696745652751,40.03511215196936,0.33309106087418683,-0.0454193136447989,0.32400719814522705,12.289373032396213,0.32400719814522705,-0.0351121519693578,0.33309106087418683,12.289373032396213,0.32400719814522705,-0.0682754285837101,-0.09825052221606967
409,82.00000000000504,0.01077957311458365,0.21054617453438396,9.907048618804446,10.219278519012745,183.2685222226274,184.28228862690972,29.781164642341597,246.3947063047992,40.03917981370969,0.33416295427075204,0.003119084945293338,0.3347867712598107,12.286862292889523,0.3347867712598107,-0.03917981370968704,0.33416295427075204,12.286862292889523,0.3347867712598107,-0.07480732073168044,-0.10727362649578964
410,82.20000000000515,0.014645571716943194,0.20996292730019214,9.906636316649426,10.21787967115471,183.2076272974568,183.7239851264591,29.771269207105938,246.31206958713597,40.02575133366093,0.3438150487924987,0.028086470921276085,0.3494323429767539,12.284423013583572,0.3494323429767539,-0.025751333660927855,0.3438150487924987,12.284423013583572,0.3494323429767539,-0.08007097238494892,-0.11471508224100263
411,82.40000000000525,-0.004656034702407256,0.21014107435742838,9.90502968148789,10.216115033686059,183.1404940216761,183.84078608915374,29.760360038882403,246.222093763633,40.011130247720615,0.34442268067333986,0.0017681380050338369,0.34477630827434663,12.282056735179447,0.34477630827434663,-0.011130247720615216,0.34442268067333986,12.282056735179447,0.34477630827434663,-0.08074976063654372,-0.11606629303634436
412,82.60000000000535,-0.01678471321036001,0.21077625712002743,9.905416311393674,10.217560804487443,183.1316959609391,184.30158131853725,29.758930352582958,246.21098821699454,40.00932559458721,0.3340362536558621,-0.030223292959377368,0.3279915950639866,12.279764952269309,0.3279915950639866,-0.009325594587210162,0.3340362536558621,12.279764952269309,0.3279915950639866,-0.07881165347910604,-0.11350001954856169
413,82.80000000000545,-0.017044645014832847,0.2113354725550414,9.908234851281316,10.221877243268926,183.1756566311638,184.64586839728244,29.766073968638086,246.27055411200988,40.019005062206666,0.3198149966799903,-0.04434023315418256,0.3109469500491538,12.277549112392364,0.3109469500491538,-0.019005062206666423,0.3198149966799903,12.277549112392364,0.3109469500491538,-0.07901573106936956,-0.11379913423418345
414,83.00000000000556,-0.014347529661152401,0.21171429790593702,9.912418501627,10.227545488340157,183.2451997975872,184.80993809111604,29.777374744482664,246.3641972269992,40.03422208360946,0.3055317685832781,-0.04466174097638331,0.2965994203880014,12.27541061512057,0.2965994203880014,-0.03422208360945689,0.3055317685832781,12.27541061512057,0.2965994203880014,-0.08274955816105388,-0.11904602974780404
415,83.20000000000566,0.008670607524971495,0.21131761323094564,9.915422657060182,10.23074491677228,183.2723289063182,184.34409566399484,29.781783229059936,246.39991337846644,40.04002596402676,0.3053663169244977,-0.00048144505762404144,0.3052700279129729,12.273350811174643,0.3052700279129729,-0.04002596402676062,0.3053663169244977,12.273350811174643,0.3052700279129729,-0.08877184934785791,-0.1273524879629193
416,83.40000000000576,0.014600327106736269,0.2107459433384076,9.915154611215057,10.229681368943076,183.22427872629294,183.80519663502923,29.77397506699767,246.3345560713164,40.029405390994306,0.3145346175904549,0.02667868714627125,0.3198703550197092,12.271371001570898,0.3198703550197092,-0.029405390994305947,0.3145346175904549,12.271371001570898,0.3198703550197092,-0.09397971499611449,-0.13465153143378786
417,83.60000000000586,0.0009025910665090896,0.2107294296129777,9.913351193617585,10.22742120362866,183.15541315098596,183.77453146602872,29.76278439981962,246.24202722213153,40.01436943796581,0.3184779932853277,0.011474764004452687,0.32077294608621826,12.269472436799518,0.32077294608621826,-0.014369437965811471,0.3184779932853277,12.269472436799518,0.32077294608621826,-0.09512347112242406,-0.13661075546122134
418,83.80000000000597,-0.016249356453713334,0.2113358088449017,9.913192436636512,10.228020540187465,183.13848444188022,184.2379938518236,29.76003348183902,246.22000648846674,40.01079106516691,0.3096571278502426,-0.02566769108868827,0.3045235896325049,12.267656316034705,0.3045235896325049,-0.010791065166912972,0.3096571278502426,12.267656316034705,0.3045235896325049,-0.09328879252490568,-0.13424579987535737
419,84.00000000000607,-0.016951129569570938,0.2119067315773927,9.915686178817252,10.231781928089543,183.1795744851434,184.61564313727936,29.766710620546423,246.2757688903477,40.01985246453397,0.29594446797081037,-0.041860039539382,0.28757246006293397,12.265923786377261,0.28757246006293397,-0.019852464533968828,0.29594446797081037,12.265923786377261,0.28757246006293397,-0.09299546835242065,-0.1338507409282883
420,84.20000000000617,-0.01413834355901318,0.21228518926018794,9.919711102977562,10.23709301479378,183.24990659466746,184.79974557347072,29.778139599773066,246.37050241002615,40.03524667687593,0.2820127339879488,-0.042893087420139975,0.2734341165039208,12.264275942130048,0.2734341165039208,-0.03524667687592853,0.2820127339879488,12.264275942130048,0.2734341165039208,-0.09624293231119523,-0.13839201490649913
421,84.40000000000627,0.009394542094228301,0.21187542824939012,9.922479831162677,10.239993313223803,183.27903066198255,184.34382852815526,29.78287226544443,246.40891285463755,40.041488380366985,0.2825284967085074,0.0015008094482085732,0.2828286585981491,12.262713824106816,0.2828286585981491,-0.04148838036698521,0.2825284967085074,12.262713824106816,0.2828286585981491,-0.10210672954834793,-0.14644836261922478
422,84.60000000000637,0.014671393976543955,0.21131307332632443,9.921993344263743,10.238776789218548,183.23574496492193,183.8321480777483,29.77583833263815,246.3499956656013,40.03191432757454,0.2919923249691132,0.02753863802789913,0.29750005257469303,12.261238418974786,0.29750005257469303,-0.03191432757454038,0.2919923249691132,12.261238418974786,0.29750005257469303,-0.10744229622297566,-0.15390547310200306
423,84.80000000000648,0.0047985897624294544,0.21117517206087288,9.919823812065948,10.235968501355213,183.16480091851932,183.72098783772228,29.764309913569306,246.25455196551312,40.01640471080059,0.29850716006320205,0.018957411369602273,0.3022986423371225,12.259850658631466,0.3022986423371225,-0.016404710800593136,0.29850716006320205,12.259850658631466,0.3022986423371225,-0.10899516250479922,-0.15643603389751065
424,85.00000000000658,-0.015735934365654285,0.211762491786652,9.919188624658801,10.235880483209943,183.14324900426448,184.19449001035218,29.760807724000703,246.2263378167308,40.011819907038664,0.2909568263321226,-0.021970591803271988,0.2865627079714682,12.25855141961603,0.2865627079714682,-0.011819907038663757,0.2909568263321226,12.25855141961603,0.2865627079714682,-0.10703702692680313,-0.15393351109311482
425,85.20000000000668,-0.016874061224634865,0.21234205103273357,9.921413726471526,10.239204776801653,183.1842257607276,184.6021900963944,29.76746645358469,246.28199443330374,40.02086411627597,0.2776780745658058,-0.039947139094862194,0.26968864674683335,12.25734152255569,0.26968864674683335,-0.020864116275973288,0.2776780745658058,12.25734152255569,0.26968864674683335,-0.1059151063599641,-0.1523625989203893
426,85.40000000000678,-0.01368068868835877,0.21271137138874016,9.925299783567523,10.244223644080913,183.2571302420049,184.7988955212412,29.779313443639243,246.3802019131941,40.03682284771689,0.26418340675194646,-0.040877243467359325,0.2560079580584746,12.256221731647358,0.2560079580584746,-0.03682284771689126,0.26418340675194646,12.256221731647358,0.2560079580584746,-0.10867908831471564,-0.15619729218329895
427,85.60000000000689,0.010975652511029938,0.21225852989272836,9.927772309299156,10.246734540484955,183.28722921485817,184.32933472405423,29.784204531618986,246.41990054709333,40.04327388217655,0.2659534731539237,0.00515068707790417,0.26698361056950454,12.255192754174976,0.26698361056950454,-0.043273882176549705,0.2659534731539237,12.255192754174976,0.26698361056950454,-0.11482124426022164,-0.1646180017767236
428,85.80000000000699,0.014958020850052937,0.2116967895349899,9.92696248556789,10.245203646031808,183.2463394740116,183.84084871059497,29.777559942086825,246.36423649441718,40.03422846457126,0.27605991669137087,0.029408573640933022,0.28194163141955747,12.254255240062768,0.28194163141955747,-0.03422846457125672,0.27605991669137087,12.254255240062768,0.28194163141955747,-0.12085611237041893,-0.17306047340503597
429,86.00000000000709,0.008233813736090273,0.21145834482208295,9.924352068966824,10.241801906941,183.17297051953628,183.6694256934437,29.76563747506212,246.2654438173851,40.018174638499715,0.284982632432313,0.02596406361667386,0.29017544515564775,12.253409781464743,0.29017544515564775,-0.018174638499715456,0.284982632432313,12.253409781464743,0.29017544515564775,-0.1233639678123326,-0.1769618659225344
430,86.2000000000072,-0.015053900891079592,0.21202660364551904,9.923215317310758,10.241041446864347,183.1475330809475,184.15405016687868,29.761503887157858,246.23202863821533,40.01274466645466,0.2787492358691004,-0.01813845802266123,0.27512154426456814,12.252656912390671,0.27512154426456814,-0.012744666454658216,0.2787492358691004,12.252656912390671,0.27512154426456814,-0.12142082814276446,-0.17452132685806276
431,86.4000000000073,-0.01677145566155846,0.21261532927448812,9.925141896762087,10.243943471524725,183.18911067762832,184.59318678783373,29.76826025337486,246.28854058604503,40.02192786716019,0.2659514497285467,-0.03800680562768499,0.2583500886030097,12.251997108368798,0.2583500886030097,-0.02192786716018702,0.2659514497285467,12.251997108368798,0.2583500886030097,-0.11894823412600175,-0.17102442473433543
432,86.6000000000074,-0.0129546194290407,0.21296913457591576,9.928848995274237,10.248666571788855,183.26495271734657,184.7980651352923,29.780584597153418,246.39070563917758,40.038529704896064,0.2530651533551891,-0.03834842090610052,0.24539546917396898,12.251430786145484,0.24539546917396898,-0.03852970489606378,0.2530651533551891,12.251430786145484,0.24539546917396898,-0.12049454702968883,-0.1730954250815472
433,86.8000000000075,0.012619711317503722,0.21246999390490098,9.930996608179576,10.250760901177477,183.29592392093588,184.31306503206744,29.785617422769505,246.43155179950793,40.04516721258725,0.25619416727477323,0.00910506608349737,0.2580151804914727,12.250958303421983,0.2580151804914727,-0.04516721258725198,0.25619416727477323,12.250958303421983,0.2580151804914727,-0.1264256618583533,-0.18117214910184032
434,87.0000000000076,0.015350972349488729,0.21190376496150648,9.929850479094938,10.248869203425386,183.25693115279392,183.8444471632062,29.779281091610105,246.37846567405086,40.03654070857397,0.26704893238699867,0.03158610226981384,0.27336615284096144,12.250579958628512,0.27336615284096144,-0.03654070857397329,0.26704893238699867,12.250579958628512,0.27336615284096144,-0.13291747325156064,-0.19025058335626285
435,87.2000000000077,0.011226374563498688,0.21157977735861322,9.92680695575628,10.244894645621612,183.18178194346046,183.62606163669358,29.767069332881658,246.27721016439713,40.02008667180121,0.27813849252930295,0.03227017437578583,0.2845925274044601,12.25029599073575,0.2845925274044601,-0.020086671801209377,0.27813849252930295,12.25029599073575,0.2845925274044601,-0.13627287004376137,-0.1953698439148866
436,87.40000000000781,-0.013899222902043089,0.21211700367426106,9.925152245740076,10.243462087353047,183.1527464391724,184.1123620724335,29.762351058716575,246.2389655133098,40.013871909784754,0.2734322361131942,-0.013694658053886033,0.270693304502417,12.250106579103907,0.270693304502417,-0.013871909784754166,0.2734322361131942,12.250106579103907,0.270693304502417,-0.13509441002060468,-0.19406873439976807
437,87.60000000000791,-0.016577148931712755,0.21271321741180158,9.926719040075186,10.245912875174435,183.19465814156345,184.5828431863583,29.76916171716578,246.29597440043966,40.02313586320731,0.26126004365518757,-0.03571944042241648,0.25411615557070427,12.250011843369427,0.25411615557070427,-0.023135863207308205,0.26126004365518757,12.250011843369427,0.25411615557070427,-0.1321876432271718,-0.18996750564070197
438,87.80000000000801,-0.011738081201308698,0.21303915092301995,9.930156468182629,10.25026839153239,183.2723883516347,184.78712082187872,29.78179288893353,246.400674309415,40.040149615429556,0.24934654312769164,-0.03484234379148035,0.24237807436939557,12.25001184336943,0.24237807436939557,-0.04014961542955575,0.24934654312769164,12.25001184336943,0.24237807436939557,-0.132203910825977,-0.1898268764257793
439,88.00000000000811,0.01343125972543493,0.21251918288620242,9.931988453727895,10.251977072296794,183.30494152758368,184.30823562693786,29.787082785315135,246.44365422753864,40.04713385910889,0.25343180616540545,0.011887639647125137,0.2558093340948305,12.250106579103917,0.2558093340948305,-0.04713385910888945,0.25343180616540545,12.250106579103917,0.2558093340948305,-0.13712837832478544,-0.1964210722501747
440,88.20000000000822,0.015787064977989203,0.21194582718565474,9.930589137510983,10.249790408804916,183.2691555186553,183.8558894655097,29.78126755304904,246.39489950529523,40.03921120882168,0.2649086178975142,0.03343890587652748,0.2715963990728197,12.250295990735768,0.2715963990728197,-0.039211208821683385,0.2649086178975142,12.250295990735768,0.2715963990728197,-0.14362587094974066,-0.2054800715580953
441,88.40000000000832,0.013706936429555564,0.21155041918365064,9.927235938656215,10.245380053652111,183.19475165091345,183.60039516294992,29.769176912450348,246.2945879944183,40.022910572003546,0.27770390406856565,0.037997157169047946,0.28530333550237524,12.250579958628538,0.28530333550237524,-0.022910572003546292,0.27770390406856565,12.250579958628538,0.28530333550237524,-0.14763709580595216,-0.21153021718005932
442,88.60000000000842,-0.011084484253451708,0.21200210389451205,9.924986245438747,10.243145250751864,183.15990174279364,184.04391338783202,29.763513796717763,246.24846914150507,40.015416250910825,0.2755009305326805,-0.0064103964187847695,0.27421885124892353,12.250958303422017,0.27421885124892353,-0.015416250910824658,0.2755009305326805,12.250958303422017,0.27421885124892353,-0.1473467214428821,-0.21154086374248637
443,88.80000000000852,-0.016162417767987155,0.21260137314517172,9.925968925493402,10.244915288019984,183.1980848298283,184.54649925752884,29.769718554565657,246.3005201064176,40.0238745411674,0.2644739053079194,-0.03208735913491523,0.2580564334809364,12.251430786145525,0.2580564334809364,-0.02387454116740173,0.2644739053079194,12.251430786145525,0.2580564334809364,-0.14431168549177,-0.20729002945875835
444,89.00000000000863,-0.010593348454467959,0.21290958060641024,9.92896678286705,10.248753185453888,183.27502583102043,184.7619075596846,29.782221479762303,246.4041774428427,40.040718875180815,0.2537210160855452,-0.03128965529538397,0.2474630850264684,12.251997108368846,0.2474630850264684,-0.04071887518081496,0.2537210160855452,12.251997108368846,0.2474630850264684,-0.14296806010137997,-0.20519974251341466
445,89.20000000000873,0.013886909943190676,0.21238393872563785,9.930479353054043,10.25007024841496,183.30901435737462,184.30192479386434,29.787744620817996,246.44911399359896,40.048021071980905,0.25854345048103183,0.014032722443136358,0.2613499949696591,12.252656912390728,0.2613499949696591,-0.048021071980905106,0.25854345048103183,12.252656912390728,0.2613499949696591,-0.1467246749387832,-0.2101084417996887
446,89.40000000000883,0.01603777246629574,0.21180805847188816,9.928897337239903,10.247636280414012,183.2772075862554,183.86843851616302,29.782576015342517,246.40573207777086,40.04097150360927,0.27043444933829164,0.034766590488315985,0.27738776743595484,12.253409781464807,0.27738776743595484,-0.0409715036092706,0.27043444933829164,12.253409781464807,0.27738776743595484,-0.15301431857415465,-0.21884854693158218
447,89.60000000000893,0.014551666160193478,0.21138864960718012,9.925424004407143,10.243022068719032,183.20753733740833,183.61235287433513,29.771254588583442,246.3117765680389,40.02570371801004,0.28384090167694276,0.040492659596027825,0.2919394335961483,12.25425524006284,0.2919394335961483,-0.025703718010042564,0.28384090167694276,12.25425524006284,0.2919394335961483,-0.15753837687886346,-0.2256080522203604
448,89.80000000000904,-0.006564271806935794,0.2116986510333384,9.922665794328157,10.240025574746992,183.16750717741306,183.96357394679495,29.764749681079305,246.25855913014,40.017055875703626,0.2848107390364928,0.0028221137635986437,0.2853751617892125,12.255192754175054,0.2853751617892125,-0.0170558757036261,0.2848107390364928,12.255192754175054,0.2853751617892125,-0.15814187769454724,-0.22690487654742386
449,90.00000000000914,-0.015436179980506354,0.21228790833085087,9.922923595081263,10.240963047702808,183.19909001075956,184.4897208174419,29.769881896630327,246.3017824622051,40.024079674188,0.2754099955469617,-0.027355068691277684,0.2699389818087062,12.256221731647443,0.2699389818087062,-0.02407967418800183,0.2754099955469617,12.256221731647443,0.2699389818087062,-0.1555258760729071,-0.22329362129427752
450,90.20000000000924,-0.009732711537803324,0.21259258607806628,9.925384179943105,10.24421030458135,183.27373294039793,184.72968906100917,29.78201138482605,246.402391611763,40.04042867734017,0.26579940822924486,-0.027965689791709936,0.2602062702709029,12.25734152255578,0.2602062702709029,-0.04042867734016653,0.26579940822924486,12.25734152255578,0.2602062702709029,-0.15352119839395104,-0.22027359338994046
451,90.40000000000934,0.014138056436958155,0.21206880698476754,9.926600374151302,10.245148182867117,183.30914273427342,184.29406574560298,29.787765482084914,246.44927435358616,40.048047130504884,0.2712008268730577,0.015717499174016658,0.274344326707861,12.25855141961613,0.274344326707861,-0.04804713050488374,0.2712008268730577,12.25855141961613,0.274344326707861,-0.15589496316424878,-0.2232090621257882
452,90.60000000000944,0.016193979347796497,0.21149098865012517,9.924892982401987,10.242491644175875,183.28147924603812,183.87856465930972,29.783270160751357,246.41148421989797,40.04190622763965,0.283385690063778,0.03576307995939748,0.2905383060556575,12.25985065863157,0.2905383060556575,-0.04190622763965024,0.283385690063778,12.25985065863157,0.2905383060556575,-0.16125000449167037,-0.2305924386826419
453,90.80000000000955,0.015119861981734893,0.21105286158348965,9.921365447318195,10.237707326583147,183.21682145429415,183.62495648190014,29.77276325908606,246.3242638696069,40.02773290654403,0.2971957368121691,0.042312156126116385,0.3056581680373924,12.2612384189749,0.3056581680373924,-0.027732906544031266,0.2971957368121691,12.2612384189749,0.3056581680373924,-0.16562917175917183,-0.23710856529312993
454,91.00000000000965,-0.0018678569245002118,0.21121385396209058,9.918142518678165,10.233956507085356,183.17139520501888,183.87662198132907,29.765381486197057,246.26364685766242,40.01788263225278,0.30136430280435195,0.012130041542701142,0.3037903111128922,12.262713824106935,0.3037903111128922,-0.017882632252778308,0.30136430280435195,12.262713824106935,0.3037903111128922,-0.1665549619597969,-0.2388541341606029
455,91.20000000000975,-0.014722428881527201,0.2117949379175243,9.917660935624307,10.234058889182409,183.19595872695768,184.42763077474524,29.769373062503686,246.29748177319672,40.02338081152528,0.2935914825602142,-0.02261800164424621,0.289067882231365,12.264275942130174,0.289067882231365,-0.02338081152527849,0.2935914825602142,12.264275942130174,0.289067882231365,-0.16415289004606004,-0.2355862438892672
456,91.40000000000985,-0.009833726486306791,0.2121273749580974,9.919649822168841,10.236847602433476,183.2702531197195,184.7164186135977,29.781445913400336,246.39769807656327,40.03966597710751,0.28451592111059154,-0.026408826827666876,0.27923415574505817,12.265923786377392,0.27923415574505817,-0.03966597710751074,0.28451592111059154,12.265923786377392,0.27923415574505817,-0.16191317409918166,-0.23225721338897076
457,91.60000000000996,0.014340492049912404,0.21160283790768433,9.92071472559032,10.237553275194697,183.30929668323347,184.2990133794326,29.78779049881594,246.44948882731623,40.04808198252087,0.2902421284845597,0.01666259655205421,0.29357464779497056,12.267656316034845,0.29357464779497056,-0.048081982520869815,0.2902421284845597,12.267656316034845,0.29357464779497056,-0.1636635734244817,-0.23430933061161172
458,91.80000000001006,0.016385165185739764,0.21101492855118895,9.918979261509184,10.234739637219715,183.286487519086,183.8919240574319,29.784084005935483,246.41823057659417,40.043002511699065,0.30264968848956747,0.03655062245571411,0.3099598129807103,12.269472436799663,0.3099598129807103,-0.04300251169906488,0.30264968848956747,12.269472436799663,0.3099598129807103,-0.16859330375114648,-0.24105183952262338
459,92.00000000001016,0.015701032391212035,0.21055303391457078,9.91545277183509,10.229795583762586,183.2265220675849,183.63489753182935,29.77433961032216,246.3373064069209,40.02985232097697,0.3168323526141291,0.04414246378896591,0.3256608453719223,12.27137100157105,0.3256608453719223,-0.029852320976971214,0.3168323526141291,12.27137100157105,0.3256608453719223,-0.17294978939594743,-0.24749412882905375
460,92.20000000001026,0.0036281949617722794,0.2105347224562584,9.911745016063643,10.22515275925015,183.1727059998931,183.7615812020883,29.765594490577122,246.26523040667612,40.01813995922483,0.3247064810165234,0.0229127965858561,0.3292890403336946,12.2733508111748,0.3292890403336946,-0.01813995922483258,0.3247064810165234,12.2733508111748,0.3292890403336946,-0.17406198748406815,-0.24949410011765424
461,92.40000000001037,-0.014060784193751126,0.21111360587924372,9.910406413228634,10.224277987714208,183.18712345580343,184.3444756276555,29.76793732950539,246.28548868744448,40.02143193314166,0.3187151002108751,-0.017434220354658192,0.3152282561399435,12.275410615120736,0.3152282561399435,-0.02143193314166325,0.3187151002108751,12.275410615120736,0.3152282561399435,-0.1715178613138995,-0.24607275658743505
462,92.60000000001047,-0.011275877110557837,0.21152327881660057,9.911944760263161,10.226720752553616,183.26246340037926,184.72242814095753,29.780180082741712,246.38724634838042,40.037967569579386,0.3093832806478615,-0.027154508092379348,0.30395237902938566,12.277549112392535,0.30395237902938566,-0.03796756957938641,0.3093832806478615,12.277549112392535,0.30395237902938566,-0.1687724411604276,-0.24206146714237065
463,92.80000000001057,0.013956576572831468,0.21101436459427003,9.913062106779261,10.22744194346456,183.30896417658465,184.3315189155525,29.787736466431475,246.44909250028238,40.048017579313466,0.3147725350643649,0.0156821026892609,0.3179089556022171,12.279764952269486,0.3179089556022171,-0.048017579313466285,0.3147725350643649,12.279764952269486,0.3179089556022171,-0.1699230777189242,-0.24327211554333986
464,93.00000000001067,0.01657171129772141,0.2104075312940406,9.911477078403072,10.224639150257689,183.2933843177187,183.92043506998456,29.78520473683403,246.42753642191056,40.04451471307518,0.3271745920011005,0.03653037449419,0.3344806668999385,12.28205673517963,0.3344806668999385,-0.04451471307518062,0.3271745920011005,12.28205673517963,0.3344806668999385,-0.17459945591339593,-0.2495946892459145
465,93.20000000001077,0.01625318058659112,0.20991475768526682,9.908058209210694,10.21960908446513,183.23875505793293,183.65075168176813,29.776327473241576,246.35375880108333,40.03252583770188,0.341623831131816,0.04555008177356823,0.35073384748652964,12.28442301358376,0.35073384748652964,-0.032525837701882665,0.341623831131816,12.28442301358376,0.35073384748652964,-0.17906658567882505,-0.25613365045321784
466,93.40000000001088,0.009543916303057324,0.2096944685183353,9.903942912074582,10.21402283885453,183.17490837862798,183.63126571656895,29.765952377479426,246.26798779266883,40.01858803489672,0.353399722323597,0.03439020732994985,0.360277763789587,12.286862292889719,0.360277763789587,-0.018588034896723116,0.353399722323597,12.286862292889719,0.360277763789587,-0.1804211604785177,-0.25846599473839976
467,93.60000000001098,-0.012868308042586913,0.21025520362080147,9.901661434623684,10.212007501813009,183.1755004853874,184.2339137060743,29.76604859492405,246.26970977284344,40.01886785695492,0.34961315166769075,-0.01101847960345348,0.34740945574700005,12.289373032396412,0.34740945574700005,-0.01886785695491966,0.34961315166769075,12.289373032396412,0.34740945574700005,-0.17767326708402034,-0.25481903217436613
468,93.80000000001108,-0.01292703178492046,0.21075705266131722,9.90262660474997,10.214011558015658,183.24945280891728,184.71497068812113,29.77806585951492,246.36976268329434,40.0351264711618,0.3400487076149982,-0.027831418264593066,0.3344824239620796,12.291953646266958,0.3344824239620796,-0.0351264711618029,0.3400487076149982,12.291953646266958,0.3344824239620796,-0.17428406215054262,-0.2499378271300401
469,94.00000000001118,0.01232089007903462,0.21030695614379055,9.903859742194525,10.2148859995433,183.30507510006362,184.38415357543371,29.78710449086483,246.443950952735,40.047182077001516,0.3443184332037145,0.012424404186998639,0.34680331404111425,12.29460250453032,0.34680331404111425,-0.047182077001515665,0.3443184332037145,12.29460250453032,0.34680331404111425,-0.1746842409941307,-0.2501174284481493
470,94.20000000001129,0.016712222173547512,0.2096790387832637,9.902586044013072,10.212259403028794,183.29889280998043,183.9621506314722,29.78609986772169,246.43499827562292,40.04572726551599,0.3564201733131832,0.03547681450739276,0.36351553621466176,12.29731793411085,0.36351553621466176,-0.0457272655159926,0.3564201733131832,12.29731793411085,0.36351553621466176,-0.17903710771204528,-0.25591891614850937
471,94.40000000001139,0.016701623624646837,0.2091507111351206,9.899386093085592,10.207231448960437,183.25034501514307,183.67203508731197,29.778210843171593,246.36935601523408,40.03506038753593,0.3709822252354905,0.046174673019090395,0.3802171598393086,12.30009821988502,0.3802171598393086,-0.03506038753592833,0.3709822252354905,12.30009821988502,0.3802171598393086,-0.18360270109982985,-0.26251543596077626
472,94.60000000001149,0.013910845103487763,0.20877749293812708,9.89520408343066,10.201091944219447,183.1825333539844,183.53945495647216,29.767191437213906,246.2780867373048,40.02022911504115,0.385231374019972,0.044483154614121945,0.3941280049427964,12.302941605764747,0.3941280049427964,-0.020229115041146883,0.385231374019972,12.302941605764747,0.3941280049427964,-0.18518134095980918,-0.2651419400359245
473,94.8000000000116,-0.008679486462433928,0.20920254058972457,9.892013440761048,10.197697307351223,183.1641925613748,184.06122418440611,29.76421105543446,246.2542585245859,40.016357026602236,0.3853686354976196,0.0003994149137140357,0.38544851848036243,12.305846295806564,0.38544851848036243,-0.016357026602236147,0.3853686354976196,12.305846295806564,0.38544851848036243,-0.18239065200215313,-0.26148182206494114
474,95.0000000000117,-0.013468566867236659,0.209764290155049,9.891994321766372,10.198706220966423,183.22586091311246,184.62611832085358,29.774232172612948,246.337943935816,40.029955919526024,0.3769053731586286,-0.024627107727513975,0.3719799516131258,12.308810455345983,0.3719799516131258,-0.029955919526024388,0.3769053731586286,12.308810455345983,0.3719799516131258,-0.1783399281066618,-0.25571978486793795
475,95.2000000000118,0.007976215318463155,0.2094795949581847,9.89315130027168,10.199700050358697,183.28897587256714,184.44810499945442,29.784488363780525,246.4224294688832,40.043684832378354,0.3788338426232506,0.005611621541691814,0.37995616693158896,12.311832212156308,0.37995616693158896,-0.04368483237835363,0.3788338426232506,12.311832212156308,0.37995616693158896,-0.1776211443962293,-0.2544028270583482
476,95.4000000000119,0.01668063458630565,0.20884281291193382,9.892366484858385,10.197480701130182,183.29539718411561,184.0193949918591,29.785531827950617,246.43039244270403,40.044978816918224,0.3900860740287814,0.032753637445565864,0.3966368015178946,12.314909657631171,0.3966368015178946,-0.04497881691822414,0.3900860740287814,12.314909657631171,0.3966368015178946,-0.18122600836362227,-0.259122459173777
477,95.600000000012,0.01690585687133689,0.20827673996552987,9.889536553303037,10.192610619393266,183.25475975202568,183.70167394577757,29.778928238632414,246.375330463794,40.03603123639776,0.4044860584659955,0.04528299961617993,0.4135426583892315,12.318040847990048,0.4135426583892315,-0.03603123639776129,0.4044860584659955,12.318040847990048,0.4135426583892315,-0.18560661135246992,-0.26534384060047106
478,95.8000000000121,0.015592625090088998,0.2078318297473374,9.885554640848301,10.18633511346899,183.18939181138145,183.51699537566728,29.768305937655423,246.28726291762376,40.02172024583411,0.41943828915279857,0.048484971632609675,0.4291352834793205,12.321223805505998,0.4291352834793205,-0.021720245834110585,0.41943828915279857,12.321223805505998,0.4291352834793205,-0.18719382215102048,-0.26792291523856165
479,96.00000000001221,-0.0020399699517303876,0.20802411204496546,9.881798138789387,10.18166957645737,183.1530873780954,183.86739711031285,29.762406461346963,246.23904731164728,40.013885202027886,0.42427845167952466,0.014084309240327275,0.4270953135275901,12.324456519754833,0.4270953135275901,-0.013885202027886123,0.42427845167952466,12.324456519754833,0.4270953135275901,-0.1843821395360104,-0.2642370413194726
480,96.20000000001231,-0.013392516973358082,0.20861741864073968,9.880678515356712,10.181438806391052,183.19701768356367,184.4941608780231,29.76954514312424,246.29900677444786,40.0236286244764,0.41759336265178926,-0.01945283048778612,0.41370279655423203,12.327736948884946,0.41370279655423203,-0.023628624476401683,0.41759336265178926,12.327736948884946,0.41370279655423203,-0.17966927678943753,-0.25758730990327194
481,96.40000000001241,0.0007769626838684063,0.20860971009630447,9.881689158574542,10.182783849226732,183.2706579318362,184.56252589272998,29.781511695435082,246.39800590372693,40.039715999071625,0.41562518992197034,-0.00572715341934954,0.41447975923810043,12.331063020906983,0.41447975923810043,-0.03971599907162471,0.41562518992197034,12.331063020906983,0.41447975923810043,-0.17761475391701095,-0.2544707930342156
482,96.60000000001251,0.016673739495795866,0.20796366289588242,9.881678950290599,10.181375328634747,183.29591994694886,184.11698790496897,29.785616776995965,246.43124517510657,40.04511738607221,0.42544095316576475,0.028562727840657776,0.4311534987338963,12.334432635002571,0.4311534987338963,-0.0451173860722065,0.42544095316576475,12.334432635002571,0.4311534987338963,-0.18027483606163475,-0.2578318784478313
483,96.80000000001262,0.017137345907308223,0.20734476018565126,9.879394851066115,10.176863406728916,183.2657426502845,183.75202806864428,29.780712961384193,246.39015724070478,40.03844059005512,0.43954378232774544,0.04373531156729532,0.4482908446412045,12.337843662851222,0.4482908446412045,-0.03844059005511724,0.43954378232774544,12.337843662851222,0.4482908446412045,-0.18456387606969601,-0.26377210548010765
484,97.00000000001272,0.01679562696934283,0.20683520356738722,9.875716852113582,10.170579032085314,183.20399134548578,183.51631015394557,29.770678364319803,246.3068680500548,40.02490608303999,0.45488007073703984,0.051032004367537465,0.46508647161054734,12.34129394997464,0.46508647161054734,-0.02490608303998698,0.45488007073703984,12.34129394997464,0.46508647161054734,-0.18643462912873499,-0.26668531525765077
485,97.20000000001282,0.008263075218567518,0.20665061661317158,9.871435932392398,10.164153676188208,183.1398509644215,183.57214426468255,29.760255541974036,246.22081815475244,40.010922961070236,0.46654395888840117,0.03402793970356838,0.47334954682911484,12.344781317097521,0.47334954682911484,-0.010922961070235715,0.46654395888840117,12.344781317097521,0.47334954682911484,-0.18397744220849882,-0.26352275682948517
486,97.40000000001292,-0.013528887465926953,0.20728991167852798,9.868798648657664,10.162069729133734,183.15374778673043,184.2829206476471,29.762513777857475,246.24057367424643,40.01413323619828,0.46229402303537875,-0.012366818360954324,0.4598206593631879,12.34830356152405,0.4598206593631879,-0.014133236198283328,0.46229402303537875,12.34830356152405,0.4598206593631879,-0.17865869528356632,-0.2561031346473513
487,97.60000000001303,-0.010830274084133335,0.20774988515629414,9.869485509822153,10.164155221680662,183.243628532264,184.7602803269867,29.777119413612315,246.36201158263904,40.03386691604576,0.45388452010245217,-0.02447067411698811,0.44899038527905455,12.351858458529149,0.44899038527905455,-0.033866916045759865,0.45388452010245217,12.351858458529149,0.44899038527905455,-0.17494657952712478,-0.2507354811651538
488,97.80000000001313,0.015789632431727606,0.207126224852608,9.870735293017137,10.164364075085606,183.3011655187374,184.3087992760629,29.786469183264014,246.4385854174783,40.0463101766504,0.4607717881393009,0.020041147857406127,0.46478001771078215,12.355443762763679,0.46478001771078215,-0.04631017665040105,0.4607717881393009,12.355443762763679,0.46478001771078215,-0.17637910224557,-0.2523681207722973
489,98.00000000001323,0.01730197087456715,0.20643300676703105,9.869396638481032,10.160735436535385,183.28981240335872,183.86504657125346,29.784624300170094,246.4226549752323,40.043721477196726,0.47407331662375013,0.04004335980799578,0.4820819885853493,12.35905720967264,0.4820819885853493,-0.043721477196726255,0.47407331662375013,12.35905720967264,0.4820819885853493,-0.1807692574485333,-0.2582189809616523
490,98.20000000001333,0.017285862911161378,0.20586144281808655,9.86623830844257,10.154757247637612,183.23618685880814,183.5719743388133,29.775910140466465,246.35018939444967,40.03194580854388,0.48930551346674356,0.05031169014883541,0.49936785149651064,12.362696516925514,0.49936785149651064,-0.03194580854388107,0.48930551346674356,12.362696516925514,0.49936785149651064,-0.1834463105247993,-0.2621473415633972
491,98.40000000001343,0.016117654815430506,0.20539718177180408,9.862125742269356,10.147595762132315,183.16133025945874,183.39586748193813,29.763745930907977,246.24939287307706,40.01556635744138,0.5048995163878277,0.052929949620567074,0.5154855063119411,12.366359385857837,0.5154855063119411,-0.015566357441379353,0.5048995163878277,12.366359385857837,0.5154855063119411,-0.18200055994996014,-0.26045076780414006
492,98.60000000001354,-0.003507994850447234,0.20565853867699166,9.85805733343357,10.142474957149803,183.12289895384822,183.83142407180605,29.757500837501173,246.1984516962217,40.007288407924435,0.5093736625891507,0.013019244361715532,0.5119775114614938,12.370043502923087,0.5119775114614938,-0.007288407924434637,0.5093736625891507,12.370043502923087,0.5119775114614938,-0.17724044491869723,-0.2539546131914392
493,98.80000000001364,-0.014302012493052664,0.20632538594517175,9.856730423351193,10.14244297939102,183.17639138188642,184.53851403081347,29.76619336574991,246.2713760499846,40.01913862726113,0.501979012864007,-0.0215175694778294,0.49767549896844115,12.37374654115396,0.49767549896844115,-0.01913862726112825,0.501979012864007,12.37374654115396,0.49767549896844115,-0.17235983887083314,-0.24703104924839608
494,99.00000000001374,0.002334722587456013,0.2062525839198227,9.857863820168218,10.14386588647508,183.2572295475079,184.55843161277167,29.779329580799615,246.37996703811453,40.03678468047829,0.5007344994021156,-0.0036213892310921203,0.5000102215558971,12.37746616163214,0.5000102215558971,-0.03678468047829142,0.5007344994021156,12.37746616163214,0.5000102215558971,-0.17126191944823663,-0.24531219339181548
495,99.20000000001384,0.017072256585791003,0.20554792121789145,9.858051894174748,10.142152196610963,183.28213092368065,184.06996967101077,29.783376058474165,246.41265572301464,40.04209659708648,0.5110683928586256,0.03007042641531288,0.5170824781416882,12.381200014965613,0.5170824781416882,-0.04209659708647706,0.5110683928586256,12.381200014965613,0.5170824781416882,-0.17420436737219094,-0.2490926030369181
496,99.40000000001395,0.017337426287173434,0.2048937258493848,9.85593900369921,10.137188288004369,183.2482509672403,183.685070576783,29.77787056004711,246.36656472267822,40.03460680204201,0.5254176826477254,0.04501110890568094,0.5344199044288616,12.384945742772578,0.5344199044288616,-0.034606802042013385,0.5254176826477254,12.384945742772578,0.5344199044288616,-0.17694926696874447,-0.2528357601491578
497,99.60000000001405,0.017061774550188022,0.204354989608798,9.852409636890402,10.130402207056102,183.18131435457107,183.43600991008913,29.766993349611152,246.2762916786283,40.019937417714516,0.5409657861353748,0.05257946421837356,0.5514816789790495,12.388700979171073,0.5514816789790495,-0.01993741771451596,0.5409657861353748,12.388700979171073,0.5514816789790495,-0.17607612225459407,-0.25182392513605834
498,99.80000000001415,0.009155161362933007,0.2041298759918727,9.84811298176195,10.123363071693406,183.10949984300422,183.4727377047899,29.755323479811665,246.17990662149043,40.00427483026703,0.5533462944235191,0.03645272959231727,0.5606368403419826,12.3924633522733,0.5606368403419826,-0.004274830267029017,0.5533462944235191,12.3924633522733,0.5606368403419826,-0.1719129328116888,-0.24619501217478756
499,100.00000000001425,-0.014379533367314588,0.20483920836100686,9.845072946145118,10.121080423780686,183.12297221054595,184.2637876728406,29.75751274172646,246.19921552998747,40.0074125310355,0.5488651997158515,-0.013039463705917242,0.546257306974668,12.396230485683766,0.546257306974668,-0.0074125310354986595,0.5488651997158515,12.396230485683766,0.546257306974668,-0.1663995993406955,-0.2384494758883804
