,time,Pitch_increment,Cp,Lambda_i,Lambda,Tem,Tm,Ia,Ea,w,pitch,dpitch,pitch_ref,Vx,actions.pitch,obs.error_wg,obs.pitch,obs.Vx,obs.pitch_ref,reward,integral_error
0,0.20000000000000004,0.0,0.22340854091333964,9.976682570389382,10.304498088874823,185.39754755982673,195.20720464077598,30.127131605603452,249.27067974827892,40.50652596562129,0.0,0.0,0.0,12.327477217481727,0.0,-0.506525965621293,0.0,12.327477217481727,0.0,-0.0,0.0
1,0.4000000000000002,0.0,0.21823129079336812,10.015200824328065,10.34543473163553,186.14105975450173,189.9289597376576,30.24795245805899,250.2609564875789,40.66744609667767,0.0,0.0,0.0,12.327477217481727,0.0,-0.6674460966776721,0.0,12.327477217481727,0.0,-0.25408870027909275,-0.10130519312425862
2,0.6000000000000003,0.0,0.21657727430099963,10.027437249430264,10.358441468682631,186.37729656800556,188.2527723074111,30.286340978641885,250.57559560508608,40.718575004401494,0.0,0.0,0.0,12.327477217481727,0.0,-0.7185750044014938,0.0,12.327477217481727,0.0,-0.4404655136633903,-0.23479441245979304
3,0.8000000000000005,0.0,0.21605067154154753,10.031326142863213,10.36257538334568,186.45237930932595,187.72012335965718,30.298541936307405,250.67559695490363,40.73482523999708,0.0,0.0,0.0,12.327477217481727,0.0,-0.7348252399970789,0.0,12.327477217481727,0.0,-0.5119971123309088,-0.3785094133400918
4,1.0000000000000007,0.0,0.21588319308210516,10.032562253421927,10.363889396356294,186.47624522367497,187.55082407344696,30.302420151267334,250.7073835507697,40.73999056699064,0.0,0.0,0.0,12.327477217481727,0.0,-0.7399905669906417,0.0,12.327477217481727,0.0,-0.5393992698985455,-0.5254744613395076
5,1.2000000000000008,0.017453292519943295,0.21758442672269074,10.014482225629468,10.344670496610338,187.50514801921278,192.1962489296349,30.4696170227391,252.09628206455844,40.96568680117755,0.011032585021031847,0.032103537494557244,0.017453292519943295,12.418799985034646,0.017453292519943295,-0.9656868011775472,0.011032585021031847,12.418799985034646,0.017453292519943295,-0.5534814029371471,-0.673472574737636
6,1.400000000000001,0.017453292519943295,0.21485753977942806,10.027344766903857,10.358337761690432,187.81261789270363,189.65111624992804,30.519580927145267,252.50524465668025,41.03214328885383,0.025630671693447224,0.046379566732196835,0.03490658503988659,12.422533838368114,0.03490658503988659,-1.032143288853831,0.025630671693447224,12.422533838368114,0.03490658503988659,-0.9289687193868374,-0.8666099349731454
7,1.6000000000000012,0.017453292519943295,0.21373219280765732,10.027764851414357,10.358766896631266,187.87773666531248,188.76296599516178,30.53016273827602,252.59131526291947,41.04612977635419,0.04143536166593239,0.0546225794694875,0.05235987755982989,12.426253458846292,0.05235987755982989,-1.0461297763541921,0.04143536166593239,12.426253458846292,0.05235987755982989,-1.06579628377314,-1.0730385927439117
8,1.8000000000000014,0.017453292519943295,0.21313184722142856,10.02404192672012,10.354770420055479,187.86159756029969,188.41765226283624,30.52754013108883,252.56910743556736,41.0425210008007,0.05780667879053993,0.06003245644616625,0.06981317007977318,12.42995649707716,0.06981317007977318,-1.042521000800697,0.05780667879053993,12.42995649707716,0.06981317007977318,-1.1073618899797162,-1.28226454801475
9,2.0000000000000013,0.017453292519943295,0.21270359487136917,10.01890546406465,10.34924022814247,187.8170567475919,188.25108089468588,30.520302241785927,252.50903639602632,41.032759447113726,0.07449197943357472,0.06387241583070878,0.08726646259971647,12.433640614142407,0.08726646259971647,-1.032759447113726,0.07449197943357472,12.433640614142407,0.08726646259971647,-1.1176680163570503,-1.4907687481748895
10,2.199999999999997,0.017453292519943295,0.21233180254969194,10.013267291303732,10.34313587617315,187.76163195172887,188.14374141749366,30.511295703451648,252.43444116547025,41.02063771002663,0.09137047780232005,0.06674638658669858,0.10471975511965977,12.437303483074729,0.10471975511965977,-1.0206377100266266,0.09137047780232005,12.437303483074729,0.10471975511965977,-1.1192289317962332,-1.6973206375976346
11,2.399999999999993,0.017453292519943295,0.21197818494355297,10.007441731081672,10.33678173416093,187.7012223971563,188.05587482250868,30.501479141017043,252.35318208690975,41.007433096555935,0.10837688142334295,0.06898083108130053,0.12217304763960306,12.440942790327599,0.12217304763960306,-1.0074330965559355,0.10837688142334295,12.440942790327599,0.12217304763960306,-1.1195329398867875,-1.90144817960296
12,2.5999999999999885,0.017453292519943295,0.2116297588987932,10.001543609792426,10.330290176113149,187.63784923359353,187.97389546294042,30.49118099163994,252.26795229147442,40.993583240947835,0.12547245780903635,0.07076941175255008,0.13962634015954636,12.444556237236556,0.13962634015954636,-0.9935832409478351,0.12547245780903635,12.444556237236556,0.13962634015954636,-1.1210264640390677,-2.102934798914147
13,2.7999999999999843,0.017453292519943295,0.21128187952203537,9.995619191738696,10.323700826478419,187.5722029762451,187.89290143832963,30.480513464153297,252.17967152456083,40.97923760197874,0.1426329170276984,0.0722335782589563,0.15707963267948966,12.448141541471081,0.15707963267948966,-0.9792376019787383,0.1426329170276984,12.448141541471081,0.15707963267948966,-1.1244813844340649,-2.301651447103714
14,2.99999999999998,0.017453292519943295,0.21093273850280442,9.989689939119408,10.31702714060901,187.50449586757833,187.810973136708,30.46951104799253,252.08862173840885,40.96444199693344,0.15984184260461787,0.0734554129740754,0.17453292519943295,12.451696438476178,0.17453292519943295,-0.9644419969334379,0.15984184260461787,12.451696438476178,0.17453292519943295,-1.1301032727506002,-2.497498967499462
15,3.1999999999999758,0.017453292519943295,0.21058151579435797,9.98376763908302,10.310272542437456,187.43475689066292,187.7272473514027,30.458178452911177,251.99484061947905,40.9492025498679,0.17708762692280935,0.07449295398283443,0.19198621771937624,12.455218682902702,0.19198621771937624,-0.9492025498678984,0.17708762692280935,12.455218682902702,0.19198621771937624,-1.1378985768444907,-2.6903873668861493
16,3.3999999999999715,0.017453292519943295,0.21022770044067599,9.977859805077372,10.30343619217386,187.3629375894355,187.6412115858431,30.446507804791075,251.89826227630718,40.93350855340847,0.19436267075835004,0.07538419740484747,0.20943951023931953,12.45870605002558,0.20943951023931953,-0.9335085534084726,0.19436267075835004,12.45870605002558,0.20943951023931953,-1.1478002915118777,-2.8802278768597294
17,3.5999999999999672,0.017453292519943295,0.2098709704197231,9.97197161275161,10.296515121307216,187.28895096937137,187.55255957079063,30.434484967007815,251.798769334317,40.91734093416745,0.2116612677315209,0.07615767513870955,0.22689280275926282,12.462156337148992,0.22689280275926282,-0.9173409341674486,0.2116612677315209,12.462156337148992,0.22689280275926282,-1.159712448178373,-3.0669295875414235
18,3.799999999999963,0.017453292519943295,0.2095111002723274,9.96610695529857,10.289505424189958,187.21269309933652,187.4610880068593,30.42209305073524,251.69622204322118,40.900676982700425,0.22897884934558724,0.07683622966809439,0.24434609527920612,12.46556736499764,0.24434609527920612,-0.9006769827004248,0.22897884934558724,12.46556736499764,0.24434609527920612,-1.1735265847687275,-3.2503977743749135
19,3.9999999999999587,0.017453292519943295,0.2091478759565675,9.9602689205232,10.282402796070242,187.1340533211271,187.36661106053856,30.40931407399723,251.5904714427381,40.883492492937435,0.24631229398810464,0.07743546905522383,0.2617993877991494,12.468936979093224,0.2617993877991494,-0.8834924929374353,0.24631229398810464,12.468936979093224,0.2617993877991494,-1.1891305469889466,-3.430533170914998
20,4.199999999999955,0.017453292519943295,0.2087811521846018,9.954459892464284,10.275202737274007,187.0529177159083,187.26900817350855,30.396129524964625,251.48136437949276,40.865762577430154,0.26365886972829455,0.07796905295399087,0.2792526803190927,12.472263051115258,0.2792526803190927,-0.8657625774301536,0.26365886972829455,12.472263051115258,0.2792526803190927,-1.2064123262205722,-3.6072316695024855
21,4.399999999999951,0.017453292519943295,0.20841080106968235,9.948681801708982,10.267900862091288,186.96917489400028,187.16817272883014,30.38252130279635,251.3687510954181,40.847462900468344,0.2810164955986838,0.07844738620176123,0.29670597283903605,12.475543480245364,0.29670597283903605,-0.8474629004683436,0.2810164955986838,12.475543480245364,0.29670597283903605,-1.2252614780269082,-3.7803841849885162
22,4.599999999999946,0.017453292519943295,0.20803672102980988,9.94293614703199,10.260492982236515,186.88271751199014,187.0640186628366,30.368471964170364,251.25248730791242,40.828570016105786,0.2983835678953833,0.07887848731798042,0.31415926535897937,12.478776194494193,0.31415926535897937,-0.8285700161057861,0.2983835678953833,12.478776194494193,0.31415926535897937,-1.2455709833839013,-3.949876765082185
23,4.799999999999942,0.017453292519943295,0.2076588511371088,9.937224028562765,10.252975214547533,186.7934442324115,186.9564915964507,30.35396504173191,251.13243688645383,40.80906180311055,0.31575868005047414,0.07926938914224274,0.3316125578789227,12.48195915201014,0.3316125578789227,-0.8090618031105521,0.31575868005047414,12.48195915201014,0.3316125578789227,-1.2672375976121746,-4.115590768303342
24,4.999999999999938,0.017453292519943295,0.20727713339359927,9.931546238982843,10.245344094392372,186.70126190166323,186.84553301770103,30.338985398005676,251.00847467248624,40.78891792319694,0.3331410043754936,0.07962423011686204,0.349065850398866,12.485090342369013,0.349065850398866,-0.7889179231969408,0.3331410043754936,12.485090342369013,0.349065850398866,-1.2901622704555726,-4.277403128925452
25,5.199999999999934,0.017453292519943295,0.20689158709964114,9.925903149380073,10.237596578399819,186.60608561856162,186.73114739814955,30.323519236535503,250.88048659044233,40.76811983906672,0.35052941143564786,0.07994865741580731,0.3665191429188093,12.48816778784387,0.3665191429188093,-0.7681198390667205,0.35052941143564786,12.48816778784387,0.3665191429188093,-1.3142505133344948,-4.435186713564841
26,5.399999999999929,0.017453292519943295,0.20650225324268223,9.920294925158023,10.229730290400143,186.50784324031417,186.613347916415,30.30755483410589,250.74837571934555,40.74665180104545,0.3679228629484638,0.08024786245144411,0.38397243543875265,12.49118954465419,0.38397243543875265,-0.7466518010454521,0.3679228629484638,12.49118954465419,0.38397243543875265,-1.3394121097041427,-4.588810681378185
27,5.599999999999925,0.017453292519943295,0.20610915811452685,9.914721523333235,10.221743486142536,186.40647468946764,186.49212433321972,30.291082428120923,250.6120614769826,40.72450071451039,0.3853209667382937,0.08052380610201137,0.40142572795869597,12.494153704193604,0.40142572795869597,-0.7245007145103912,0.3853209667382937,12.494153704193604,0.40142572795869597,-1.3655620313968075,-4.738141041587276
28,5.799999999999921,0.017453292519943295,0.205712381321914,9.909182495403924,10.213634928677235,186.30192987810895,186.36750682604276,30.274093879286585,250.47147661045872,40.701655650855194,0.4027233611185777,0.0807782968003079,0.4188790204786393,12.497058394235417,0.4188790204786393,-0.7016556508551943,0.4027233611185777,12.497058394235417,0.4188790204786393,-1.392619800147257,-4.883041184489354
29,5.9999999999999165,0.017453292519943295,0.20531204003743253,9.903677104354669,10.205404033025836,186.19417126315574,186.23954939794442,30.256583086845897,250.32657078623586,40.67810843087176,0.4201297125217054,0.08101300238438608,0.4363323129985826,12.499901780115136,0.4363323129985826,-0.6781084308717595,0.4201297125217054,12.499901780115136,0.4363323129985826,-1.42050846757455,-5.023372314660392
30,6.199999999999912,0.017453292519943295,0.20490828632262084,9.898204362382378,10.19705092168695,186.08317492345364,186.10832667907337,30.23854616360738,250.17731199578046,40.65385385316818,0.4375396791081415,0.08122963205192207,0.4537856055185259,12.502682065889303,0.4537856055185259,-0.6538538531681795,0.4375396791081415,12.502682065889303,0.4537856055185259,-1.4491548973232735,-5.158994000834745
31,6.399999999999908,0.017453292519943295,0.2045013702157544,9.892762968356294,10.18857649182787,185.96893174976128,185.97399030388362,30.21998162931784,250.02368824785722,40.62888996916677,0.45495208696608647,0.08143405536191389,0.47123889803846924,12.505397495469827,0.47123889803846924,-0.6288899691667709,0.45495208696608647,12.505397495469827,0.47123889803846924,-1.4784895369752507,-5.289764771468381
32,6.599999999999904,0.017453292519943295,0.20409142527795443,9.887351812319258,10.179982600730797,185.8514511137474,185.83657084938483,30.20089100687496,249.86571216335136,40.60321882976343,0.4723671283109367,0.08162531123737937,0.48869219055841256,12.508046353733185,0.48869219055841256,-0.6032188297634278,0.4723671283109367,12.508046353733185,0.48869219055841256,-1.5084461845933421,-5.415542765301734
33,6.7999999999998995,0.017453292519943295,0.20367867804536188,9.8819692366167,10.17127149321584,185.7307501798205,185.6961786062403,30.181277085497914,249.70340696401425,40.576844208496524,0.48978472706220444,0.08180378008075695,0.5061454830783558,12.510626967603725,0.5061454830783558,-0.5768442084965244,0.48978472706220444,12.510626967603725,0.5061454830783558,-1.5389621520306351,-5.53618653125442
34,6.999999999999895,0.017453292519943295,0.20326340636257473,9.876613350947947,10.162446117346605,185.60685975916965,185.55296034849476,30.16114487200994,249.53681425306107,40.54977286589529,0.5072045169052015,0.08197129346548815,0.5235987755982991,12.513137707110415,0.5235987755982991,-0.5497728658952923,0.5072045169052015,12.513137707110415,0.5235987755982991,-1.5699754380051258,-5.651555372953725
35,7.199999999999891,0.017453292519943295,0.20284587867220502,9.87128222421216,10.153510192710952,185.47982564539944,185.4070429226764,30.140501807879218,249.36599572644954,40.52201482756288,0.5246263633377465,0.08212852390247993,0.5410520681182425,12.515576986416367,0.5410520681182425,-0.5220148275628773,0.5246263633377465,12.515576986416367,0.5410520681182425,-1.601425560964512,-5.761509946132783
36,7.399999999999887,0.017453292519943295,0.20242640122047878,9.865973721398333,10.144468050112541,185.34970566051751,185.25857935057894,30.119357289191388,249.19102926848007,40.49358274971076,0.5420499876983068,0.08227686469939488,0.5585053606381858,12.517943264820492,0.5585053606381858,-0.493582749710761,0.5420499876983068,12.517943264820492,0.5585053606381858,-1.6332532716561965,-5.865912911645359
37,7.599999999999882,0.017453292519943295,0.20200527997674425,9.860685646218052,10.135324664469625,185.21657031655997,185.10771357923971,30.09772277416377,249.0120097872335,40.4644920549175,0.5594752489450141,0.08241702106557502,0.5759586531581291,12.52023504773063,0.5759586531581291,-0.4644920549174998,0.5594752489450141,12.52023504773063,0.5759586531581291,-1.6653994801871244,-5.964629461587511
38,7.799999999999878,0.017453292519943295,0.20158283413030842,9.855415684835801,10.126085537152177,185.08050065923445,184.95459503545277,30.07561143273703,248.8290463486905,40.434760466422674,0.5769020567655991,0.08254944456236646,0.5934119456780724,12.522450887607576,0.5934119456780724,-0.43476046642267363,0.5769020567655991,12.522450887607576,0.5934119456780724,-1.6978049085737998,-6.057527872571011
39,7.999999999999874,0.017453292519943295,0.20115939600264093,9.85016142876711,10.116756650029954,184.9415874440011,184.79937948232538,30.05303801268819,248.64226106779827,40.40440782792505,0.5943303258306056,0.08267456183705058,0.6108652381980157,12.524589384879372,0.6108652381980157,-0.4044078279250485,0.5943303258306056,12.524589384879372,0.6108652381980157,-1.7304092978667165,-6.144479965855545
40,8.19999999999987,0.017453292519943295,0.20073531017295723,9.844920405687398,10.107344425466605,184.79993041348854,184.6422290397218,30.03001872221061,248.45178814225142,40.3734559465718,0.611759925111644,0.08279302803157529,0.6283185307179591,12.526649188825301,0.6283185307179591,-0.37345594657180214,0.611759925111644,12.526649188825301,0.6283185307179591,-1.7631509177034903,-6.225361531440555
41,8.399999999999865,0.017453292519943295,0.20031093028874172,9.839690118015989,10.097855687812734,184.6556376068549,184.48331003528418,30.00657111768504,248.25777291992685,40.341928441416556,0.6291906457921964,0.08290588722852987,0.6457718232379024,12.528628998429047,0.6457718232379024,-0.341928441416556,0.6291906457921964,12.528628998429047,0.6457718232379024,-1.7687265572685134,-6.198747527630657
42,8.599999999999861,0.017453292519943295,0.19988658565748163,9.83446814073384,10.088297605455136,184.50882435990468,184.32276331853063,29.982713941198455,248.06037048515157,40.30985051368764,0.6466225059261843,0.08301304915830698,0.6632251157578457,12.530527563200428,0.6632251157578457,-0.3098505136876426,0.6466225059261843,12.530527563200428,0.6632251157578457,-1.7644945888051118,-6.133643996578434
43,8.799999999999857,0.017453292519943295,0.19946262913384155,9.829251966051006,10.078677529258856,184.35961027611532,184.16075129248244,29.95846662833537,247.85974169364002,40.277248302464805,0.6640553457144838,0.08311531281652629,0.680678408277789,12.532343683965243,0.680678408277789,-0.27724830246480536,0.6640553457144838,12.532343683965243,0.680678408277789,-1.7560518588257152,-6.051899098435664
44,8.999999999999853,0.017453292519943295,0.19903939221130262,9.824039190474528,10.069003031012274,184.20811996671338,183.9974158347594,29.933849428440354,247.65605412137816,40.24414903887299,0.6814891203780207,0.08321290209855836,0.6981317007977323,12.534076213622688,0.6981317007977323,-0.24414903887299033,0.6814891203780207,12.534076213622688,0.6981317007977323,-1.7451788388734664,-5.960383710929209
45,9.199999999999848,0.017453292519943295,0.1986172024456826,9.818827441840849,10.059281764933866,184.0544805271597,183.83289683146296,29.90888299454645,247.44947866011194,40.210580492848685,0.6989237871845312,0.0833060306657224,0.7155849933176757,12.535724057869903,0.7155849933176757,-0.21058049284868474,0.6989237871845312,12.535724057869903,0.7155849933176757,-1.7324171523311014,-5.861215405305678
46,9.399999999999844,0.017453292519943295,0.19819637858357844,9.813614414663217,10.049521420688123,183.89882066662003,183.66732849465532,29.883588241913998,247.2401883599081,40.17657078505585,0.7163593053550014,0.08339490241308811,0.733038285837619,12.537286175893136,0.733038285837619,-0.17657078505585133,0.7163593053550014,12.537286175893136,0.733038285837619,-1.704772200161371,-5.710194143639907
47,9.59999999999984,0.017453292519943295,0.19777722774696344,9.808397890455415,10.039729665264076,183.74126964223316,183.50083775480573,29.857986174849064,247.0283569955166,40.1421481539196,0.7337956359743889,0.083479711915867,0.7504915783575623,12.538761581025168,0.7504915783575623,-0.14214815391959945,0.7337956359743889,12.538761581025168,0.7504915783575623,-1.671035835807804,-5.53907964288031
48,9.799999999999836,0.017453292519943295,0.19736004342984861,9.80317575210361,10.02991408423603,183.5819561796097,183.33354339731255,29.832097711284288,246.81415761537377,40.10734071983896,0.7512327419064218,0.08356064485541936,0.7679448708775056,12.54014934136849,0.7679448708775056,-0.10734071983895888,0.7512327419064218,12.54014934136849,0.7679448708775056,-1.634142436489132,-5.358283318393392
49,9.999999999999831,0.017453292519943295,0.19694510393585313,9.79794599499731,10.020082126050744,183.42100747010088,183.1655555383438,29.805943519834912,246.59776116315683,40.07217626118925,0.7686705877121108,0.08363787842669057,0.785398163397449,12.541448580383928,0.785398163397449,-0.07217626118924869,0.7686705877121108,12.541448580383928,0.785398163397449,-1.5950776902199304,-5.171247262201044
50,10.199999999999827,0.01745328835875409,0.1965326711627391,9.792706735701204,10.010241050814669,183.25854817683015,182.99697532964788,29.77954385827876,246.37933520845067,40.036682008055244,0.7861091393821709,0.0837115618701606,0.802851451756203,12.542658477444272,0.802851451756203,-0.03668200805524435,0.7861091393821709,12.542658477444272,0.802851451756203,-1.5541753156744929,-4.979130625016149
51,10.399999999999823,0.017453151039510385,0.19612299021354027,9.787456217293482,10.000397884470454,183.09469959304124,182.82789532648397,29.75291843678764,246.15904280872485,40.00088445730225,0.8035483583754928,0.08378122210110306,0.8203046027957134,12.543778268352606,0.8203046027957134,-0.0008844573022486202,0.8035483583754928,12.543778268352606,0.8203046027957134,-1.5115477014303174,-4.782339484621872
52,10.599999999999818,0.01730802540485788,0.19571692382154457,9.782191326404524,9.990559487689373,182.92958021126123,182.6589902152643,29.72608651041646,245.93704419420757,39.96480964636838,0.8209815806333151,0.08315523783628098,0.8376126282005713,12.544807245824991,0.8376126282005713,0.03519035363162004,0.8209815806333151,12.544807245824991,0.8376126282005713,-1.467229948793096,-4.581029756771135
53,10.799999999999814,-0.015838682449460902,0.19642944711861973,9.776788144412096,9.984821239812112,182.8371611680898,183.45674836804255,29.711068400882997,245.81415518301353,39.94484016207986,0.8214824509143687,0.0014574741837086735,0.8217739457511104,12.5457447599372,0.8217739457511104,0.05515983792013657,0.8214824509143687,12.5457447599372,0.8217739457511104,-1.4212289098493303,-4.375275037855244
54,10.99999999999981,-0.01743564595682962,0.1973185765859506,9.775434732111448,9.98612255823063,182.87240008525976,184.28797836543472,29.716794730649443,245.86275965149687,39.95273839610664,0.8106452805277701,-0.03153490366744671,0.8043382997942807,12.54659021853523,0.8043382997942807,0.04726160389336087,0.8106452805277701,12.54659021853523,0.8043382997942807,-1.3732260902271791,-4.168395549875469
55,11.199999999999806,-0.017415904234952106,0.19798749294587023,9.777419773871635,9.991823227522424,182.98728520151383,184.82940138692766,29.73546358070958,246.01787428499497,39.977944549256236,0.7961181017224931,-0.04597853081582226,0.7869223955593286,12.547343087609303,0.7869223955593286,0.022055450743764027,0.7961181017224931,12.547343087609303,0.7869223955593286,-1.3230000070172938,-3.966054829710109
56,11.399999999999801,-0.01186824215928902,0.1983121894113004,9.781271189047597,9.99913211229107,183.13071733562882,185.01665253911108,29.758771325811008,246.210779414623,40.009291664167904,0.7829505150185829,-0.03948180809271673,0.7750541534000396,12.54800289163118,0.7750541534000396,-0.009291664167903946,0.7829505150185829,12.54800289163118,0.7750541534000396,-1.2729817491572986,-3.7718032295877766
57,11.599999999999797,0.017383717436464975,0.19741805423375494,9.784940918793923,10.001446330516629,183.1824120551492,184.15646735014641,29.767171726133473,246.27887757711437,40.02035762663871,0.7889476676799726,0.017451015782659618,0.7924378708365045,12.548569213854497,0.7924378708365045,-0.0203576266387131,0.7889476676799726,12.548569213854497,0.7924378708365045,-1.2252708441471198,-3.5869598517396626
58,11.799999999999793,0.017449018978631558,0.19660825425445966,9.784643976882462,9.997850288422539,183.12415180372824,183.48084795813708,29.757704425810267,246.19959709991892,40.00747453621136,0.8020467407082241,0.03920074553455999,0.8098868898151361,12.549041696578001,0.8098868898151361,-0.0074745362113617375,0.8020467407082241,12.549041696578001,0.8098868898151361,-1.1782221189138942,-3.4075631902339154
59,11.999999999999789,0.017316410201102427,0.19600986024738368,9.781837965315516,9.991132751824958,183.00698098856273,183.05643373315084,29.738664149305595,246.04159381639224,39.981798976962715,0.8172202001846193,0.049915499158096344,0.8272033000162385,12.549420041371476,0.8272033000162385,0.018201023037285324,0.8172202001846193,12.549420041371476,0.8272033000162385,-1.1293607559790455,-3.228922700936103
60,12.199999999999784,-0.009701444362130112,0.19654048907125282,9.77790482209027,9.987001451122493,182.93470320247283,183.6362355345564,29.726918997320833,245.9454215419301,39.96617096673461,0.8173982403973888,0.0005180762835976793,0.8175018556541084,12.549704009264241,0.8175018556541084,0.03382903326539122,0.8173982403973888,12.549704009264241,0.8175018556541084,-1.078716385078599,-3.048583997741159
61,12.39999999999978,-0.017322757054934683,0.19737068839202132,9.777002749948656,9.988786134569024,182.96933697503806,184.38454351667417,29.732546990990677,245.99308484058957,39.97391626051207,0.8065136668614257,-0.031672841311259914,0.8001790985991737,12.549893420896089,0.8001790985991737,0.026083739487930302,0.8065136668614257,12.549893420896089,0.8001790985991737,-1.026983793020624,-2.86866567560205
62,12.599999999999776,-0.016762449807825326,0.19800425707386404,9.779104182729103,9.994535258966717,183.0755904716039,184.87281377881857,29.749813201448838,246.13652609842978,39.99722548822033,0.7922885997906463,-0.0443597549964897,0.7834166487913483,12.549988156630572,0.7834166487913483,0.0027745117796698082,0.7922885997906463,12.549988156630572,0.7834166487913483,-0.9747614167213188,-2.6939563476107953
63,12.799999999999772,0.012766145646160649,0.19736797315733484,9.782567843083376,9.997521231488516,183.13109144361104,184.22368880751642,29.758832118418912,246.21006197423569,40.00917507998838,0.7947502002869917,0.007162970752586095,0.796182794437509,12.549988156630572,0.796182794437509,-0.009175079988381185,0.7947502002869917,12.549988156630572,0.796182794437509,-0.9240100182392428,-2.527687442033704
64,12.999999999999767,0.017208868427333664,0.19656407638006124,9.782857488995003,9.994871667798423,183.0819271787944,183.51919652068182,29.750842917397005,246.14295280971342,39.99826982984826,0.8065185371922645,0.0343656283628907,0.8133916628648427,12.549893420896089,0.8133916628648427,0.001730170151738264,0.8065185371922645,12.549893420896089,0.8133916628648427,-0.8746641462299005,-2.3677100974092697
65,13.199999999999763,0.013724527856912298,0.19606685681465513,9.780385451162793,9.989071594120407,182.97321534085523,183.15573533256654,29.733177226066204,245.99640202839203,39.97445530406901,0.8194280147298625,0.038440879959462104,0.8271161907217549,12.549704009264241,0.8271161907217549,0.025544695930989292,0.8194280147298625,12.549704009264241,0.8271161907217549,-0.8245833483858809,-2.2095804787395337
66,13.399999999999759,-0.016890797527610333,0.19687686947452052,9.777246288194819,9.987263828288198,182.93502536802862,183.93737326940686,29.726971349276003,245.94631772138044,39.96631659604092,0.8136108484620558,-0.016927276339556152,0.8102253931941445,12.549420041371476,0.8102253931941445,0.033683403959081204,0.8136108484620558,12.549420041371476,0.8102253931941445,-0.7734420218125162,-2.050847571739992
67,13.599999999999755,-0.01740311690053052,0.19765610413857954,9.777718145224634,9.99101195157019,182.99749042883278,184.5849861534882,29.73712193180726,246.0312013218954,39.9801101949182,0.8005950407391405,-0.03886382222763218,0.792822276293614,12.549041696578001,0.792822276293614,0.019889805081803047,0.8005950407391405,12.549041696578001,0.792822276293614,-0.7219349686977856,-1.8947805307390853
68,13.79999999999975,-0.01617042805720341,0.1982066157278195,9.78061646309927,9.997694670250008,183.11269874573162,184.9614383227338,29.75584330202469,246.18649547066894,40.005345519329225,0.7859645785427467,-0.046563651531680295,0.7766518482364106,12.548569213854499,0.7766518482364106,-0.005345519329225112,0.7859645785427467,12.548569213854499,0.7766518482364106,-0.671204369689687,-1.7459024268206464
69,13.999999999999746,0.01584834681138545,0.19742438787642624,9.784353246935373,10.00054662064214,183.15763216685386,184.16232012278223,29.763144990258745,246.24560915781416,40.014951503096306,0.7900958761001798,0.012021594738081398,0.7925001950477961,12.548002891631182,0.7925001950477961,-0.014951503096305885,0.7900958761001798,12.548002891631182,0.7925001950477961,-0.6232789179168743,-1.6066404005154524
70,14.199999999999742,0.017319635122734944,0.19661722214563715,9.784361981258986,9.9974416038398,183.0918818688027,183.44704589724847,29.752460556140996,246.156209498405,40.000424043914855,0.8025070506589226,0.036563897558042346,0.809819830170531,12.547343087609304,0.809819830170531,-0.00042404391485462156,0.8025070506589226,12.547343087609304,0.809819830170531,-0.5772241304664261,-1.4740090149603617
71,14.399999999999737,0.012527077004055599,0.1961835023096359,9.781630812404181,9.991476531923823,182.97188647916494,183.12967914830423,29.73296128582559,245.99457685478419,39.97415871306114,0.8149853664508939,0.03680770361846386,0.8223469071745867,12.546590218535231,0.8223469071745867,0.025841286938856456,0.8149853664508939,12.546590218535231,0.8223469071745867,-0.5306784547276094,-1.343323053109697
72,14.599999999999733,-0.017232486296954005,0.19702187677955912,9.778484912486721,9.989768277862334,182.9273227601542,183.91892876365324,29.725719674244733,245.9359452431225,39.964631066638475,0.8087457388189998,-0.018156589706835313,0.8051144208776327,12.545744759937202,0.8051144208776327,0.03536893336152502,0.8087457388189998,12.545744759937202,0.8051144208776327,-0.48359204467333927,-1.2123768018885714
73,14.799999999999729,-0.017439470089707403,0.19780594325675827,9.778996287479428,9.99359933998479,182.9831371552665,184.5524792308314,29.73478952252033,246.01187606816256,39.97696983804626,0.7955743956527115,-0.039497224323930546,0.7876749507879254,12.544807245824993,0.7876749507879254,0.023030161953741413,0.7955743956527115,12.544807245824993,0.7876749507879254,-0.43678869246081026,-1.0846592492635807
74,14.999999999999725,-0.017198967917921835,0.1983934263885347,9.781872109746136,10.000390934462297,183.09214827530673,184.9445481211259,29.752503847241194,246.1588717347961,40.00085665776103,0.7804258717083561,-0.04974944419176286,0.7704759828700035,12.543778268352607,0.7704759828700035,-0.0008566577610267245,0.7804258717083561,12.543778268352607,0.7704759828700035,-0.39142376019698755,-0.9646843751735276
75,15.19999999999972,0.008328243602679598,0.1979156811803076,9.785830325474983,10.00476882747948,183.15666155018573,184.38553064771588,29.76298726489245,246.2446488666742,40.014795455630015,0.7794007964157678,-0.002982849715423286,0.7788042264726831,12.542658477444276,0.7788042264726831,-0.014795455630014942,0.7794007964157678,12.542658477444276,0.7788042264726831,-0.34948942673625083,-0.8549011335466745
76,15.399999999999716,0.017123501630829013,0.19708872011567585,9.786908056283023,10.00326722455794,183.11234796181068,183.60723840718762,29.75578629958054,246.18394049680484,40.00493033566112,0.7898478097098761,0.030399591968179873,0.7959277281035121,12.541448580383932,0.7959277281035121,-0.004930335661121887,0.7898478097098761,12.541448580383932,0.7959277281035121,-0.3106642728415502,-0.753457259160102
77,15.599999999999712,0.013774472530324293,0.19655947155548423,9.784862321948522,9.998005157740424,182.99743247171088,183.17260957732205,29.737112513765535,246.02894901365696,39.97974419446345,0.8023345299520316,0.03683835340902386,0.8097022006338364,12.540149341368494,0.8097022006338364,0.020255805536550042,0.8023345299520316,12.540149341368494,0.8097022006338364,-0.272436227020332,-0.6557267763501742
78,15.799999999999708,-0.017031022321678715,0.1973682878148832,9.781869570718735,9.996424683170003,182.94735088936926,183.9147074167386,29.728974248496755,245.96283442338694,39.96900056280094,0.7962261267133186,-0.017774742005804978,0.7926711783121576,12.53876158102517,0.7926711783121576,0.030999437199056956,0.7962261267133186,12.53876158102517,0.7926711783121576,-0.23420718693414586,-0.5587772042593642
79,15.999999999999703,-0.017433326093848806,0.19815260006588922,9.782361359466476,10.000229305391702,182.99479140701987,184.53187360357737,29.73668334032407,246.02749460461578,39.97950785275792,0.7831001020110469,-0.039311248963690426,0.7752378522183088,12.53728617589314,0.7752378522183088,0.020492147242080705,0.7831001020110469,12.53728617589314,0.7752378522183088,-0.1970228306190226,-0.46562522353501806
80,16.199999999999733,-0.017218763735258987,0.1987472034772133,9.785186727194764,10.006969772901032,183.0949957993481,184.9148467952409,29.75296657036064,246.16264969372187,40.001470576700385,0.7679590719305389,-0.04969991723744571,0.7580190884830498,12.535724057869906,0.7580190884830498,-0.0014705767003846404,0.7679590719305389,12.535724057869906,0.7580190884830498,-0.16206647670739982,-0.3806452285015922
81,16.399999999999764,0.004114891812173464,0.19844105003068271,9.789154413373868,10.012026809619636,183.16400902986203,184.4882328170122,29.76418123153381,246.25467345584593,40.016424452999416,0.7642769117508199,-0.010714657277983153,0.7621339802952233,12.534076213622692,0.7621339802952233,-0.016424452999416417,0.7642769117508199,12.534076213622692,0.7621339802952233,-0.1311634945934539,-0.30624815452730875
82,16.599999999999795,0.016914618255204333,0.19761468196271162,9.790749886906685,10.01134444396893,183.12709100594398,183.68170113880217,29.758182046647946,246.20385369851897,40.00816623417557,0.773614398665367,0.02717099942530332,0.7790485985504276,12.532343683965246,0.7790485985504276,-0.008166234175568832,0.773614398665367,12.532343683965246,0.7790485985504276,-0.10418561607644707,-0.2411473568438808
83,16.799999999999827,0.014202931457231406,0.19704603621064126,9.789044892872049,10.006463710003585,183.0117211480528,183.1893774362438,29.739434425993007,246.0481631516786,39.98286649501427,0.7859750382451803,0.03638245881239344,0.793251530007659,12.530527563200431,0.793251530007659,0.017133504985729076,0.7859750382451803,12.530527563200431,0.793251530007659,-0.07859755658155863,-0.18081050094146606
84,16.999999999999858,-0.016963623540153693,0.1978437039938337,9.786140680763749,10.00497874543591,182.95595872978208,183.9025104782357,29.730373023962613,245.97437498050977,39.97087590520874,0.7798516030924709,-0.017818483124827922,0.7762879064675053,12.528628998429049,0.7762879064675053,0.029124094791256994,0.7798516030924709,12.528628998429049,0.7762879064675053,-0.05351541858689484,-0.12193413945135917
85,17.19999999999989,-0.017435978851965878,0.19863029685605052,9.786623345794911,10.008777242638992,182.99585180288938,184.50527806060546,29.736855654825177,246.0288774552503,39.97973256621074,0.7667193167046845,-0.03933694544572541,0.7588519276155394,12.526649188825305,0.7588519276155394,0.02026743378925744,0.7667193167046845,12.526649188825305,0.7588519276155394,-0.03011421572296984,-0.0672795127185097
86,17.39999999999992,-0.017316423724967337,0.19923361038810705,9.789412451837647,10.015489127119356,183.08813355897078,184.8808505388409,29.75185145518421,246.15338180142277,39.99996454269574,0.7515342217556488,-0.049993589325383336,0.7415355038905721,12.524589384879373,0.7415355038905721,3.5457304257136e-05,0.7515342217556488,12.524589384879373,0.7415355038905721,-0.009591310582159252,-0.021109927390921258
87,17.59999999999995,-0.004359734104298021,0.1992663136365365,9.79346990909151,10.021990247176674,183.17597040578175,184.72815006100674,29.766124957064495,246.27110511473975,40.01909460023981,0.7424579490729147,-0.026410896433203268,0.7371757697862741,12.52245088760758,0.7371757697862741,-0.01909460023981069,0.7424579490729147,12.52245088760758,0.7371757697862741,-0.00634486343991923,0.014211321081100438
88,17.799999999999983,0.016808994789658267,0.1984227484012842,9.796159396279746,10.022971760277542,183.1624687181016,183.86303070065026,29.76393093062244,246.25164212221142,40.01593186079122,0.7497442861301478,0.02120239222892284,0.7539847645759323,12.520235047730633,0.7539847645759323,-0.015931860791219776,0.7497442861301478,12.520235047730633,0.7539847645759323,-0.017646391823909646,0.03882203181705819
89,18.000000000000014,0.016289953015580227,0.19772321293570597,9.795157243599729,10.018698215552064,183.05146387482515,183.22588070956255,29.745892625551715,246.10159033780062,39.991548421441024,0.7626161644169204,0.03829276587296093,0.7702747175915126,12.517943264820493,0.7702747175915126,0.008451578558975825,0.7626161644169204,12.517943264820493,0.7702747175915126,-0.02596424315246404,0.05710380362660601
90,18.200000000000045,-0.014845054966157737,0.1984149064315197,9.79227714957906,10.01683689014764,182.9820891489928,183.83150499671305,29.73461922133055,246.00935614702718,39.97656035045227,0.7580734288884435,-0.013218831315443547,0.7554296626253548,12.515576986416368,0.7554296626253548,0.0234396495477327,0.7580734288884435,12.515576986416368,0.7554296626253548,-0.03336509976789986,0.07322937157625091
91,18.400000000000077,-0.017404173842588147,0.19921270529340607,9.792431884946977,10.020153341141345,183.00632976478272,184.43766255011786,29.738558325335518,246.0428438392966,39.98200210588781,0.7454753271978175,-0.037249192075254345,0.7380254887827666,12.513137707110415,0.7380254887827666,0.01799789411219166,0.7454753271978175,12.513137707110415,0.7380254887827666,-0.03933577980579733,0.08525370309684632
92,18.600000000000108,-0.01729197569810095,0.19983665819196092,9.79498800148092,10.02656151566775,183.08627437694528,184.8229005299529,29.75154933780295,246.15079562731503,39.99954428898298,0.7304822993851864,-0.048743931502603366,0.7207335130846657,12.510626967603725,0.7207335130846657,0.00045571101701824546,0.7304822993851864,12.510626967603725,0.7207335130846657,-0.04118921581334148,0.08903017337973439
93,18.80000000000014,-0.008877985590401904,0.20005806597779383,9.79894923026844,10.033618718910356,183.17745297884986,184.82126249497205,29.766365875428978,246.27323887528976,40.019441336675925,0.7187228623845172,-0.03433667445126687,0.7118555274942638,12.508046353733185,0.7118555274942638,-0.01944133667592496,0.7187228623845172,12.508046353733185,0.7118555274942638,-0.03803971301529037,0.08208324485681402
94,19.00000000000017,0.01647313896728025,0.1992262732645249,9.802127927634569,10.035429794286278,183.17271874857812,183.9416727564475,29.765596562240507,246.26552809731606,40.0181883340022,0.724794888625645,0.017668889179495162,0.728328666461544,12.505397495469825,0.728328666461544,-0.018188334002196882,0.724794888625645,12.505397495469825,0.728328666461544,-0.03150925542093692,0.06716300993760171
95,19.200000000000202,0.01637037631931142,0.19850077299012264,9.80147667689638,10.031629258929371,183.06424588872767,183.2616531929878,29.747969704887954,246.118810449363,39.99434669236818,0.7373103509215216,0.03694345929666887,0.7446990427808554,12.502682065889301,0.7446990427808554,0.0056533076318174835,0.7373103509215216,12.502682065889301,0.7446990427808554,-0.025526506010238842,0.054073022358490166
96,19.400000000000233,-0.013766499691810867,0.19913806615752203,9.798750150919854,10.029790838715101,182.9892935608263,183.8019463940504,29.735789939424215,246.01898545454668,39.978125114488954,0.7332788074703818,-0.011731321906686132,0.7309325430890445,12.499901780115135,0.7309325430890445,0.021874885511046216,0.7332788074703818,12.499901780115135,0.7309325430890445,-0.02396446111062645,0.05079259373610086
97,19.600000000000264,-0.017397808263404476,0.1999361437630031,9.798826056966165,10.032960990113205,183.00482946984766,184.39633384435442,29.738314527164775,246.04076526301276,39.98166433690391,0.7208560421285516,-0.036606536514557364,0.7135347348256401,12.497058394235413,0.7135347348256401,0.018335663096088695,0.7208560421285516,12.497058394235413,0.7135347348256401,-0.02728761454764197,0.05702590367189089
98,19.800000000000296,-0.01733950792207236,0.20056997458804557,9.8013024393288,10.039246756110796,183.07656517543757,184.7791544206935,29.7499715909802,246.13768958650556,39.99741455522171,0.7058987041363181,-0.048517386163751675,0.6961952269035677,12.494153704193602,0.6961952269035677,0.00258544477829048,0.7058987041363181,12.494153704193602,0.6961952269035677,-0.031048669201366966,0.06476456161885125
99,20.000000000000327,-0.013402307211256027,0.20096628258813126,9.805170283686433,10.04678207141855,183.1704622779477,184.91762646088463,29.76522988539639,246.26399857076794,40.01793978568958,0.6916693081794836,-0.044381942435859356,0.6827929196923117,12.491189544654187,0.6827929196923117,-0.017939785689577548,0.6916693081794836,12.491189544654187,0.6827929196923117,-0.03200642036945802,0.0667765578167817
100,20.200000000000358,0.015288554511439996,0.20019069608298137,9.80889865911504,10.04968823924813,183.1801129332673,184.06162282727075,29.76679811845406,246.27564255309827,40.0198319347104,0.6957225701500186,0.011794520268665343,0.6980814742037517,12.488167787843865,0.6980814742037517,-0.019831934710403232,0.6957225701500186,12.488167787843865,0.6980814742037517,-0.028856423760532695,0.05954839607140912
101,20.40000000000039,0.016258529795311897,0.1994417698281692,9.80877229895645,10.046663161675632,183.08056242111988,183.3378576854851,29.750621144053127,246.14083944147112,39.997926407165465,0.7074763498727923,0.03431827063135662,0.7143400039990636,12.485090342369007,0.7143400039990636,0.0020735928345345656,0.7074763498727923,12.485090342369007,0.7143400039990636,-0.023844072438115864,0.04881620247625023
102,20.60000000000042,-0.012218992958420065,0.1999955311995689,9.806346917602859,10.044963718955678,183.00308644448646,183.78578993321545,29.738031285260337,246.03748320761724,39.981131002368805,0.7040911300975202,-0.00985059528438359,0.7021210110406435,12.481959152010134,0.7021210110406435,0.018868997631194873,0.7040911300975202,12.481959152010134,0.7021210110406435,-0.021426809351209983,0.04401417314557108
103,20.800000000000452,-0.017368644568873506,0.2007858266634445,9.80637416852762,10.047983251709331,183.01076429865626,184.3625210108247,29.739278937810578,246.04868292302294,39.98295095794219,0.6919055067848716,-0.03576570156550829,0.68475236647177,12.478776194494188,0.68475236647177,0.017049042057813324,0.6919055067848716,12.478776194494188,0.68475236647177,-0.023288878556516755,0.04723307031587609
104,21.000000000000483,-0.017340016627452458,0.20142593280780835,9.808779892257794,10.054119722604348,183.07473164056958,184.7416318765076,29.7496736412662,246.13516939626209,39.997005023897614,0.6770231548073603,-0.048054024815213925,0.6674123498443175,12.475543480245356,0.6674123498443175,0.002994976102385749,0.6770231548073603,12.475543480245356,0.6674123498443175,-0.025947545945170875,0.05247789472511499
105,21.200000000000514,-0.015065550140254087,0.20188405106768745,9.81255791952499,10.061673275880825,183.1639900546858,184.92550785429535,29.76417814806459,246.25531856225726,40.01652928289609,0.6620589695990001,-0.04856084947468364,0.6523467997040634,12.472263051115249,0.6523467997040634,-0.01652928289608724,0.6620589695990001,12.472263051115249,0.6523467997040634,-0.026054754575054753,0.05273085591524449
106,21.400000000000546,0.01280525250229278,0.20122247654811065,9.816454878781954,10.06528634656574,183.18180061124127,184.15508320068045,29.767072366399074,246.27805264606445,40.02022357520905,0.6640141707052519,0.005689407505521382,0.6651520522063562,12.468936979093215,0.6651520522063562,-0.020223575209051603,0.6640141707052519,12.468936979093215,0.6651520522063562,-0.022135454976053324,0.04431606014982919
107,21.600000000000577,0.015629110397023083,0.20048798956171798,9.816765850696878,10.063060434813982,183.09253396084014,183.42430243367576,29.752566521203047,246.15704926699036,40.00056050644644,0.6746129309937002,0.030841158048395267,0.6807811626033793,12.46556736499763,0.6807811626033793,-0.0005605064464404563,0.6746129309937002,12.46556736499763,0.6807811626033793,-0.016929495642335236,0.033534664316202625
108,21.80000000000061,-0.011822648009189023,0.20100227633756468,9.814717568624058,10.061779368016069,183.0185986370243,183.8175918505855,29.74055201906847,246.05836366296862,39.98452407975648,0.6710386581394162,-0.010400717726129494,0.6689585145941903,12.462156337148983,0.6689585145941903,0.015475920243517294,0.6710386581394162,12.462156337148983,0.6689585145941903,-0.014752832237659289,0.029444602010553923
109,22.00000000000064,-0.017316856488644474,0.2017747030273502,9.814899431157512,10.06489894798532,183.02403477576053,184.36465814315656,29.741435392496477,246.06650710467676,39.985847390357364,0.6588186378440488,-0.035884898692514766,0.6516416581055459,12.45870605002557,0.6516416581055459,0.014152609642636094,0.6588186378440488,12.45870605002557,0.6516416581055459,-0.01703480358879489,0.03360888992510241
110,22.20000000000067,-0.017299462717774893,0.2024079685500292,9.817363725353353,10.071000905842377,183.08338492883092,184.72776737416527,29.75107980201483,246.1467684487034,39.998889871804174,0.6439437977183238,-0.04800801165276425,0.6343421953877709,12.455218682902691,0.6343421953877709,0.001110128195826121,0.6439437977183238,12.455218682902691,0.6343421953877709,-0.020033569057144693,0.0394297124728908
111,22.400000000000702,-0.015159801075707675,0.20286801561501705,9.82115923169181,10.078475172111824,183.1673410041663,184.90569855616178,29.7647226778997,246.25978789588277,40.0172555503365,0.6289421384584067,-0.04879872073171754,0.6191823943120632,12.451696438476166,0.6191823943120632,-0.01725555033650039,0.6289421384584067,12.451696438476166,0.6191823943120632,-0.02017891996319265,0.03973654689502695
112,22.600000000000733,0.01105425945567391,0.20228396431919227,9.82503540175267,10.082351723784372,183.18631184794697,184.1972509223111,29.767805443096826,246.28417547492413,40.02121853589371,0.6297604281991475,0.0023811278429486382,0.6302366537677372,12.448141541471069,0.6302366537677372,-0.021218535893709145,0.6297604281991475,12.448141541471069,0.6302366537677372,-0.01601589918075707,0.03111717943995558
113,22.800000000000765,0.01494847300142608,0.20157901738047648,9.825528932894509,10.080599871673757,183.10245498543398,183.48149603942926,29.75417868931171,246.17046028165524,40.00273979850878,0.6395106972789235,0.02837214745119887,0.6451851267691633,12.444556237236542,0.6451851267691633,-0.002739798508777369,0.6395106972789235,12.444556237236542,0.6451851267691633,-0.010360782595110408,0.019799685588908746
114,23.000000000000796,-0.012114670904797316,0.2020893209346198,9.823746684433452,10.079681735279786,183.03210969259806,183.85592371741612,29.74274756779475,246.076566743685,39.987482083330896,0.6354396882769894,-0.011846162063117172,0.6330704558643659,12.440942790327584,0.6330704558643659,0.012517916669104068,0.6354396882769894,12.440942790327584,0.6330704558643659,-0.007536552397136423,0.014645693496404988
115,23.200000000000827,-0.01728624990175728,0.20284533341743566,9.824129402472398,10.082943164078621,183.03718276422356,184.37611567492314,29.743571942758273,246.08418118056375,39.98871943056104,0.6230683036076504,-0.036420488225208936,0.6157842059626086,12.437303483074714,0.6157842059626086,0.011280569438959276,0.6230683036076504,12.437303483074714,0.6157842059626086,-0.009021395803702342,0.017320608382431147
116,23.40000000000086,-0.017274179332175954,0.20346770744105436,9.826704199482526,10.089033439513468,183.09347107707956,184.7213299805535,29.75271880274423,246.16030315455146,40.001089263703875,0.6081566852842122,-0.0482332932688978,0.5985100266304326,12.433640614142393,0.5985100266304326,-0.0010892637038750763,0.6081566852842122,12.433640614142393,0.5985100266304326,-0.011747859483444865,0.02253581339622599
117,23.60000000000089,-0.015163249661259865,0.2039231537026399,9.830558519746992,10.096424569192251,183.1732114465242,184.8896700490226,29.76567662573681,246.26764653250072,40.01853258006395,0.5931336537664427,-0.048934383986349306,0.5833467769691728,12.429956497077146,0.5833467769691728,-0.018532580063947535,0.5931336537664427,12.429956497077146,0.5833467769691728,-0.012134058288627193,0.023304027787675353
118,23.80000000000092,0.009415972218625033,0.2034113237342928,9.834414100968953,10.100527087986439,183.19381424544528,184.24088023559648,29.769024583909445,246.2943174088546,40.022866601805475,0.5928991973569192,-0.000682240845606974,0.5927627491877978,12.426253458846276,0.5927627491877978,-0.022866601805475284,0.5928991973569192,12.426253458846276,0.5927627491877978,-0.008290289351774343,0.015546350667575837
119,24.000000000000952,0.014384681798656308,0.20273354561404966,9.835058398648354,10.099206957352818,183.11575449434818,183.5410520470753,29.756339861671442,246.18841191259364,40.00565694145341,0.601905798761081,0.026208161126865526,0.6071474309864541,12.422533838368096,0.6071474309864541,-0.0056569414534095586,0.601905798761081,12.422533838368096,0.6071474309864541,-0.0027532172392470355,0.004773142866669389
120,24.200000000000983,-0.01151593611569326,0.20320429236545612,9.833515877634921,10.098469459569834,183.04689378235832,183.8700872427142,29.745149984783215,246.09644223411718,39.9907118537559,0.5979396822796978,-0.011540937044685062,0.5956314948707608,12.418799985034628,0.5956314948707608,0.00928814624410279,0.5979396822796978,12.418799985034628,0.5956314948707608,-0.0002557036719073392,-0.00045667487242866405
121,24.400000000001015,-0.017247572688410383,0.20394421761175813,9.833998051836431,10.101681584271315,183.04931981805953,184.36966274691704,29.74554421597889,246.100470064837,39.99136637690239,0.5856266938301191,-0.036213858238843266,0.5783839221823505,12.415054257227665,0.5783839221823505,0.008633623097608734,0.5856266938301191,12.415054257227665,0.5783839221823505,-0.0009369246770924469,0.0016950697164688222
122,24.600000000001046,-0.01726004169185792,0.2045594370032601,9.83662752366198,10.10764480499196,183.10165269444977,184.7049447128614,29.754048316896405,246.17126495699307,40.002870558381936,0.5707400020622223,-0.04808060785864876,0.5611238804904926,12.411299020829171,0.5611238804904926,-0.0028705583819359504,0.5707400020622223,12.411299020829171,0.5611238804904926,-0.0035943265126709987,0.0067066849358738525
123,24.800000000001077,-0.01541198162499216,0.20501854713075163,9.840516464927745,10.114899442950836,183.17741879588294,184.8745846621371,29.766360320691298,246.2732732054549,40.01944691533334,0.5556218381894746,-0.049549696619871075,0.5457118988655004,12.407536647726946,0.5457118988655004,-0.019446915333340087,0.5556218381894746,12.407536647726946,0.5457118988655004,-0.004140381975295965,0.007765820094600429
124,25.00000000000111,0.006806717254079281,0.2046173471619421,9.844395604742097,10.119385992494726,183.20369325200585,184.31902279309648,29.770629924080875,246.30770400073746,40.025041925161766,0.5536602277204967,-0.005708058004584848,0.5525186161195798,12.403769514316481,0.5525186161195798,-0.025041925161765732,0.5536602277204967,12.403769514316481,0.5525186161195798,-0.00041643350481861114,0.0004497360307865961
125,25.20000000000114,0.013987096815042697,0.20395933753545578,9.845314498300231,10.118669399071509,183.13576256530368,183.62763989732449,29.759591176453025,246.21541420130677,40.01004481775717,0.5617801230124202,0.023627949611011445,0.5665057129346225,12.399999999999979,0.5665057129346225,-0.010044817757169255,0.5617801230124202,12.399999999999979,0.5665057129346225,-0.005861164676922737,-0.01038346795981795
126,25.40000000000117,-0.009058215017173018,0.20431290885226921,9.844041738804478,10.11790102046915,183.06585767321107,183.84810665500802,29.748231620128422,246.12187530854501,39.9948447324833,0.5590413816162108,-0.007969418493806169,0.5574474979174495,12.396230485683478,0.5574474979174495,0.005155267516698814,0.5590413816162108,12.396230485683478,0.5574474979174495,-0.008900291730681607,-0.01644591826910329
127,25.600000000001202,-0.017146703381529026,0.2050334492291538,9.844443778807493,10.120754055924515,183.0612700860385,184.33237944751357,29.74748613646739,246.1164605854381,39.99396483909853,0.5472129914784749,-0.034560984712772025,0.5403007945359205,12.392463352273014,0.5403007945359205,0.006035160901468828,0.5472129914784749,12.392463352273014,0.5403007945359205,-0.008343283404153395,-0.015421956226614953
128,25.800000000001234,-0.017249322468470347,0.20564921547067733,9.847009635163356,10.126400792282876,183.10746301700527,184.67069440304147,29.754992495255852,246.17901483100326,40.00412991416795,0.5324813705482963,-0.047149492404230386,0.5230514720674502,12.388700979170787,0.5230514720674502,-0.0041299141679473905,0.5324813705482963,12.388700979170787,0.5230514720674502,-0.005651745640682455,-0.010396003998359049
129,26.000000000001265,-0.0158471286232462,0.20612046932113948,9.850877268242563,10.13342093435262,183.1787332647356,184.85353159998678,29.766573922093457,246.2750058060472,40.01972846321114,0.5172565949164051,-0.05026125736100562,0.507204343444204,12.384945742772295,0.507204343444204,-0.019728463211137637,0.5172565949164051,12.384945742772295,0.507204343444204,-0.004377980856575465,-0.008035614673704573
130,26.200000000001296,0.002935604550188946,0.20587635737973156,9.854832036329213,10.13844034154116,183.21456216920848,184.4315859611804,29.772396124892506,246.3224728853156,40.027441871305655,0.5127580160871067,-0.01309034046356905,0.5101399479943929,12.381200014965332,0.5101399479943929,-0.027441871305654786,0.5127580160871067,12.381200014965332,0.5101399479943929,-0.007636701499259723,-0.013671623027727266
131,26.400000000001327,0.01371124950216473,0.20523326323845936,9.856169229362816,10.138519120874204,183.16146025794677,183.74317540934533,29.763767055683406,246.25010176314893,40.01568155219326,0.5197702441187889,0.020404766888843517,0.5238511974965576,12.377466161631862,0.5238511974965576,-0.015681552193257176,0.5197702441187889,12.377466161631862,0.5238511974965576,-0.013395575090455502,-0.023847927198404763
132,26.60000000000136,-0.003902884423754441,0.20536544762161735,9.85514704175424,10.137420251366763,183.0864554800258,183.77094694859937,29.75157876708296,246.14941784478415,39.999320399097826,0.5198828051655097,0.0003275395364676914,0.5199483130728032,12.373746541153684,0.5199483130728032,0.0006796009021741156,0.5198828051655097,12.373746541153684,0.5199483130728032,-0.01690650352959794,-0.03058381645949453
133,26.80000000000139,-0.01696003763535779,0.20606314354409044,9.855174006323493,10.139466655484137,183.0680450842878,184.24773576563467,29.748587074783845,246.1254281772575,39.99542207422642,0.5092034255927306,-0.03107575077642588,0.5029882754374454,12.370043502922814,0.5029882754374454,0.004577925773581626,0.5092034255927306,12.370043502922814,0.5029882754374454,-0.016824109660064555,-0.030539038482463355
134,27.00000000000142,-0.017286551587974514,0.20669427272009083,9.857492685937626,10.144552628668334,183.10495020422175,184.60938128006254,29.754584162770197,246.17554584708614,40.0035662037177,0.49478171877110394,-0.045399974608165417,0.48570172384947086,12.366359385857567,0.48570172384947086,-0.0035662037177033312,0.49478171877110394,12.366359385857567,0.48570172384947086,-0.014230873468133643,-0.02573518599256204
135,27.200000000001452,-0.016608912329198453,0.20719290432793072,9.861258655967962,10.151236109346298,183.17114442529237,184.8233600801812,29.765340734450746,246.26476804326913,40.01806482509606,0.4793851968047332,-0.051461926422304016,0.4690928115202724,12.362696516925245,0.4690928115202724,-0.018064825096061554,0.4793851968047332,12.362696516925245,0.4690928115202724,-0.01264967913863057,-0.022810759935663328
136,27.400000000001484,-0.004992713399950215,0.20724897968238762,9.865510963803237,10.157366826959597,183.22807367333485,184.65303294604743,29.77459174650866,246.3409579641764,40.030445699624366,0.46972317168265726,-0.028115367811675507,0.46410009812032216,12.359057209672375,0.46410009812032216,-0.03044569962436583,0.46972317168265726,12.359057209672375,0.46410009812032216,-0.015464373169163869,-0.027554386481239136
137,27.600000000001515,0.013928236793762741,0.2065958988444139,9.867768112245306,10.158863147892442,183.20227759564702,183.93644092640886,29.77039987969252,246.3052135010449,40.02463721855702,0.474973036105635,0.015276494042249511,0.4780283349140849,12.355443762763418,0.4780283349140849,-0.02463721855701806,0.474973036105635,12.355443762763418,0.4780283349140849,-0.021610113085304045,-0.03801850350832155
138,27.800000000001546,0.007877896820563396,0.2062550035432458,9.866932925954647,10.15679291389786,183.1121175914512,183.56378498833746,29.755748864359685,246.18356163615994,40.004868770744764,0.48188413383638323,0.02011048949132538,0.4859062317346483,12.351858458528891,0.4859062317346483,-0.004868770744764106,0.48188413383638323,12.351858458528891,0.4859062317346483,-0.026336282632642767,-0.046613079838942896
139,28.000000000001577,-0.016413922124026117,0.20691844377805824,9.865847278090314,10.156992052574358,183.06240047575312,184.04464326065505,29.74766982497971,246.11753476364146,39.99413939323113,0.4740510069819416,-0.022793486856596823,0.4694923096106222,12.348303561523796,0.4694923096106222,0.005860606768870014,0.4740510069819416,12.348303561523796,0.4694923096106222,-0.02699061560332525,-0.04810392294355381
140,28.20000000000161,-0.01737692013390147,0.20760051485713718,9.867425641814648,10.16092637160339,183.08060039195735,184.47453314334086,29.750627314320383,246.14263854426304,39.998218761661505,0.4604161343933648,-0.041503724583220325,0.45211538947672075,12.34478131709727,0.45211538947672075,0.0017812383384949726,0.4604161343933648,12.34478131709727,0.45211538947672075,-0.02439462648597242,-0.0433438444518643
141,28.40000000000164,-0.017298081202959417,0.20814469644897193,9.87085424407479,10.166989926819896,183.1378611891446,184.74336321619154,29.759932203168198,246.21994858614931,40.01078165603092,0.44505672093966436,-0.051197063329515013,0.43481730827376136,12.341293949974393,0.43481730827376136,-0.010781656030921738,0.44505672093966436,12.341293949974393,0.43481730827376136,-0.02201120919951432,-0.03902120984208466
142,28.60000000000167,-0.015372944468779182,0.20855588905792977,9.875269292219992,10.173977451436732,183.21242348370546,184.87777623852884,29.772048588150728,246.3202859110169,40.02708648762673,0.4296917334468277,-0.05123684820922764,0.4194443638049822,12.337843662850979,0.4194443638049822,-0.02708648762673249,0.4296917334468277,12.337843662850979,0.4194443638049822,-0.023575398782663487,-0.041592259615175924
143,28.800000000001702,0.006656288183787235,0.2081862656661785,9.879084745944407,10.17834409574444,183.24099764632496,184.3689563085364,29.7766918942197,246.35787684602423,40.03319502067396,0.427421737028776,-0.006605425200033044,0.4261006519887694,12.334432635002331,0.4261006519887694,-0.03319502067395774,0.427421737028776,12.334432635002331,0.4261006519887694,-0.02911934244803765,-0.0507833566667614
144,29.000000000001734,0.014152117095275932,0.2075638599425728,9.879728065176936,10.177822707192735,183.18222304749384,183.72674790158675,29.767141012358763,246.27795862369726,40.020208296559105,0.43553249618184636,0.02360136451099476,0.4402527690840453,12.331063020906749,0.4402527690840453,-0.02020829655910461,0.43553249618184636,12.331063020906749,0.4402527690840453,-0.03506896440036257,-0.06083216921311561
145,29.200000000001765,-0.005109438918290547,0.2077469827420724,9.878502928136351,10.176564580116695,183.10999627128527,183.8123746182263,29.755404149488008,246.1810944525213,40.004467853002566,0.43528649634227906,-0.0007158308826213378,0.4351433301657548,12.327736948884715,0.4351433301657548,-0.004467853002566358,0.43528649634227906,12.327736948884715,0.4351433301657548,-0.03750688966055716,-0.06547282374541367
146,29.400000000001796,-0.016970454132230823,0.20841798940628517,9.878812667985997,10.178485177108957,183.09527465080538,184.27316854507896,29.75301188376776,246.16203406190758,40.00137053643052,0.42446862510920036,-0.031478745378381856,0.418172876033524,12.324456519754607,0.418172876033524,-0.0013705364305209855,0.42446862510920036,12.324456519754607,0.418172876033524,-0.036058406887301366,-0.0630605377667095
147,29.600000000001828,-0.017257945492796783,0.20901434347371825,9.881431223772159,10.183285818463087,183.1332320071576,184.61642868261637,29.759179960343072,246.2135364485344,40.009739682626524,0.4100220494155091,-0.045535594373909694,0.4009149305407272,12.321223805505777,0.4009149305407272,-0.009739682626523916,0.4100220494155091,12.321223805505777,0.4009149305407272,-0.03398241696578588,-0.05928993001100338
148,29.80000000000186,-0.016415363976085045,0.2094789557177476,9.885451654175482,10.189574366495867,183.19883058827972,184.8170921435436,29.769839740435195,246.3019382938244,40.02410499685146,0.39469408520198235,-0.05097259318670111,0.3844995665646421,12.318040847989831,0.3844995665646421,-0.024104996851463056,0.39469408520198235,12.318040847989831,0.3844995665646421,-0.035163140290731275,-0.06112576524702007
149,30.00000000000189,-0.0033051389573834564,0.20947331452177015,9.889637402549276,10.195083836988635,183.25157925575854,184.61834766040639,29.778411407472174,246.3724702765938,40.03556645551295,0.3861606740992678,-0.024831232460045538,0.3811944276072587,12.314909657630958,0.3811944276072587,-0.035566455512949346,0.3861606740992678,12.314909657630958,0.3811944276072587,-0.040017102927655486,-0.06904194866601614
150,30.20000000000192,0.013986942851042176,0.20885831850495434,9.891389841194044,10.196221562635703,183.22695141320844,183.96380585466935,29.77440937905575,246.3383899979783,40.030028404699884,0.3918628417227249,0.01659264367787988,0.3951813704583009,12.3118322121561,0.3951813704583009,-0.030028404699883993,0.3918628417227249,12.3118322121561,0.3951813704583009,-0.04614561942611899,-0.07898576169713323
151,30.400000000001953,0.008459726778529254,0.20852209940158048,9.890246446548955,10.194048736675875,183.14324772314978,183.61664477507972,29.76080751581936,246.22544779373385,40.01167527815703,0.3993081191802774,0.02166489028276347,0.4036410972368301,12.30881045534578,0.4036410972368301,-0.011675278157028401,0.3993081191802774,12.30881045534578,0.4036410972368301,-0.049706923637943046,-0.08521346827627525
152,30.600000000001984,-0.015928752430062525,0.20913497793117028,9.889300188128626,10.193995158597515,183.097613121477,184.06860484402785,29.7533918856319,246.16485894065482,40.00182957968599,0.3919781918032929,-0.02132923498262662,0.3877123448067676,12.305846295806367,0.3877123448067676,-0.001829579685988847,0.3919781918032929,12.305846295806367,0.3877123448067676,-0.04885524489179237,-0.08409741384038086
153,30.800000000002015,-0.017313600358092932,0.20978249731317514,9.891069743232816,10.197532500609478,183.11745724703687,184.48734226355685,29.756616559260053,246.1921534894775,40.006264948305045,0.3785318304104815,-0.040665429809034204,0.37039874444867465,12.302941605764556,0.37039874444867465,-0.006264948305044982,0.3785318304104815,12.302941605764556,0.37039874444867465,-0.04665953796643547,-0.0802196225988368
154,31.000000000002046,-0.017145018099901713,0.21029532146911348,9.894699731172652,10.203145266550878,183.17566599121216,184.75116935213214,29.766075489647466,246.27072886703274,40.019033459926284,0.36330660092966705,-0.0502643729044705,0.35325372634877295,12.300098219884834,0.35325372634877295,-0.019033459926284024,0.36330660092966705,12.300098219884834,0.35325372634877295,-0.04719448496224289,-0.08092465255809032
155,31.200000000002078,-0.013292677560804534,0.2106250181482733,9.899256748725085,10.209528218522088,183.2488078229323,184.84154108186516,29.777961049187546,246.36909126888963,40.03501736621193,0.34896020098494007,-0.04499576098485836,0.3399610487879684,12.29731793411067,0.3399610487879684,-0.035017366211931744,0.34896020098494007,12.29731793411067,0.3399610487879684,-0.05112464355278773,-0.08723492787716794
156,31.40000000000211,0.011443049765906455,0.21010852341185957,9.902306537593631,10.212597037036408,183.26410541669932,184.25146727299133,29.78044691066055,246.3887275303843,40.03820826189571,0.3505050388819246,0.004495298359751265,0.35140409855387483,12.294602504530145,0.35140409855387483,-0.03820826189571136,0.3505050388819246,12.294602504530145,0.35140409855387483,-0.05702086313799574,-0.09649451500734614
157,31.60000000000214,0.014527273269084033,0.20952462885398457,9.9018545140868,10.211063617339645,183.19768036975208,183.68784616084153,29.769652829737545,246.29865610184365,40.02357164012123,0.3602563410812223,0.028375153708682932,0.3659313718229589,12.291953646266787,0.3659313718229589,-0.023571640121232917,0.3602563410812223,12.291953646266787,0.3659313718229589,-0.06159990977296214,-0.1039183146457134
158,31.80000000000217,-0.007142743685214632,0.20979277134601362,9.900334007602265,10.209555460002248,183.1318814405203,183.8728626562235,29.75896049304504,246.21057706803364,40.00925878281425,0.35932856955519704,-0.002699707087263914,0.35878862813774426,12.289373032396247,0.35878862813774426,-0.009258782814249855,0.35932856955519704,12.289373032396247,0.35878862813774426,-0.061953346041265636,-0.10492612665717048
159,32.0000000000022,-0.016953612759227975,0.21043917853103114,9.90096109124984,10.211406092302497,183.12712600293966,184.3306386927579,29.75818773366543,246.20489601011337,40.008335609979035,0.348270582102387,-0.032177833619353446,0.3418350153785163,12.286862292889557,0.3418350153785163,-0.008335609979035041,0.348270582102387,12.286862292889557,0.3418350153785163,-0.06028979045010337,-0.10220456285892539
160,32.20000000000216,-0.017101230946213224,0.21099382651982754,9.903913314875984,10.215987648844177,183.17259184159138,184.6602466154398,29.76557593983454,246.26646052282862,40.01833985329951,0.3338320993083062,-0.045491574380015776,0.32473378443230305,12.284423013583606,0.32473378443230305,-0.01833985329950849,0.3338320993083062,12.284423013583606,0.32473378443230305,-0.06072908498667317,-0.10274029656405048
161,32.40000000000212,-0.014564847767292069,0.2113772305297418,9.908162226323968,10.221843457580647,183.2421809535688,184.8185983745466,29.77688418183911,246.3601564734447,40.03356546050023,0.3193333646378369,-0.04582213986412953,0.310168936665011,12.282056735179482,0.310168936665011,-0.03356546050022757,0.3193333646378369,12.282056735179482,0.310168936665011,-0.06423811325912368,-0.10826589647277274
162,32.60000000000208,0.008145744247198114,0.21099252196624732,9.911310792737858,10.225239092586259,183.2694135827627,184.35214522249498,29.781309488508427,246.39601074211632,40.03939178498569,0.31868943371192787,-0.001873763998593847,0.3183146809122091,12.279764952269344,0.3183146809122091,-0.03939178498568907,0.31868943371192787,12.279764952269344,0.3183146809122091,-0.0697005897310303,-0.11670571319234001
163,32.80000000000204,0.01450951747475377,0.21041600495841745,9.91119536536269,10.224298361539304,183.22006278265818,183.7989865810357,29.77328997547193,246.32888489840397,40.02848382447447,0.32762430905716033,0.02599944664901266,0.33282419838696287,12.2775491123924,0.33282419838696287,-0.02848382447447051,0.32762430905716033,12.2775491123924,0.33282419838696287,-0.07435704458621478,-0.12400995851309063
164,33.000000000002004,-0.0003494868379105586,0.2104376109002619,9.909541017613613,10.222254595053611,183.15146408728742,183.7905688701634,29.762142676326885,246.23674859539625,40.01351166026355,0.33069034819085763,0.008921816790973258,0.3324747115490523,12.275410615120608,0.3324747115490523,-0.013511660263553438,0.33069034819085763,12.275410615120608,0.3324747115490523,-0.07528266785583503,-0.12581734034131672
165,33.200000000001964,-0.01639528935907127,0.21105116098676263,9.909529319641068,10.223101576490844,183.1353608255461,184.24930633613042,29.759525893677132,246.21582918923272,40.01011225336257,0.32145448148224376,-0.026875296461313647,0.31607942218998103,12.273350811174678,0.31607942218998103,-0.010112253362571266,0.32145448148224376,12.273350811174678,0.31607942218998103,-0.07380220961985512,-0.12351128736167426
166,33.400000000001924,-0.01699596014145214,0.21162187472827007,9.91209218235717,10.227027756266505,183.17576562967676,184.61704343599058,29.766091680914155,246.27065608488616,40.01902163281564,0.3075939854470214,-0.042552616992462544,0.29908346204852887,12.271371001570934,0.29908346204852887,-0.019021632815636735,0.3075939854470214,12.271371001570934,0.29908346204852887,-0.07392384691267823,-0.12352477448275466
167,33.600000000001884,-0.01451303576022512,0.21201164082283394,9.91615441502113,10.232475311656835,183.244849151361,184.8014082843569,29.777317764413926,246.36371320551737,40.034143430040004,0.2934051964991006,-0.04417385105398408,0.28457042628830376,12.269472436799553,0.28457042628830376,-0.034143430040003864,0.2934051964991006,12.269472436799553,0.28457042628830376,-0.07706993203802513,-0.12836015454922176
168,33.800000000001845,0.008116769886775892,0.21163977369676465,9.91911756318602,10.23565308866464,183.27515807441384,184.36540317888452,29.78224296933522,246.4037454757123,40.04064868045193,0.29295133373304444,-0.0013206877898239155,0.29268719617507966,12.26765631603474,0.29268719617507966,-0.040648680451930375,0.29295133373304444,12.26765631603474,0.29268719617507966,-0.08236407777351938,-0.1363958727375163
169,34.000000000001805,0.014574856467623182,0.21107340728633484,9.91886740024566,10.23467401781768,183.2323019597055,183.83767809380285,29.775278843730987,246.3453805793486,40.03116437530853,0.30199743336739454,0.02632309637654151,0.30726205264270284,12.265923786377295,0.30726205264270284,-0.03116437530852778,0.30199743336739454,12.265923786377295,0.30726205264270284,-0.08710624717488503,-0.1436996259943129
170,34.200000000001765,0.003781416190019706,0.2109613558368439,9.916898748083602,10.232114488239594,183.16190488224336,183.73666959124154,29.763839307203853,246.25068694223305,40.01577664388952,0.3077156183608816,0.016639252359204604,0.31104346883272255,12.264275942130084,0.31104346883272255,-0.015776643889516606,0.3077156183608816,12.264275942130084,0.31104346883272255,-0.08837458473644354,-0.14598680841379094
171,34.400000000001725,-0.015895076966137935,0.21155322576423163,9.916420788161197,10.23225855609749,183.14059659235159,184.20263086894138,29.76037670663384,246.2227884074447,40.01124312745289,0.29977161612643566,-0.023116121299255332,0.2951483918665846,12.26271382410685,0.2951483918665846,-0.01124312745289302,0.29977161612643566,12.26271382410685,0.2951483918665846,-0.08684153155440562,-0.14365376293056328
172,34.600000000001685,-0.016923487829991056,0.2121321802731985,9.918720436387716,10.235728183267687,183.18024495225706,184.59969622663723,29.766819571561342,246.27664470989293,40.01999478535239,0.28634277012854314,-0.04058933045974794,0.27822490403659356,12.26123841897482,0.27822490403659356,-0.019994785352388078,0.28634277012854314,12.26123841897482,0.27822490403659356,-0.08641438526488772,-0.14276607798249047
173,34.800000000001646,-0.014183779583923454,0.21251614813111044,9.922656689830712,10.240875833431089,183.2514778764289,184.79903162847026,29.778394933314633,246.3726114204183,40.03558939140737,0.272517597992151,-0.042382367697404444,0.2640411244526701,12.259850658631498,0.2640411244526701,-0.035589391407370385,0.272517597992151,12.259850658631498,0.2640411244526701,-0.0891835299950336,-0.1469009552334029
174,35.000000000001606,0.00958222213026783,0.21210526021943618,9.925344438584316,10.243680563254724,183.28278724273164,184.35215316908773,29.783482710426604,246.41397044367096,40.042310239406774,0.2732165644092783,0.0020339108682981832,0.2736233465829379,12.25855141961606,0.2736233465829379,-0.04231023940677403,0.2732165644092783,12.25855141961606,0.2736233465829379,-0.0945592263461123,-0.15493441866959332
175,35.200000000001566,0.014772444295155649,0.21154331677155228,9.924788410185572,10.242422075046052,183.2427122234138,183.85003238517487,29.776970513275256,246.35937960584354,40.0334392193888,0.28281166552726567,0.027920626754139588,0.2883957908780936,12.257341522555718,0.2883957908780936,-0.03343921938879646,0.28281166552726567,12.257341522555718,0.2883957908780936,-0.09964076840181142,-0.16268322580740746
176,35.400000000001526,0.007143311687540874,0.21133184720362602,9.922410317229883,10.239305386629773,183.1703205849077,183.6885846670419,29.765206860254363,246.2619146416577,40.017601146870525,0.29085694014036,0.02341081212637236,0.2955391025656345,12.256221731647386,0.2955391025656345,-0.017601146870525497,0.29085694014036,12.256221731647386,0.2955391025656345,-0.10142099994797359,-0.16575810466595442
177,35.60000000000149,-0.01529498979054282,0.21190494608079308,9.921469548277594,10.23880469887052,183.1454134663099,184.16479906134177,29.761159449434807,246.2291987411417,40.012284807720334,0.2841483537755211,-0.019521205002147324,0.28024411277509165,12.255192754175003,0.28024411277509165,-0.012284807720334356,0.2841483537755211,12.255192754175003,0.28024411277509165,-0.09970971145444443,-0.16318919411518637
178,35.80000000000145,-0.016828256934480104,0.21249135930380186,9.923502730233558,10.241863910172635,183.1856773214842,184.59103876221823,29.767702332443516,246.28392657540917,40.02117808968208,0.27116368784873446,-0.038739160040614506,0.26341585584061156,12.254255240062793,0.26341585584061156,-0.021178089682081236,0.27116368784873446,12.254255240062793,0.26341585584061156,-0.09830546059595736,-0.16071871194784962
179,36.00000000000141,-0.013530773524933327,0.2128606958082659,9.92728832580394,10.246724092928433,183.25980860716882,184.79867211541838,29.77974867841361,246.38379841238367,40.037407279419625,0.2578792850048131,-0.03997101344567433,0.24988508231567824,12.253409781464766,0.24988508231567824,-0.03740727941962518,0.2578792850048131,12.253409781464766,0.24988508231567824,-0.10058154809265901,-0.16398057573531305
180,36.20000000000137,0.011517938687997324,0.2123945045288223,9.929635123113172,10.249078677021377,183.29123025775766,184.32892516954973,29.784854701740322,246.42527299685503,40.04414690613585,0.2601067109735631,0.006481550150562454,0.2614030210036756,12.252656912390693,0.2614030210036756,-0.04414690613585037,0.2601067109735631,12.252656912390693,0.2614030210036756,-0.10642115209676696,-0.1726341529730121
181,36.40000000000133,0.015124172973749456,0.21183089045572076,9.928703647977148,10.247427318181769,183.25233428296033,183.84960982173283,29.778534099515156,246.37230046925578,40.03553886179293,0.2704864358661284,0.03020379055648309,0.27652719397742503,12.251997108368816,0.27652719397742503,-0.03553886179292931,0.2704864358661284,12.251997108368816,0.27652719397742503,-0.11244632093039689,-0.18181978186788117
182,36.60000000000129,0.010004137587152837,0.21153943350566015,9.925885279598063,10.243741650618965,183.17810635172597,183.64573125106955,29.76647204862752,246.27230440192753,40.01928948460271,0.2806287443013092,0.029512936316343497,0.2865313315645779,12.2514307861455,0.2865313315645779,-0.01928948460270874,0.2806287443013092,12.2514307861455,0.2865313315645779,-0.1154058974641514,-0.18677122302028268
183,36.80000000000125,-0.014442111411147644,0.21209000582147575,9.924470571335133,10.242616618149842,183.15034002366505,184.129725722207,29.761960015805588,246.23576064564722,40.013351118268794,0.27523073552485866,-0.015707576857142136,0.27208922015343023,12.250958303421996,0.27208922015343023,-0.013351118268793982,0.27523073552485866,12.250958303421996,0.27208922015343023,-0.11428330506827881,-0.18521182241547793
184,37.00000000000121,-0.016675938684289786,0.2126831253891867,9.926203185897998,10.245271617112095,183.1916816859498,184.58540195933134,29.768678042644886,246.29198122602028,40.02248697171527,0.26276537396687866,-0.03676046248869108,0.25541328146914044,12.250579958628522,0.25541328146914044,-0.022486971715267146,0.26276537396687866,12.250579958628522,0.25541328146914044,-0.11193704190346165,-0.18124304193444518
185,37.20000000000117,-0.012439491253408317,0.2130263355913879,9.92977590213441,10.249809276777823,183.2684193646246,184.79285406222675,29.78114792789943,246.39535307284154,40.039284913621664,0.2503150308351392,-0.03670620309703526,0.24297379021573212,12.250295990735758,0.24297379021573212,-0.039284913621663975,0.2503150308351392,12.250295990735758,0.24297379021573212,-0.11251574150405401,-0.18169877696567768
186,37.40000000000113,0.01302259557556767,0.2125172915162232,9.931769690242339,10.251717041182689,183.3002833928976,184.31127019812808,29.786325837671697,246.43740343147047,40.046118103732056,0.2539063321049063,0.010450268431967391,0.2559963857912998,12.25010657910391,0.2559963857912998,-0.046118103732055715,0.2539063321049063,12.25010657910391,0.2559963857912998,-0.11739225096022429,-0.1886621890894972
187,37.60000000000109,0.015560538160142745,0.2119478620212725,9.930498340987741,10.249684197713991,183.26300407167543,183.851030620793,29.7802679419152,246.38663118924654,40.03786760612017,0.26506332732698756,0.03246798312227489,0.27155692395144254,12.250011843369428,0.27155692395144254,-0.037867606120173036,0.26506332732698756,12.250011843369428,0.27155692395144254,-0.12333676129552716,-0.19761170254980415
188,37.80000000000105,0.012638101693187478,0.21158257840582037,9.927281841482097,10.24546886129954,183.18782549366807,183.60968300122633,29.768051410772472,246.2853009903398,40.02140143233165,0.27712621635495127,0.03534404644839367,0.28419502564463,12.250011843369428,0.28419502564463,-0.021401432331650483,0.27712621635495127,12.250011843369428,0.28419502564463,-0.1267467478363088,-0.20323728724853396
189,38.00000000000101,-0.01277730283471186,0.21208635868939593,9.925336277286052,10.243651569535722,183.15617263206533,184.0823578457355,29.762907815618433,246.24352040854427,40.01461208100053,0.27351776022522034,-0.010500187076510903,0.27141772280991816,12.250106579103912,0.27141772280991816,-0.014612081000528576,0.27351776022522034,12.250106579103912,0.27141772280991816,-0.12622447594416367,-0.20269657434457145
190,38.20000000000097,-0.016404187021885116,0.21268509757416837,9.926645838182331,10.24579961831252,183.19690080079778,184.56904428853775,29.76952614965579,246.29896481950126,40.023621806790764,0.26183260518778684,-0.03409534699876898,0.25501353578803304,12.250295990735761,0.25501353578803304,-0.02362180679076431,0.26183260518778684,12.250295990735761,0.25501353578803304,-0.12370359640056286,-0.1985056994420873
191,38.40000000000093,-0.011084351095397203,0.21299838879825994,9.929882777994575,10.249911112735232,183.27451546089156,184.77534153914505,29.782138544533424,246.4035127316373,40.040610859501925,0.25051758209253616,-0.032941986999501655,0.24392918469263583,12.250579958628526,0.24392918469263583,-0.04061085950192478,0.25051758209253616,12.250579958628526,0.24392918469263583,-0.12320986126515625,-0.19722437986026337
192,38.60000000000089,0.013716011983207849,0.21247327145556352,9.93154666218304,10.251414400343865,183.3076328185275,184.3041586087617,29.787520120530843,246.4472621272806,40.04772014340324,0.25502309380602045,0.013110514349116142,0.2576451966758437,12.250958303422001,0.2576451966758437,-0.04772014340323949,0.25502309380602045,12.250958303422001,0.2576451966758437,-0.12740610635273092,-0.20301149612924263
193,38.80000000000085,0.015931903490586687,0.2118984943497078,9.930041420982143,10.249091875614486,183.2736401393546,183.861416781855,29.781996304641428,246.4009304727185,40.040191242008,0.26673844873060853,0.03419325717910926,0.2735771001664304,12.251430786145505,0.2735771001664304,-0.040191242007999506,0.26673844873060853,12.251430786145505,0.2735771001664304,-0.13355567754235106,-0.21218960887269278
194,39.00000000000081,0.014168919977278652,0.21149051502010527,9.926614459888961,10.244568572837517,183.20143393560434,183.60541621346027,29.77026278479849,246.30356949463666,40.024370067248526,0.27987507182069105,0.03935474161508995,0.28774602014370904,12.251997108368823,0.28774602014370904,-0.024370067248526084,0.27987507182069105,12.251997108368823,0.28774602014370904,-0.13773727862255786,-0.21897486761328366
195,39.20000000000077,-0.008970050861226484,0.21187621108364618,9.924112830316128,10.24196342443197,183.1642089052673,184.00686216471686,29.764213711319645,246.25419634528092,40.01634692245507,0.2791803065100336,-0.0020216861377553297,0.27877596928248255,12.2526569123907,0.27877596928248255,-0.016346922455070967,0.2791803065100336,12.2526569123907,0.27877596928248255,-0.1382096303512182,-0.2200421890777321
196,39.40000000000073,-0.015806204367729546,0.2124703928203774,9.924750009468847,10.24333446994936,183.19943555641132,184.52086348860058,29.769938047854886,246.30229449198976,40.024162879111216,0.2689332898979809,-0.02981762491613943,0.262969764914753,12.253409781464775,0.262969764914753,-0.024162879111216284,0.2689332898979809,12.253409781464775,0.262969764914753,-0.13592688656625318,-0.21630810032635994
197,39.60000000000069,-0.009952571090248878,0.21276967362400614,9.927473018279223,10.246859786782696,183.27496140660784,184.74269454406414,29.78221101078479,246.40406135937096,40.04070001159779,0.2588723983537142,-0.029276022646050337,0.2530171938245041,12.254255240062802,0.2530171938245041,-0.04070001159779224,0.2588723983537142,12.254255240062802,0.2530171938245041,-0.13445683168397946,-0.21349902376946092
198,39.80000000000065,0.014045307690806945,0.21224426757581266,9.928810405693863,10.247957428849904,183.309167793277,184.2949545230084,29.787769554177068,246.44930933367684,40.0480528147753,0.2640495309410511,0.015064852871299605,0.267062501515311,12.255192754175013,0.267062501515311,-0.04805281477530343,0.2640495309410511,12.255192754175013,0.267062501515311,-0.13718493475252477,-0.21692469806477277
199,40.00000000000061,0.016113285566767097,0.2116686662953933,9.927145559287895,10.245394496399104,183.27916159976448,183.87200114188107,29.78289354285527,246.40836166844713,40.04139881252147,0.2761091753713873,0.0353330585534542,0.28317578708207813,12.256221731647397,0.28317578708207813,-0.041398812521471484,0.2761091753713873,12.256221731647397,0.28317578708207813,-0.14249113481866382,-0.22468350445698348
200,40.20000000000057,0.01482243682224348,0.21124117651955923,9.923634307741589,10.240689582799298,183.21194725552135,183.6185043550188,29.771971200993423,246.31770824022783,40.02666761570464,0.2897195472686694,0.04139338317826119,0.2979982239043216,12.25734152255573,0.2979982239043216,-0.026667615704639047,0.2897195472686694,12.25734152255573,0.2979982239043216,-0.14662304379967359,-0.2312961449654708
201,40.40000000000053,-0.0044385178994831315,0.21148428095942837,9.920656594912359,10.237347079987089,183.16982711598044,183.9261447330683,29.765126671473496,246.2616171221205,40.01755279989738,0.2921469905549503,0.0070635772494409554,0.2935597060048385,12.258551419616074,0.2935597060048385,-0.017552799897380567,0.2921469905549503,12.258551419616074,0.2935597060048385,-0.14748789138785856,-0.2329616974464969
202,40.60000000000049,-0.015076202784614405,0.21206860755838838,9.920575409678248,10.237902350972961,183.19859416633244,184.4634206483267,29.769801321830343,246.30107607030433,40.02396488538934,0.2835100193054352,-0.025132580426055484,0.2784835032202241,12.259850658631512,0.2784835032202241,-0.02396488538933994,0.2835100193054352,12.259850658631512,0.2784835032202241,-0.1454947262611952,-0.2297591653259275
203,40.80000000000045,-0.009492865793614566,0.21237675275414655,9.922796255989127,10.240901434937403,183.27279487729075,184.71916668430234,29.781858949418698,246.40111568456607,40.04022133896333,0.27433201951840913,-0.026706910458998145,0.2689906374266095,12.261238418974836,0.2689906374266095,-0.04022133896332747,0.27433201951840913,12.261238418974836,0.2689906374266095,-0.14381465116195793,-0.22667378540665767
204,41.00000000000041,0.014287326616057097,0.2118512418630834,9.92390201678085,10.241682985143784,183.3093663417005,184.2923754225462,29.787801818328152,246.44957208244745,40.04809551149322,0.2799869349702936,0.016455145361864987,0.2832779640426666,12.262713824106866,0.2832779640426666,-0.04809551149322289,0.2799869349702936,12.262713824106866,0.2832779640426666,-0.1458576975057306,-0.22902128830442905
205,41.20000000000037,0.016291750649316032,0.21126977551344436,9.922154063347469,10.238922569386276,183.28374468964176,183.88293843151942,29.78363829570508,246.41453329687064,40.042401703143184,0.2923157474530872,0.036269836194477156,0.2995697146919826,12.264275942130102,0.2995697146919826,-0.04240170314318448,0.2923157474530872,12.264275942130102,0.2995697146919826,-0.15067540920758316,-0.23593805855036296
206,41.40000000000033,0.015407052696380914,0.21082100244195326,9.918611923290118,10.234047546677663,183.22131267651125,183.629082212663,29.773493083426164,246.3303016162926,40.02871404136159,0.3063237255160417,0.04326520936160927,0.31497676738836355,12.265923786377314,0.31497676738836355,-0.028714041361588727,0.3063237255160417,12.265923786377314,0.31497676738836355,-0.1547677282780669,-0.2423959485064856
207,41.60000000000029,0.0007067592608203957,0.21089898344492547,9.91514820018205,10.229873534075598,183.1721755523693,183.8238758290463,29.765508292768306,246.26461376759545,40.01803975527402,0.3122402482388074,0.0172163920518828,0.315683526649184,12.26765631603476,0.315683526649184,-0.018039755274017466,0.3122402482388074,12.26765631603476,0.315683526649184,-0.15582508075500864,-0.244334430215676
208,41.80000000000025,-0.014403961628532259,0.21147885222910065,9.914261314783625,10.229517879324545,183.1922979424737,184.39029267866346,29.76877818443016,246.2925081462584,40.022572596339586,0.3053117750378512,-0.020161050085997223,0.30127956502065173,12.269472436799575,0.30127956502065173,-0.02257259633958597,0.3053117750378512,12.269472436799575,0.30127956502065173,-0.1537689700784141,-0.24111369526247872
209,42.00000000000021,-0.010398979306784207,0.21184356236124072,9.916032066169452,10.232129627263777,183.267133118463,184.7182929021569,29.780938912689148,246.3935110480003,40.03898558428563,0.296189523577876,-0.02654468932004217,0.29088058571386755,12.271371001570955,0.29088058571386755,-0.03898558428563348,0.296189523577876,12.271371001570955,0.29088058571386755,-0.15170255422136383,-0.23749847844000982
210,42.20000000000017,0.014370991486177619,0.21131969954829954,9.917092375671574,10.23279800555416,183.3091896953694,184.30892886690773,29.787773113270646,246.44936050105042,40.04806112948182,0.3019178339776169,0.016668716112141213,0.30525157720004514,12.2733508111747,0.30525157720004514,-0.04806112948182317,0.3019178339776169,12.2733508111747,0.30525157720004514,-0.1532353329629918,-0.23906272023543096
211,42.400000000000134,0.016480350308169477,0.21072348321370132,9.915394817327488,10.229949440486799,183.28936073925007,183.90180922067444,29.78455090467904,246.42210435060645,40.04363200060555,0.31438125136982464,0.03675338069194983,0.3217319275082146,12.27541061512063,0.3217319275082146,-0.04363200060554817,0.31438125136982464,12.27541061512063,0.3217319275082146,-0.15781580880493717,-0.24551961735389227
212,42.600000000000094,0.015974401715919465,0.21024781850935917,9.91189959744809,10.22494189953153,183.2317898710635,183.6405165281369,29.775195629243452,246.34438933601075,40.03100329810505,0.3287177238531873,0.04494302685473378,0.33770632922413407,12.277549112392425,0.33770632922413407,-0.031003298105048316,0.3287177238531873,12.277549112392425,0.33770632922413407,-0.16198511299632248,-0.25199739198442334
213,42.800000000000054,0.006434775598930691,0.21013497065372527,9.907976610524623,10.21983900225911,183.17326447411835,183.69988466434938,29.76568524272948,246.26588559763772,40.01824642786256,0.3384671600508257,0.028369723861195184,0.34414110482306476,12.27976495226937,0.34414110482306476,-0.01824642786255737,0.3384671600508257,12.27976495226937,0.34414110482306476,-0.16322925045351555,-0.25419909453495537
214,43.000000000000014,-0.013652673482047899,0.21071100170724638,9.906195563652817,10.218446074507133,183.1818058388433,184.29733229795337,29.767073215885254,246.2782749782859,40.020259704231165,0.3334236416000741,-0.014676051295286208,0.33048843134101685,12.282056735179507,0.33048843134101685,-0.020259704231165188,0.3334236416000741,12.282056735179507,0.33048843134101685,-0.16095114442933553,-0.25073050182599277
215,43.199999999999974,-0.01206073669123671,0.21116361495521466,9.907485782281086,10.220707885336779,183.2572497548636,184.72349381195986,29.7793328644982,246.38024648007783,40.03683008984274,0.32394439523375546,-0.02758350291987649,0.31842769464978016,12.284423013583632,0.31842769464978016,-0.036830089842737834,0.32394439523375546,12.284423013583632,0.31842769464978016,-0.1583152650354009,-0.24632039479087098
216,43.399999999999935,0.013426771882879227,0.21067337527797222,9.908657009260862,10.22148335940098,183.30802574500072,184.35384723197444,29.78758397114659,246.4478667112711,40.047818388399946,0.3289445139235583,0.014549763045505482,0.3318544665326594,12.286862292889584,0.3318544665326594,-0.04781838839994634,0.3289445139235583,12.286862292889584,0.3318544665326594,-0.15925241409339488,-0.24699856888165928
217,43.599999999999895,0.016647053789435432,0.21005607859463513,9.907196840357322,10.218733182641229,183.29661630434302,183.9382897867907,29.785729935185678,246.4319042742937,40.045224489797214,0.3412582334847967,0.0362164341864904,0.3485015203220948,12.289373032396274,0.3485015203220948,-0.04522448979721361,0.3412582334847967,12.289373032396274,0.3485015203220948,-0.16363394314718951,-0.25304201718754343
218,43.799999999999855,0.016499181769908784,0.2095463340960422,9.903866272987957,10.213683533622172,183.2447701603969,183.6597521701816,29.77730492836943,246.36185048429712,40.03384073753902,0.3557947394149965,0.04602981338503537,0.3650007020920036,12.291953646266814,0.3650007020920036,-0.03384073753902328,0.3557947394149965,12.291953646266814,0.3650007020920036,-0.16795402074692767,-0.2596299536029193
219,43.999999999999815,0.012106293390633877,0.20923728292528976,9.899666289843093,10.207746565916237,183.17774128140763,183.5746349469045,29.766412724641466,246.27170524869805,40.01919212210556,0.36909738197374453,0.04004806754446477,0.3771069954826375,12.294602504530172,0.3771069954826375,-0.019192122105557985,0.36909738197374453,12.294602504530172,0.3771069954826375,-0.1694323100472997,-0.2621624831743077
220,44.199999999999775,-0.011338525894607349,0.20975214726815208,9.896903687774598,10.205062303195321,183.16934445865974,184.15607662211502,29.765048239580448,246.26132296880914,40.017504999936484,0.3669931080162097,-0.006123192140898015,0.3657684695880301,12.297317934110694,0.3657684695880301,-0.017504999936484467,0.3669931080162097,12.297317934110694,0.3657684695880301,-0.1669712279786232,-0.25851945171149426
221,44.399999999999736,-0.013348446858803776,0.21028932795752542,9.897433110446478,10.206652397907337,183.23877979676266,184.68242289455162,29.776331493305424,246.35537960686142,40.0327892189042,0.35778116120080833,-0.026805692357909916,0.35242002272922635,12.300098219884859,0.35242002272922635,-0.03278921890419895,0.35778116120080833,12.300098219884859,0.35242002272922635,-0.16366901657197366,-0.2531910704716211
222,44.599999999999696,0.010619537939015905,0.20990334110455353,9.898656031707915,10.207581497863071,183.29819900405664,184.41188916966618,29.785987124146327,246.43475965661932,40.04568848988913,0.36110510361068376,0.00967228528779257,0.3630395606682423,12.30294160576458,0.3630395606682423,-0.045688489889130324,0.36110510361068376,12.30294160576458,0.3630395606682423,-0.16374177402895915,-0.252641141893875
223,44.799999999999656,0.01671706579778009,0.2092692712977757,9.897592163364935,10.205110037413318,183.29757170214455,183.98619540522301,29.78588518748368,246.43326132198538,40.045445010267635,0.37287953489527004,0.03438545785376168,0.3797566264660224,12.305846295806392,0.3797566264660224,-0.0454450102676347,0.37287953489527004,12.305846295806392,0.3797566264660224,-0.16767022039438836,-0.2579209429511593
224,44.999999999999616,0.016809643935173976,0.20872363918668446,9.894551596086083,10.20013266094909,183.25259583381185,183.68448806652188,29.77857660157103,246.3723979425134,40.03555470121313,0.387389496612531,0.04588386894332663,0.39656627040119635,12.308810455345805,0.39656627040119635,-0.03555470121312965,0.387389496612531,12.308810455345805,0.39656627040119635,-0.171975621622565,-0.2643397213509275
225,45.19999999999958,0.014842083877066618,0.20831279809262335,9.890450831782507,10.193902294185733,183.185729541833,183.52505307626717,29.767710818258685,246.28235700061515,40.020923033523,0.40205536241836587,0.046764959299485376,0.41140835427826294,12.311832212156123,0.41140835427826294,-0.020923033522997514,0.40205536241836587,12.311832212156123,0.41140835427826294,-0.17354567480939806,-0.26695326725049995
226,45.39999999999954,-0.005703658817109079,0.20863500042753266,9.886964915359215,10.189906268064231,183.15914928194795,183.97293394281292,29.763391521708066,246.24735012394729,40.01523441037585,0.4043621808607088,0.0067125730022252195,0.40570469546115384,12.31490965763098,0.40570469546115384,-0.015234410375846608,0.4043621808607088,12.31490965763098,0.40570469546115384,-0.17102938785501648,-0.26328089123076664
227,45.5999999999995,-0.013361870855173456,0.2092098281613961,9.886426127283809,10.190338022419601,183.2128639972871,184.5658165999461,29.772120171679326,246.32039735084135,40.02710459661632,0.396764498668262,-0.022108370311408054,0.3923428246059804,12.318040847989852,0.3923428246059804,-0.027104596616318588,0.396764498668262,12.318040847989852,0.3923428246059804,-0.16709858977972641,-0.25710415255952485
228,45.79999999999946,0.00501166345558181,0.20903883586303537,9.887502412295001,10.191428549531782,183.27997927821403,184.49054029425562,29.783026415736195,246.41041304107213,40.041732160906385,0.39713744309325527,0.001085224841534671,0.3973544880615622,12.321223805505799,0.3973544880615622,-0.04173216090638476,0.39713744309325527,12.321223805505799,0.3973544880615622,-0.1660233238986643,-0.25495155065875397
229,45.99999999999942,0.0166763423196425,0.20839816410878473,9.887029684764013,10.18950908832027,183.2940515095074,184.05629593897578,29.785313155608108,246.42864234004327,40.04469442495146,0.4078161005061485,0.031073649375280843,0.4140308303812047,12.324456519754628,0.4140308303812047,-0.0446944249514587,0.4078161005061485,12.324456519754628,0.4140308303812047,-0.16916636236733304,-0.2590176963737008
230,46.19999999999938,0.017009647333038926,0.20780953972483368,9.88442702399171,10.184762453245037,183.25777610377662,183.71972640675023,29.779418396282097,246.3794090569277,40.03669400844476,0.42210356937803684,0.04468454168103403,0.43104047771424364,12.327736948884734,0.43104047771424364,-0.036694008444762005,0.42210356937803684,12.327736948884734,0.43104047771424364,-0.17331966387747377,-0.26503416516388684
231,46.39999999999934,0.016197757707593047,0.2073340588565338,9.880574649494585,10.17845599874218,183.19388013278638,183.5119190958684,29.76903529061308,246.29328270179346,40.0226984617399,0.43726768176192315,0.04985276829956781,0.4472382354218367,12.331063020906766,0.4472382354218367,-0.022698461739899756,0.43726768176192315,12.331063020906766,0.4472382354218367,-0.17494421071478755,-0.2676486054946864
232,46.5999999999993,0.0022201338397715487,0.20737234681182135,9.876565833450499,10.173038533537822,183.14608976894323,183.74393123664507,29.761269348722625,246.22946037391458,40.01232732308844,0.444973665956676,0.022423516524661402,0.44945836926160826,12.334432635002349,0.44945836926160826,-0.0123273230884422,0.444973665956676,12.334432635002349,0.44945836926160826,-0.1724649991070517,-0.26406612594228135
233,46.79999999999926,-0.01355224630151939,0.2079900142750209,9.874804031049164,10.17205709679137,183.17833735535967,184.41095515432548,29.766509586755536,246.27379255996013,40.01953131052483,0.4392418856105103,-0.016678813252107294,0.43590612296008885,12.337843662850995,0.43590612296008885,-0.019531310524833145,0.4392418856105103,12.337843662850995,0.43590612296008885,-0.16786061770312713,-0.2569875618793219
234,46.99999999999922,-0.004654892455970964,0.20819472598704616,9.875744966227156,10.173813267945295,183.2610012020733,184.66383514361482,29.779942475279384,246.38519343375685,40.03763397061946,0.4341908282392856,-0.014697988675838602,0.4312512305041179,12.341293949974407,0.4312512305041179,-0.037633970619459944,0.4341908282392856,12.341293949974407,0.4312512305041179,-0.16537836919919455,-0.2528555755826886
235,47.19999999999918,0.016524086487290226,0.207546959573939,9.876346409214468,10.173146061432417,183.30133501616575,184.2054154049885,29.786496726623664,246.4386535518236,40.04632124849258,0.4427778628606191,0.024987270653945015,0.4477753169914081,12.344781317097285,0.4477753169914081,-0.0463212484925819,0.4427778628606191,12.344781317097285,0.4477753169914081,-0.16760608120615278,-0.2555083562568754
236,47.39999999999914,0.017251410345153078,0.20689117430222467,9.874487008443246,10.169007333527057,183.27947804823043,183.80295736462602,29.782944965782413,246.40868112983594,40.04145072504907,0.45657566467922367,0.042255313286687635,0.4650267273365612,12.348303561523808,0.4650267273365612,-0.041450725049067216,0.45657566467922367,12.348303561523808,0.4650267273365612,-0.17191609182629639,-0.2615032214643776
237,47.5999999999991,0.017148260706588345,0.2063499024167234,9.871037705185563,10.162830159635973,183.22111170228598,183.5391469911424,29.773460425081897,246.32989430936533,40.02864785391972,0.4719352830264519,0.05119852508348843,0.48217498804314957,12.351858458528904,0.48217498804314957,-0.02864785391972191,0.4719352830264519,12.351858458528904,0.48217498804314957,-0.17416887526884878,-0.2649607906519478
238,47.79999999999906,0.013810637425689727,0.2059678330241833,9.86675553369452,10.15577826359683,183.14715951038372,183.43296347191514,29.761443181880537,246.2304193952485,40.01248316421105,0.4866158805157682,0.0468487247653554,0.4959856254688393,12.355443762763429,0.4959856254688393,-0.012483164211047892,0.4866158805157682,12.355443762763429,0.4959856254688393,-0.17241510113737485,-0.26255035911633373
239,47.99999999999902,-0.010520505797167788,0.2064978726426855,9.863221033186342,10.152176259038132,183.13499451270835,184.07788420287218,29.759466367781474,246.21507401256443,40.00998953703126,0.4858884609279247,-0.0021167062812660342,0.4854651196716715,12.359057209672384,0.4854651196716715,-0.009989537031259488,0.4858884609279247,12.359057209672384,0.4854651196716715,-0.1676521237619349,-0.2554364290034826
240,48.19999999999898,-0.013472677081872168,0.20709798013466754,9.863056050113732,10.153524974402501,183.2126369372535,184.69703952056415,29.772083274386972,246.3202949580289,40.027087957767655,0.47710450205059685,-0.025560297303987567,0.47199244258979933,12.362696516925254,0.47199244258979933,-0.02708795776765527,0.47710450205059685,12.362696516925254,0.47199244258979933,-0.16363654360813953,-0.2491545739054402
241,48.39999999999894,0.012289706127145474,0.2066228384080916,9.864352917912694,10.154111953060463,183.27796018287756,184.3718439566805,29.782698312415917,246.40751979273975,40.04126200758222,0.4816416400723718,0.01320254322286496,0.4842821487169448,12.366359385857574,0.4842821487169448,-0.041262007582218985,0.4816416400723718,12.366359385857574,0.4842821487169448,-0.1640330983129529,-0.24923864231804346
242,48.5999999999989,0.01723513385358457,0.20591961914291007,9.863481596320824,10.150985777331856,183.27664557178616,183.9104711771772,29.782484687899938,246.40504335755534,40.04085958646233,0.49414065010438696,0.03688316233071226,0.5015172825705294,12.37004350292282,0.5015172825705294,-0.04085958646233223,0.49414065010438696,12.37004350292282,0.5015172825705294,-0.1676053700734276,-0.25398048385501115
243,48.79999999999886,0.017273477131497905,0.20532285830638078,9.86065092481872,10.145261917118622,183.22844610537808,183.59082174412038,29.774652266776204,246.3398234323886,40.03026133802449,0.5090932705277972,0.04848744587115095,0.5187907597020274,12.373746541153688,0.5187907597020274,-0.030261338024487827,0.5090932705277972,12.373746541153688,0.5187907597020274,-0.16994045114462422,-0.2573594240696096
244,48.99999999999882,0.016009035293658106,0.204846501036216,9.856727291219151,10.138197330081386,183.15603015867188,183.40273238766932,29.762884663668846,246.24228592589185,40.0144114773689,0.5244970494612599,0.05151372767212836,0.5347997949956855,12.377466161631865,0.5347997949956855,-0.014411477368902581,0.5244970494612599,12.377466161631865,0.5347997949956855,-0.16849411728795935,-0.2553674238818417
245,49.19999999999878,-0.003387020757930385,0.2051043062855328,9.852738295679462,10.1331440927341,183.11942662108598,183.83598890393904,29.756936582863055,246.19379578516777,40.006531821621586,0.5288686212716527,0.01272076483051221,0.5314127742377551,12.381200014965332,0.5314127742377551,-0.0065318216215857205,0.5288686212716527,12.381200014965332,0.5314127742377551,-0.16393365792020698,-0.24863061705697762
246,49.39999999999874,-0.013983960318680747,0.20576221899217534,9.851395987622956,10.133130642731533,183.17384181520106,184.53753098302144,29.765779060749235,246.2679507778261,40.01858201997876,0.5216372838550989,-0.02104234968012264,0.5174288139190744,12.384945742772295,0.5174288139190744,-0.018582019978758524,0.5216372838550989,12.384945742772295,0.5174288139190744,-0.15926270575693735,-0.24145664075265785
247,49.5999999999987,0.003650865120551579,0.20563805081758446,9.852475521625081,10.134335992067712,183.25128902923566,184.51607909801305,29.778364245615045,246.37192440525268,40.035477751331314,0.5212848103875389,-0.0010256567395650062,0.5210796790396259,12.388700979170787,0.5210796790396259,-0.03547775133131381,0.5212848103875389,12.388700979170787,0.5210796790396259,-0.15814028384312695,-0.23943023647609182
248,49.79999999999866,0.01708316306269272,0.20492860281675662,9.852541765586631,10.13233216831422,183.27127879779022,184.02759177049046,29.781612586253498,246.39801708072176,40.0397178153351,0.5319537612269389,0.031045404376898733,0.5381628421023187,12.39246335227301,0.5381628421023187,-0.0397178153351021,0.5319537612269389,12.39246335227301,0.5381628421023187,-0.1608635644025149,-0.2429178356875511
249,49.99999999999862,0.01733899713609766,0.2042768369504631,9.850373126614574,10.127161841155882,183.23383547484423,183.647556959295,29.775528040190228,246.34714837157492,40.03145164183257,0.5463976467985664,0.045520962199249726,0.5555018392384163,12.396230485683475,0.5555018392384163,-0.0314516418325681,0.5463976467985664,12.396230485683475,0.5555018392384163,-0.16334761669215794,-0.24634687948665432
250,50.19999999999858,0.016860533198535105,0.20374419656606643,9.84682708222021,10.120234490389622,183.16437525064836,183.40557726091055,29.764240742471102,246.25349723297361,40.01623331659153,0.5619061433213406,0.05228114557805419,0.5723623724369514,12.399999999999974,0.5723623724369514,-0.016233316591531377,0.5619061433213406,12.399999999999974,0.5723623724369514,-0.16226166002384468,-0.24484009099604123
251,50.39999999999854,0.0052152205090263345,0.20366944232005185,9.842624867246506,10.113724254604639,183.10193673276777,183.56785657823053,29.754094473169236,246.1698962660195,40.002648145876314,0.5718123888156524,0.02882602065162665,0.5775775929459778,12.403769514316474,0.5775775929459778,-0.002648145876314345,0.5718123888156524,12.403769514316474,0.5775775929459778,-0.1579116271439195,-0.2384745284179829
252,50.5999999999985,-0.014702189897539897,0.20438952870616037,9.840065549286122,10.112228073733647,183.12958028003632,184.35605890661404,29.758586554092457,246.20823184298072,40.00887768336205,0.5661631363782762,-0.01643866664919169,0.5628754030484379,12.407536647726939,0.5628754030484379,-0.008877683362051414,0.5661631363782762,12.407536647726939,0.5628754030484379,-0.15250118267515753,-0.2302777574721361
253,50.79999999999846,-0.00918369047611048,0.20479354450550244,9.840889012956515,10.114741707281441,183.23026728076448,184.7865851936134,29.774948208072438,246.34410971436066,40.030957859541466,0.5582796929927255,-0.022939902101990484,0.5536917125723274,12.411299020829162,0.5536917125723274,-0.030957859541466348,0.5582796929927255,12.411299020829162,0.5536917125723274,-0.14969277200587924,-0.22585263452353674
254,50.99999999999842,0.016834028503905012,0.20407519533487817,9.84243378692306,10.114749258713525,183.28652128761604,184.24972125797484,29.7840894933271,246.41882902280366,40.043099759305356,0.5660206717506606,0.0225253466278591,0.5705257410762324,12.415054257227654,0.5705257410762324,-0.043099759305356145,0.5660206717506606,12.415054257227654,0.5705257410762324,-0.1517715939643276,-0.22839492085931853
255,51.19999999999838,0.017411817947154514,0.20334233847353464,9.841263098419557,10.110614010978933,183.26738795558174,183.77398972492367,29.780980323762357,246.39240103324732,40.0388052067079,0.5796456898933403,0.04145934565023324,0.587937559023387,12.418799985034617,0.587937559023387,-0.038805206707898776,0.5796456898933403,12.418799985034617,0.587937559023387,-0.1552014335443769,-0.23296293187415673
256,51.39999999999834,0.01739521272163895,0.20274747224343678,9.838239639398456,10.104073725077807,183.20418449563243,183.46524908753594,29.77070975125002,246.30704913058702,40.0249355086559,0.5950414596042424,0.051456560703917464,0.6053327717450259,12.422533838368084,0.6053327717450259,-0.024935508655900662,0.5950414596042424,12.422533838368084,0.6053327717450259,-0.15544222697154475,-0.23335795524718891
257,51.5999999999983,0.016201149076793694,0.20226640691985318,9.83423852519445,10.09635732745125,183.1192027236305,183.27952834788675,29.756900199490158,246.19264070269568,40.00634412053217,0.6107565581925483,0.05388681314635657,0.6215339208218196,12.426253458846261,0.6215339208218196,-0.006344120532169484,0.6107565581925483,12.426253458846261,0.6215339208218196,-0.1522009474421024,-0.22878137929837977
258,51.79999999999826,-0.00781537287218998,0.20271323839930971,9.83008118605942,10.09156927216534,183.08618023473932,183.88111115287992,29.75153403967918,246.14921821524422,39.999287959265146,0.6126288928130265,0.005448275683015424,0.6137185479496295,12.42995649707713,0.6137185479496295,0.0007120407348537583,0.6126288928130265,12.42995649707713,0.6137185479496295,-0.1469300526397853,-0.22100530544537095
259,51.999999999998224,-0.015214033854593615,0.20344043258668634,9.829034279288148,10.092479396658227,183.15617978875656,184.63350563071475,29.76290897858192,246.2443803717095,40.01475182515462,0.6037005826447648,-0.02598034274864436,0.5985045140950359,12.433640614142377,0.5985045140950359,-0.014751825154618814,0.6037005826447648,12.433640614142377,0.5985045140950359,-0.14240939389452822,-0.21409474979059553
260,52.199999999998184,0.006796143672313826,0.20316486449340637,9.830565268189142,10.093860796141175,183.23549312136697,184.4668158128176,29.775797408019542,246.35063676826476,40.03201850686153,0.604712023025414,0.0029431737096785593,0.6053006577673498,12.437303483074697,0.6053006577673498,-0.03201850686153307,0.604712023025414,12.437303483074697,0.6053006577673498,-0.14197650251715094,-0.2132066904004077
261,52.399999999998144,0.017240749378414355,0.20241089072610613,9.83068789147573,10.091445093878525,183.24586698314175,183.93382252941356,29.777483162243698,246.36374713026578,40.03414894281713,0.6159807720788711,0.03280317533446486,0.6225414071457641,12.440942790327567,0.6225414071457641,-0.03414894281713288,0.6159807720788711,12.440942790327567,0.6225414071457641,-0.14426350054589474,-0.21610939178541744
262,52.599999999998104,0.017354031512688998,0.20175036614189834,9.828530313536309,10.085823522994673,183.1973746195534,183.54235177234065,29.76960314528057,246.29802299284174,40.023468759805546,0.6305978866773845,0.04648775990534315,0.6398954386584531,12.444556237236522,0.6398954386584531,-0.023468759805545858,0.6305978866773845,12.444556237236522,0.6398954386584531,-0.14457574408372745,-0.2163813365680042
263,52.799999999998064,0.016449422269416335,0.2012269103272442,9.8249944550764,10.078510772544439,183.11746942144768,183.30454207020742,29.75661853760379,246.19035157995535,40.005972137714885,0.6460183285624912,0.05163266182689141,0.6563448609278695,12.448141541471047,0.6563448609278695,-0.0059721377148846955,0.6460183285624912,12.448141541471047,0.6563448609278695,-0.14149079434575565,-0.21193739055128732
264,52.999999999998025,-0.004027528685148556,0.20152267763252077,9.820939813408158,10.073321236330164,183.07486347374459,183.77345750281555,29.74969506417856,246.13385543975716,39.99679150575204,0.6500000582888742,0.011586369769233662,0.6523173322427209,12.451696438476144,0.6523173322427209,0.0032084942479571055,0.6500000582888742,12.451696438476144,0.6523173322427209,-0.136133349879191,-0.20404281604073732
265,53.199999999997985,-0.015252748518643342,0.20226205787540347,9.81944068523151,10.07367554692647,183.13227258135336,184.545590562829,29.759024053493974,246.21213973262644,40.00951271606451,0.641823278878318,-0.023793475771202166,0.6370645837240776,12.455218682902668,0.6370645837240776,-0.009512716064513427,0.641823278878318,12.455218682902668,0.6370645837240776,-0.13102699400345705,-0.19629017694851997
266,53.399999999997945,0.0016214260983973133,0.20220207621191,9.820824475330014,10.075590614821076,183.2184542190354,184.55910352607867,29.77302858362184,246.32789682423504,40.02832326226146,0.6398401466095565,-0.005770683935407694,0.6386860098224749,12.458706050025546,0.6386860098224749,-0.028323262261459092,0.6398401466095565,12.458706050025546,0.6386860098224749,-0.12960270009745334,-0.19400811345682314
267,53.599999999997905,0.017155409629639528,0.2014429637997618,9.821542842496621,10.073963829504047,183.24027150036844,183.99778788952705,29.77657389538377,246.35633170084583,40.032943934331385,0.6499548801406938,0.029432696557103455,0.6558414194521145,12.462156337148958,0.6558414194521145,-0.032943934331385094,0.6499548801406938,12.462156337148958,0.6558414194521145,-0.13165960609477384,-0.19662588383394564
268,53.799999999997866,0.017376593480549013,0.20075020874996277,9.819780477917746,10.068709594984087,183.1952776076048,183.56115712491783,29.76926238049816,246.29523591580485,40.02301585933415,0.6642611870260667,0.04478412953298372,0.6732180129326635,12.465567364997606,0.6732180129326635,-0.0230158593341514,0.6642611870260667,12.465567364997606,0.6732180129326635,-0.1326056259085983,-0.19779375137695895
269,53.999999999997826,0.016803256509746987,0.20020047940518831,9.816447369099494,10.061497548953731,183.11376161735922,183.28876431324932,29.756016018836892,246.18534811033317,40.005159073088215,0.6796870287251637,0.05167120358623378,0.6900212694424105,12.468936979093188,0.6900212694424105,-0.0051590730882153935,0.6796870287251637,12.468936979093188,0.6900212694424105,-0.12998846061082475,-0.19405049106251226
270,54.199999999997786,-0.0009507880404557188,0.20037472777405055,9.812358436558318,10.055776741415137,183.0579872699356,183.6505962720606,29.746952678317214,246.11100330440175,39.993078030043314,0.6856185020749179,0.017259896635184457,0.6890704814019548,12.472263051115222,0.6890704814019548,0.006921969956685814,0.6856185020749179,12.472263051115222,0.6890704814019548,-0.12459863071590241,-0.18614342068986361
271,54.399999999997746,-0.015797353518294237,0.2011505985580761,9.810412303779218,10.055636388305647,183.102701782501,184.4612778079471,29.754218793875204,246.17229892918994,40.003038579031944,0.6778147372422457,-0.022708046792925818,0.6732731278836606,12.475543480245328,0.6732731278836606,-0.0030385790319442663,0.6778147372422457,12.475543480245328,0.6732731278836606,-0.11882948671788232,-0.17742022500957405
272,54.599999999997706,-0.006550846770268812,0.20142718346143768,9.811730229031971,10.058708990056978,183.20589295932794,184.75420172191727,29.770987376878168,246.31132804570075,40.02563083305721,0.6708029676753406,-0.02040343280974466,0.6667222811133917,12.47877619449416,0.6667222811133917,-0.025630833057206814,0.6708029676753406,12.47877619449416,0.6667222811133917,-0.11624393439938233,-0.17348824846798294
273,54.79999999999767,0.017100689991616805,0.2006524531940293,9.813465179541371,10.058535697585153,183.2502185038006,184.140671416689,29.778190285057885,246.36991003936743,40.03515041654762,0.6790331795191961,0.023948957929062487,0.6838229711050086,12.481959152010104,0.6838229711050086,-0.035150416547622854,0.6790331795191961,12.481959152010104,0.6838229711050086,-0.11830075757643246,-0.17614895046173587
274,54.99999999999763,0.017425225298767385,0.199907230702001,9.812345030723717,10.054004795090616,183.21416453588373,183.63154557367596,29.772331509412616,246.32070770046911,40.02715502848126,0.6928134302530304,0.04217383075372727,0.7012481964037759,12.485090342368977,0.7012481964037759,-0.0271550284812605,0.6928134302530304,12.485090342368977,0.7012481964037759,-0.12064612929486147,-0.17927277166629382
275,55.19999999999759,0.017302083226675643,0.1993163338720425,9.809327669130589,10.047057352463735,183.13297103497808,183.3056939208767,29.75913755232149,246.2111705697001,40.0093552269315,0.708229701313323,0.051602891585642574,0.7185502796304515,12.488167787843835,0.7185502796304515,-0.00935522693149693,0.708229701313323,12.488167787843835,0.7185502796304515,-0.11913573920233901,-0.17717698323865394
276,55.39999999999755,0.010456051057004064,0.19903843991164408,9.8051801074417,10.039500738913274,183.0394396738698,183.27656475891573,29.743938690942535,246.08552052228114,39.98893707380776,0.7212388969118261,0.03883716887814748,0.7290063306874556,12.491189544654155,0.7290063306874556,0.011062926192238365,0.7212388969118261,12.491189544654155,0.7290063306874556,-0.11401719405765663,-0.16978377892643692
277,55.59999999999751,-0.01650361135581564,0.19987533679592925,9.801706326397738,10.037243153423798,183.04067751719833,184.1759625600928,29.74413984068457,246.0885661663712,39.98943199146731,0.715716579457851,-0.016069300631055827,0.7125027193316399,12.49415370419357,0.7125027193316399,0.01056800853268669,0.715716579457851,12.49415370419357,0.7125027193316399,-0.10702966926890109,-0.15928104867817583
278,55.79999999999747,-0.016519883686194944,0.2006135823943529,9.802218284042993,10.040843755640111,183.1482283446892,184.8758647906896,29.761616867628863,246.2340762570985,40.01307740485591,0.7032997704461657,-0.036584674003603546,0.6959828356454449,12.497058394235381,0.6959828356454449,-0.013077404855913244,0.7032997704461657,12.497058394235381,0.6959828356454449,-0.10180701033592539,-0.1514378761876941
279,55.99999999999743,0.013432077399113368,0.19999424785591507,9.804897202924497,10.042690788927404,183.22427886803655,184.3550806384762,29.77397509003103,246.33540607733656,40.02954351711071,0.7071652778027515,0.011248176209033844,0.7094149130445583,12.499901780115103,0.7094149130445583,-0.029543517110710127,0.7071652778027515,12.499901780115103,0.7094149130445583,-0.10195493009920109,-0.15155672431666717
280,56.19999999999739,0.017381449588349206,0.19919360550560133,9.80486490304433,10.039598011597242,183.20926422453468,183.75532781556458,29.771535208022094,246.3143180659976,40.026116711841325,0.7195223788597077,0.03636991886599883,0.7267963626329075,12.50268206588927,0.7267963626329075,-0.02611671184132547,0.7195223788597077,12.50268206588927,0.7267963626329075,-0.10486334389944488,-0.15546752033255729
281,56.39999999999735,0.017325506560700726,0.1985531286766085,9.802449224102258,10.033357963013241,183.13552894853123,183.35802626027413,29.75955321368954,246.21468616697047,40.00992651205922,0.7344525194837759,0.04834674854916177,0.7441218691936082,12.505397495469794,0.7441218691936082,-0.009926512059216464,0.7344525194837759,12.505397495469794,0.7441218691936082,-0.1047187312374672,-0.15527327114729134
282,56.59999999999731,0.013075388582989287,0.19816376913227837,9.798629482219056,10.025858458068697,183.03746021357472,183.21294054454847,29.743617028322923,246.08276476763837,39.9884892632305,0.7485025809677693,0.04347338404414092,0.7571972577765975,12.508046353733151,0.7571972577765975,0.011510736769501762,0.7485025809677693,12.508046353733151,0.7571972577765975,-0.10035644037121472,-0.14900617204269082
283,56.79999999999727,-0.016239482992031325,0.1989808638293295,9.794943933648746,10.023208831874008,183.02582126226037,184.09295916749252,29.74172569684301,246.06848767138882,39.98616923276992,0.7437333538670223,-0.013877895412280905,0.7409577747845661,12.510626967603692,0.7409577747845661,0.013830767230082586,0.7437333538670223,12.510626967603692,0.7409577747845661,-0.09335787915860938,-0.13853210739632402
284,56.99999999999723,-0.016869526568700624,0.19974753578012788,9.795217604057417,10.026580579626145,183.12341803419434,184.81428053619464,29.75758518814177,246.20066338366766,40.007647807493804,0.7313680422388553,-0.03639897011494919,0.7240882482158655,12.513137707110381,0.7240882482158655,-0.007647807493803782,0.7313680422388553,12.513137707110381,0.7240882482158655,-0.08747626064649987,-0.12971368634540995
285,57.19999999999719,0.009211928306043726,0.1993040384308268,9.797868664252945,10.029042876826843,183.20462607018231,184.43054892151937,29.770781507186133,246.30913011330156,40.02527366868517,0.7325893840415829,0.0035539624016311944,0.7333001765219092,12.515576986416335,0.7333001765219092,-0.025273668685173334,0.7325893840415829,12.515576986416335,0.7333001765219092,-0.0865597744085114,-0.1283609523703902
286,57.39999999999715,0.017317071830185743,0.19849929078729617,9.798329552630594,10.026677856463017,183.19676824674895,183.7986644788273,29.769504609601317,246.29760405897002,40.023400682983315,0.7439815968583539,0.033178257468705064,0.7506172483520949,12.51794326482046,0.7506172483520949,-0.02340068298331488,0.7439815968583539,12.51794326482046,0.7506172483520949,-0.08931489407056613,-0.13210932178310772
287,57.59999999999711,0.017285455114619458,0.19783856567351507,9.79621668794976,10.020810173181404,183.1234979887838,183.3612579938011,29.75759818077555,246.1985346821476,40.00730189315088,0.758601724815871,0.046504893254216695,0.7679027034667143,12.5202350477306,0.7679027034667143,-0.007301893150881256,0.758601724815871,12.5202350477306,0.7679027034667143,-0.08997403613360355,-0.13307305438401898
288,57.79999999999707,0.0120100034724707,0.19748237158000873,9.792518863356387,10.01361655225441,183.02446660868364,183.2274540976369,29.74150556541666,246.0653376921475,39.98565736063133,0.7719036768156254,0.0400451506177979,0.779912706939185,12.522450887607546,0.779912706939185,0.014342639368670973,0.7719036768156254,12.522450887607546,0.779912706939185,-0.08604760457169107,-0.12743788274793247
289,57.99999999999703,-0.01666047362461591,0.19831586325395756,9.789045002170083,10.0113713575781,183.01366267602342,184.1049106902495,29.739749924603732,246.05217826705712,39.983518951915734,0.7664349215151012,-0.015913441002660123,0.7632522333145692,12.524589384879341,0.7632522333145692,0.016481048084266092,0.7664349215151012,12.524589384879341,0.7632522333145692,-0.07883143005669628,-0.11662579180717786
290,58.19999999999699,-0.01705950670207225,0.19908062354297532,9.789489477401515,10.015020754176295,183.1097886137289,184.80829698247342,29.755370405101353,246.1823511611443,40.00467206835802,0.7537258085691169,-0.037665409783099735,0.7461927266124969,12.526649188825273,0.7461927266124969,-0.0046720683580190325,0.7537258085691169,12.526649188825273,0.7461927266124969,-0.07240862649029485,-0.10703925382381102
291,58.39999999999695,0.006665784017549048,0.19873209326927238,9.792285312758112,10.018072596354317,183.19500010641576,184.4868546603405,29.76921728650985,246.2962898868464,40.02318712979967,0.7531775717112044,-0.0015953054057921134,0.7528585106300459,12.528628998429019,0.7528585106300459,-0.0231871297996733,0.7531775717112044,12.528628998429019,0.7528585106300459,-0.07079460481996505,-0.10472700417710855
292,58.59999999999691,0.017288565603548887,0.19791980266502063,9.79312009775888,10.016252145759482,183.19022298503992,183.821882301537,29.76844100350999,246.28885024230917,40.02197818635343,0.7639043443928687,0.031213659203630506,0.7701470762335948,12.530527563200401,0.7701470762335948,-0.021978186353429408,0.7639043443928687,12.530527563200401,0.7701470762335948,-0.07376824500004783,-0.10883480096178033
293,58.79999999999687,0.017279408906707136,0.1972450209108471,9.791205393007209,10.010632375303416,183.1144304161163,183.35114440044936,29.7561246987436,246.186342159431,40.005320606228146,0.778335834998442,0.045453250709299176,0.7874264851403019,12.532343683965216,0.7874264851403019,-0.005320606228146119,0.778335834998442,12.532343683965216,0.7874264851403019,-0.07555258285512235,-0.11145490156005594
294,58.99999999999683,0.011075754078503293,0.19692204853529455,9.787573786288286,10.003670136614168,183.01239864174914,183.22897011259403,29.739544518828755,246.04913367641112,39.98302420544101,0.7910016556766407,0.03750291771082215,0.7985022392188051,12.534076213622663,0.7985022392188051,0.0169757945589879,0.7910016556766407,12.534076213622663,0.7985022392188051,-0.07196557512506753,-0.10632745089739189
295,59.19999999999679,-0.016941290437699857,0.19776646592544705,9.78425592477634,10.00171588837399,182.99969264142183,184.0990224964649,29.73747979171084,246.0334087580823,39.980468903657275,0.7850339907581392,-0.01736520988516954,0.7815609487811053,12.535724057869878,0.7815609487811053,0.019531096342724652,0.7850339907581392,12.535724057869878,0.7815609487811053,-0.06394352029215798,-0.09431234012452308
296,59.39999999999675,-0.017227739420370397,0.19853165845758783,9.784814212236144,10.005551370007034,183.09199986404576,184.786533731094,29.75247973038717,246.1584290245618,40.00078471727601,0.7720669792043401,-0.038668849218025936,0.7643332093607349,12.537286175893113,0.7643332093607349,-0.0007847172760122589,0.7720669792043401,12.537286175893113,0.7643332093607349,-0.0560964934112639,-0.0826450795143984
297,59.59999999999671,0.000813907802209451,0.19841124597745377,9.787756885272769,10.009713852891922,183.19000238166288,184.64111202166518,29.768405155425373,246.28981551467996,40.02213504327054,0.7676927921437463,-0.012728374904009687,0.7651471171629444,12.538761581025145,0.7651471171629444,-0.022135043270537835,0.7676927921437463,12.538761581025145,0.7651471171629444,-0.052722533179564,-0.07781492123842071
298,59.79999999999667,0.01727887211329992,0.19758276708450018,9.789380266756549,10.009066241067506,183.1992572685513,183.92273357253777,29.769909076048663,246.30113798165357,40.02397494599365,0.7770059489484089,0.027100201639176924,0.7824259892762443,12.54014934136847,0.7824259892762443,-0.023974945993650465,0.7770059489484089,12.54014934136847,0.7824259892762443,-0.05504085644932782,-0.08097310578609439
299,59.99999999999663,0.0173640246085606,0.19686944444544177,9.787920657063887,10.004012436805896,183.1262552146795,183.389299943499,29.75804623043165,246.20228043350605,40.007910578355315,0.7910757451849342,0.04357134349935343,0.7997900138848049,12.541448580383909,0.7997900138848049,-0.007910578355314613,0.7910757451849342,12.541448580383909,0.7997900138848049,-0.05843646883455923,-0.08591050313179523
300,60.19999999999659,0.014361766129714015,0.1964135903701093,9.784527896392701,9.996916174618287,183.01417995608958,183.12986456118614,29.73983398269854,246.051373661637,39.98338820340422,0.8052904497059364,0.04430665154291191,0.8141517800145188,12.542658477444254,0.8141517800145188,0.01661179659578238,0.8052904497059364,12.542658477444254,0.8141517800145188,-0.05736509944402032,-0.08454225377193439
301,60.39999999999655,-0.016775777056546034,0.19724464005008652,9.780852946682968,9.994349011701448,182.98250429409327,183.984794626651,29.73468668247684,246.01015025983878,39.9766893939132,0.8002875652048289,-0.014557811234280349,0.7973760029579728,12.543778268352588,0.7973760029579728,0.023310606086802466,0.8002875652048289,12.543778268352588,0.7973760029579728,-0.05085512049786885,-0.0748161930804713
302,60.59999999999651,-0.017350982401300317,0.19803689749671544,9.781094614612208,9.997790370534632,183.05980508238605,184.69050506229405,29.747248073135808,246.11504643282757,39.99373503906952,0.7875668714199562,-0.03770925431641814,0.7800250205566726,12.544807245824975,0.7800250205566726,0.0062649609304799014,0.7875668714199562,12.544807245824975,0.7800250205566726,-0.04315872199697655,-0.06332428329968423
303,60.79999999999647,-0.011390172494403472,0.1984109936863348,9.784012218381354,10.003823958940128,183.1838072335285,184.95542867761188,29.767398442846826,246.2819790164544,40.02086161103545,0.7756232784729293,-0.03494215205330109,0.7686348480622691,12.545744759937186,0.7686348480622691,-0.020861611035449812,0.7756232784729293,12.545744759937186,0.7686348480622691,-0.03897412462066103,-0.057377539152479076
304,60.99999999999643,0.01723340279887602,0.19755990084882746,9.787141985050654,10.005456670181564,183.22701427536234,184.15682031386234,29.774419594165977,246.33877404967257,40.03009081316261,0.7820993361441073,0.018844573585188873,0.7858682508611451,12.546590218535215,0.7858682508611451,-0.030090813162608754,0.7820993361441073,12.546590218535215,0.7858682508611451,-0.041137727674551365,-0.0603554338165921
305,61.19999999999639,0.017434051181067473,0.19677193746354046,9.786616220349162,10.001583845975786,183.16775098514182,183.5153618298404,29.76478929987485,246.25819945377768,40.0169974282363,0.7953427406740002,0.03979780684106149,0.8033023020422125,12.547343087609292,0.8033023020422125,-0.01699742823630146,0.7953427406740002,12.547343087609292,0.8033023020422125,-0.045828166297791614,-0.06701529529870527
306,61.39999999999635,0.017100943824158204,0.1961875556049195,9.783725286592642,9.994782524290898,183.053146763442,183.11411555981965,29.74616609522542,246.10367857430694,39.99188776021264,0.8104749377767504,0.04964154044810154,0.8204032458663707,12.54800289163117,0.8204032458663707,0.008112239787358533,0.8104749377767504,12.54800289163117,0.8204032458663707,-0.04666380556530386,-0.06851223773306288
307,61.599999999996314,-0.011694174413430618,0.1967978193816562,9.779823016953475,9.99100579869504,182.9914159267094,183.76973449565443,29.736134824225104,246.02178651514615,39.978580287291535,0.8093586973693345,-0.003248129581971959,0.8087090714529401,12.548569213854488,0.8087090714529401,0.021419712708464544,0.8093586973693345,12.548569213854488,0.8087090714529401,-0.041653150681467334,-0.06122513732329935
308,61.799999999996274,-0.017262547768055574,0.19761741426850007,9.779204867277997,9.993198768452244,183.0376789265125,184.50846994611118,29.743652569210855,246.0850522418191,39.98886097815659,0.7980382030163753,-0.032958396657453704,0.7914465236848846,12.549041696577994,0.7914465236848846,0.011139021843412422,0.7980382030163753,12.549041696577994,0.7914465236848846,-0.034397097054919355,-0.050352407915329425
309,61.999999999996234,-0.015257572377227208,0.19818119059774422,9.781516825343733,9.999011940210142,183.1493109055643,184.9384246506539,29.761792783946984,246.235626676972,40.0133293483373,0.7844487687318952,-0.04129908712118935,0.7761889513076573,12.54942004137147,0.7761889513076573,-0.013329348337300928,0.7844487687318952,12.54942004137147,0.7761889513076573,-0.029653388053634752,-0.04352143167981666
310,62.199999999996194,0.016273145972388308,0.1973949473466726,9.784841530455832,10.001200706709735,183.194474124781,184.1727407149641,29.76913181440873,246.29510026362414,40.02299381583274,0.7895141584517943,0.01473969414125642,0.7924620972800456,12.549704009264236,0.7924620972800456,-0.022993815832741404,0.7895141584517943,12.549704009264236,0.7924620972800456,-0.030792485980469592,-0.045155486729633765
311,62.399999999996155,0.01735576672858675,0.19660028317448675,9.784602221633502,9.997753861723943,183.13480473720875,183.50008504887572,29.75943552923195,246.21393238273615,40.00980402199865,0.8022580814103976,0.03779891299117377,0.8098178640086323,12.549893420896087,0.8098178640086323,-0.009804021998647272,0.8022580814103976,12.549893420896087,0.8098178640086323,-0.03498833929513021,-0.05113864388751921
312,62.599999999996115,0.015684549920777967,0.1960550011711756,9.781823669300516,9.991284220641774,183.01798927494724,183.11239365884452,29.740452997631927,246.05646241775025,39.984215127099546,0.8165552144469321,0.04473599741239065,0.8255024139294103,12.549988156630572,0.8255024139294103,0.01578487290045416,0.8165552144469321,12.549988156630572,0.8255024139294103,-0.0357830828929928,-0.05249173248085981
313,62.799999999996075,-0.016502006177080485,0.19685876439746722,9.778240190406727,9.98875475232367,182.97069005928984,183.90965625117235,29.732766867401466,245.99416892149839,39.97409242383591,0.8117796658173306,-0.013896290325004501,0.8090004077523297,12.549988156630574,0.8090004077523297,0.02590757616408723,0.8117796658173306,12.549988156630574,0.8090004077523297,-0.030199721051314632,-0.044208591289327616
314,62.999999999996035,-0.017394119369175797,0.19765847958989058,9.778401094921412,9.992094268604065,183.02976507473414,184.59226513740705,29.742366567010865,246.074554008653,39.98715501356113,0.7991098618820511,-0.037517867494485935,0.7916062883831539,12.549893420896092,0.7916062883831539,0.01284498643887133,0.7991098618820511,12.549893420896092,0.7916062883831539,-0.02202088927291626,-0.0319969927469856
315,63.199999999995995,-0.01602856271429165,0.1982159824623581,9.781157646631067,9.998581712378098,183.14551449587915,184.9872222480852,29.76117586675623,246.23060346064867,40.01251307486849,0.7846736084749332,-0.04547941403035438,0.7755777256688623,12.549704009264246,0.7755777256688623,-0.01251307486848674,0.7846736084749332,12.549704009264246,0.7755777256688623,-0.016412430872271334,-0.023996989762959234
316,63.399999999995956,0.015984837978441215,0.1974304629766458,9.784812756480902,10.001292738572069,183.1919853070759,184.19584627121688,29.768727381127214,246.29179360799816,40.02245648375619,0.7890282586682069,0.012671524895482844,0.7915625636473035,12.549420041371484,0.7915625636473035,-0.02245648375618714,0.7890282586682069,12.549420041371484,0.7915625636473035,-0.016845449049189117,-0.024628559350357196
317,63.599999999995916,0.017337777907661108,0.1966244750462523,9.784772053957681,9.998114287812756,183.1289812405481,183.4911405016289,29.758489210078274,246.20609815180836,40.00853095819982,0.8015252093980132,0.036875660784757014,0.8089003415549646,12.54904169657801,0.8089003415549646,-0.008530958199820304,0.8015252093980132,12.54904169657801,0.8089003415549646,-0.021534187475002988,-0.031332441340042295
318,63.799999999995876,0.014994481189851803,0.19609924700540088,9.78205372071804,9.991816028330533,183.00703605174652,183.1025589891662,29.738673097081907,246.04173787404144,39.981822386354125,0.8153849840880747,0.04254919328370854,0.8238948227448164,12.548569213854508,0.8238948227448164,0.018177613645875113,0.8153849840880747,12.548569213854508,0.8238948227448164,-0.024009945920513476,-0.035152234686543694
319,63.999999999995836,-0.016957370313078507,0.19692466570943498,9.778578708192352,9.989540586309582,182.95613464256178,183.89855532463886,29.7304016098179,245.97460520858638,39.97091331730861,0.8100451256567855,-0.015538366125238401,0.8069374524317379,12.548002891631192,0.8069374524317379,0.029086682691392696,0.8100451256567855,12.548002891631192,0.8069374524317379,-0.019832065184262015,-0.02890123098618602
320,64.19999999999594,-0.01742865411867086,0.19772361854956325,9.778842330240527,9.993039305431514,183.00989117274858,184.5606014994472,29.7391370547087,246.04781645824502,39.982810157274976,0.7971699206711367,-0.038305611790348526,0.789508798313067,12.547343087609319,0.789508798313067,0.017189842725024107,0.7971699206711367,12.547343087609319,0.789508798313067,-0.01199512954792343,-0.01717519102576546
321,64.39999999999604,-0.017005163651672425,0.19831395642196323,9.781607834035405,9.99966823472054,183.11996437515356,184.96672680755196,29.757023967986424,246.19626020526422,40.00693229028773,0.7822101722542685,-0.04853268796436938,0.7725036346613946,12.546590218535245,0.7725036346613946,-0.006932290287728904,0.7822101722542685,12.546590218535245,0.7725036346613946,-0.005908403472318762,-0.008513880112495542
322,64.59999999999614,0.012058568711661815,0.1976902727061183,9.785440672259298,10.003284626474064,183.17467770681273,184.29352031415968,29.765914893271965,246.26870130708758,40.018703981105716,0.7836969394794495,0.004326319468034301,0.7845622033730564,12.54574475993722,0.7845622033730564,-0.01870398110571614,0.7836969394794495,12.54574475993722,0.7845622033730564,-0.005422504034229401,-0.007915035758198031
323,64.79999999999625,0.017128345255061597,0.19687657111147117,9.78598636868327,10.000997635012776,183.119904869326,183.5494949027291,29.757014298279778,246.19399948312298,40.00656492257241,0.7950679243291536,0.033113121494821596,0.801690548628118,12.54480724582501,0.801690548628118,-0.006564922572408705,0.7950679243291536,12.54480724582501,0.801690548628118,-0.009649077303686623,-0.01395797933324161
324,64.99999999999635,0.013139029810663776,0.19639552003201544,9.783617650144624,9.995415773628176,183.0029867141222,183.17320575390613,29.738015079059934,246.03640852454276,39.98095636619457,0.8075008852700918,0.03664346584344946,0.8148295784387817,12.543778268352627,0.8148295784387817,0.01904363380543117,0.8075008852700918,12.543778268352627,0.8148295784387817,-0.012342900018635677,-0.018037117293739868
325,65.19999999999645,-0.017106392901419857,0.1972173805012132,9.78056418762483,9.99378990375078,182.95595847105534,183.93681461067604,29.730372981919476,245.97442760867986,39.970884457294936,0.8013202002510204,-0.01798507356829293,0.7977231855373618,12.542658477444295,0.7977231855373618,0.029115542705064,0.8013202002510204,12.542658477444295,0.7977231855373618,-0.008797370094266144,-0.012698829033892878
326,65.39999999999655,-0.017432054850547215,0.19800086588068697,9.781071184287809,9.99761425934641,183.00765837094784,184.56128834149283,29.738774224053248,246.04481902578732,39.982323074013514,0.7881717698973063,-0.03940319605245879,0.7802911306868145,12.541448580383951,0.7802911306868145,0.017676925986485514,0.7881717698973063,12.541448580383951,0.7802911306868145,-0.0015133596367701214,-0.0018209867558454107
327,65.59999999999665,-0.017110436537028113,0.19858857114719705,9.783926420926026,10.004375261755097,183.11212737552904,184.94567966373603,29.755750454273926,246.18570328324523,40.00521678874414,0.7730696790662083,-0.04944492458210936,0.7631806941497864,12.540149341368515,0.7631806941497864,-0.005216788744142775,0.7730696790662083,12.540149341368515,0.7631806941497864,-0.004473268141681135,0.006394535038114668
328,65.79999999999676,0.008750972572053841,0.19809683017586116,9.787842893883507,10.008634485285828,183.1705384095535,184.3683981159667,29.7652422567947,246.26325758780268,40.01781937583731,0.772350318067137,-0.002093256726484194,0.7719316667218402,12.538761581025193,0.7719316667218402,-0.017819375837312634,0.772350318067137,12.538761581025193,0.7719316667218402,-0.0046696823898621535,0.006811555919462364
329,65.99999999999686,0.01695087469673224,0.19728136424870057,9.788834130653735,10.007041891322798,183.1206709532988,183.59545217954096,29.757138787049843,246.19509910619524,40.00674361150034,0.7828006763306581,0.030409325439572088,0.7888825414185725,12.537286175893163,0.7888825414185725,-0.006743611500340307,0.7828006763306581,12.537286175893163,0.7888825414185725,-0.00035970917338530085,0.00037915287826564283
330,66.19999999999696,0.012367503720489413,0.1968113906869793,9.786749747350498,10.001946317969226,183.00493667119807,183.20573067822409,29.738331947401633,246.03907712333455,39.98139001393188,0.7944522591267872,0.03398893006137382,0.801250045139062,12.535724057869928,0.801250045139062,0.01860998606812103,0.7944522591267872,12.535724057869928,0.801250045139062,-0.0029349066022691397,-0.004265779038655638
331,66.39999999999706,-0.017134724358110177,0.19762618581769034,9.783914480423167,10.000636663168278,182.95602575816355,183.93992205389875,29.730383916085493,245.97452270831752,39.97089991100151,0.7879180678830832,-0.01901373551065677,0.7841153207809518,12.534076213622715,0.7841153207809518,0.029100088998490037,0.7879180678830832,12.534076213622715,0.7841153207809518,-0.000376669560972406,0.00039063184657237574
332,66.59999999999717,-0.01743579992083014,0.1984049619756437,9.784513249135045,10.00458853222269,183.00238746481804,184.5407946855234,29.737917700950636,246.03770902969094,39.98116769849248,0.774655377491653,-0.03987928315765665,0.7666795208601217,12.53234368396527,0.7666795208601217,0.018832301507522686,0.774655377491653,12.53234368396527,0.7666795208601217,-0.007697681063027983,0.010848075606205043
333,66.79999999999727,-0.017246053854351195,0.1989979816804168,9.787381893971956,10.011389112245052,183.09993041037936,184.91304004273766,29.75376844545509,246.1692734869002,40.00254694416823,0.7594540174216119,-0.05010275207920689,0.7494334670057705,12.530527563200456,0.7494334670057705,-0.002546944168230425,0.7594540174216119,12.530527563200456,0.7494334670057705,-0.013136900625444745,0.019010173178395463
334,66.99999999999737,0.0017311941083898138,0.1987865894449298,9.79139849858981,10.016888442673638,183.1732387909228,184.5592597435227,29.765681069206025,246.2671772351471,40.018456319167726,0.75421414488025,-0.015247418830448,0.7511646611141604,12.528628998429074,0.7511646611141604,-0.01845631916772561,0.75421414488025,12.528628998429074,0.7511646611141604,-0.013410702445075485,0.0195649055903786
335,67.19999999999747,0.016844321205399245,0.19795655744572457,9.793311508043253,10.016695157962534,183.1416682139445,183.7340981543198,29.760550845316832,246.223510203249,40.01136041938838,0.7629341452312799,0.025374185441398578,0.7680089823195596,12.52664918882533,0.7680089823195596,-0.011360419388381615,0.7629341452312799,12.52664918882533,0.7680089823195596,-0.008661259603685996,0.0124784828450359
336,67.39999999999758,0.014865455196226667,0.19734821616450982,9.791808856243785,10.011980850149502,183.02585870991757,183.19545047975032,29.74173178209339,246.06715793063026,39.98595314968057,0.7754704032487462,0.0370201713352003,0.7828744375157862,12.524589384879398,0.7828744375157862,0.014046850319431314,0.7754704032487462,12.524589384879398,0.7828744375157862,-0.0043604541935300944,0.006300179698814645
337,67.59999999999768,-0.016660113681749827,0.19812870398785157,9.788901211773508,10.010422297522798,182.9652638769387,183.8857900715932,29.731885111887653,245.9868450351643,39.97290229111649,0.7696194451565957,-0.017025606612796618,0.7662143238340364,12.522450887607604,0.7662143238340364,0.027097708883509597,0.7696194451565957,12.522450887607604,0.7662143238340364,-0.006417331548516522,0.009266493217903361
338,67.79999999999778,-0.0174299898604051,0.1989194283860745,9.789313823482848,10.01412325705809,182.99987133813477,184.48613414643833,29.737508829955733,246.03424567530692,39.98060490284228,0.7565778689598877,-0.038967674931281726,0.7487843339736313,12.520235047730658,0.7487843339736313,0.019395097157719476,0.7565778689598877,12.520235047730658,0.7487843339736313,-0.013342182594100452,0.019113043648712847
339,67.99999999999788,-0.017315520746910232,0.19952857544535008,9.792049241200568,10.02076652065996,183.08742314406098,184.8607081331042,29.751736012645924,246.1523966566866,39.99980445651603,0.7414247611470642,-0.04977973960171578,0.7314688132267211,12.517943264820518,0.7314688132267211,0.00019554348396866317,0.7414247611470642,12.517943264820518,0.7314688132267211,-0.01918454006820567,0.027787052278986837
340,68.19999999999798,-0.006549986444401041,0.19965125873435005,9.796097557236656,10.02759283088739,183.17770923593164,184.77857331896362,29.76640751724641,246.2735175869273,40.01948662736232,0.7309910206925013,-0.030360969550906614,0.72491882678232,12.515576986416393,0.72491882678232,-0.019486627362319098,0.7309910206925013,12.515576986416393,0.72491882678232,-0.020183591640448167,0.029408276646843493
341,68.39999999999809,0.016721913583201877,0.19880845000441696,9.79904378997346,10.028987877837586,183.16848038393823,183.90124826879432,29.76490782729779,246.25977410560566,40.01725330941423,0.7377229274435354,0.01958906460993226,0.7416407403655219,12.51313770711044,0.7416407403655219,-0.017253309414229534,0.7377229274435354,12.51313770711044,0.7416407403655219,-0.015351077829489997,0.022188591855223195
342,68.59999999999819,0.016431133842868054,0.19809179821492134,9.798211276406649,10.024923680059503,183.05814813920833,183.23906418321891,29.746978819600173,246.1105869737859,39.99301037625059,0.7504923823188825,0.03789745944753731,0.75807187420839,12.51062696760375,0.75807187420839,0.006989623749412033,0.7504923823188825,12.51062696760375,0.75807187420839,-0.009758226712581117,0.014075808755016794
343,68.79999999999829,-0.014165576461753841,0.19875142629967904,9.795384774210882,10.023019181318865,182.98488520813981,183.8083145050291,29.735073581396303,246.0130752666894,39.97716470800174,0.7463291828586086,-0.01211442555986264,0.7439062977466361,12.50804635373321,0.7439062977466361,0.02283529199826262,0.7463291828586086,12.50804635373321,0.7439062977466361,-0.009781943788525295,0.014220741318803222
344,68.9999999999984,-0.017401390007011172,0.19955108553167097,9.795467995682033,10.02622096108178,183.00390559646416,184.41078676049113,29.738164397589824,246.0395469267286,39.98146635705976,0.7338598767503661,-0.036774845053705874,0.726504907739625,12.50539749546985,0.726504907739625,0.01853364294024118,0.7338598767503661,12.50539749546985,0.726504907739625,-0.015935474017379582,0.02296012192554571
345,69.1999999999985,-0.01732472841831972,0.20018196984320857,9.7979649800466,10.032548398838385,183.07927867733338,184.7968508770297,29.75041253547921,246.1413608861075,39.99801114200361,0.7188942188688251,-0.048570197737599075,0.7091801793213053,12.502682065889326,0.7091801793213053,0.001988857996387594,0.7188942188688251,12.502682065889326,0.7091801793213053,-0.022565027931098307,0.032685013146115695
346,69.3999999999986,-0.01167773043399668,0.20051361716500815,9.801879600512413,10.039936161945093,183.17335917957348,184.884548563921,29.765700632381325,246.26783831382284,40.018563744559955,0.7055484793625646,-0.040230152376279915,0.6975024488873086,12.49990178011516,0.6975024488873086,-0.018563744559955353,0.7055484793625646,12.49990178011516,0.6975024488873086,-0.025073243385382003,0.036482270392653504
347,69.5999999999987,0.016026210602094516,0.19970173966570196,9.80540111805225,10.042370700675301,183.17710644013783,184.0075715713549,29.76630956283196,246.27152190503372,40.01916232873031,0.710592915283862,0.01467872102770551,0.7135286594894031,12.497058394235436,0.7135286594894031,-0.019162328730310207,0.710592915283862,12.497058394235436,0.7135286594894031,-0.02151774790583535,0.031147073523190728
348,69.7999999999988,0.01640679088602905,0.1989578612806368,9.805035437014638,10.038966354777216,183.07314204093427,183.2990819982769,29.74941533106715,246.13081483403894,39.99629740682874,0.7227807717976228,0.03577339288904691,0.7299354503754322,12.494153704193625,0.7299354503754322,0.003702593171261981,0.7227807717976228,12.494153704193625,0.7299354503754322,-0.01594899454890793,0.023030665235435777
349,69.9999999999989,-0.012623560417516728,0.19953850840924475,9.80244865887704,10.03712407560599,182.99548300483934,183.78053937138836,29.73679572508212,246.02726439557935,39.97947044375209,0.7193237791529618,-0.010059445975231784,0.7173118899579154,12.491189544654208,0.7173118899579154,0.020529556247907976,0.7193237791529618,12.491189544654208,0.7173118899579154,-0.014819068882578525,0.02154337950100569
350,70.19999999999901,-0.01738576058036377,0.20033465834460715,9.802446116617805,10.040144881973523,183.00561268956616,184.369066303931,29.738441800496304,246.04177495552105,39.98182841210058,0.7071033785587573,-0.03588624590602829,0.6999261293775516,12.488167787843889,0.6999261293775516,0.018171587899416863,0.7071033785587573,12.488167787843889,0.6999261293775516,-0.019607133877403937,0.02831516041804747
351,70.39999999999911,-0.017350149123162368,0.20097491269631046,9.804852481280031,10.046318655627838,183.07265503065332,184.7535423457085,29.749336191817356,246.132399125873,39.99655485450922,0.6922056377704549,-0.048148287580327964,0.6825759802543893,12.485090342369029,0.6825759802543893,0.0034451454907795664,0.6922056377704549,12.485090342369029,0.6825759802543893,-0.025246536135256185,0.03654824116447913
352,70.59999999999921,-0.01464728404630033,0.20141802698932657,9.808648281323963,10.053885709751823,183.1645048305431,184.92873700458304,29.764261799225057,246.2560150233715,40.01664245794033,0.6774211243738149,-0.04746214082862965,0.6679286962080889,12.481959152010155,0.6679286962080889,-0.01664245794032837,0.6774211243738149,12.481959152010155,0.6679286962080889,-0.026975579186265,0.039198074662364496
353,70.79999999999932,0.013929069031603392,0.2007059040802277,9.812508558757312,10.057245410225775,183.1799322525522,184.11941575686888,29.766768757808492,246.2754888249547,40.019806953862094,0.6802256162772574,0.008160744812174547,0.6818577652396923,12.478776194494207,0.6818577652396923,-0.01980695386209419,0.6802256162772574,12.478776194494207,0.6818577652396923,-0.022600102052173086,0.032712608494207984
354,70.99999999999942,0.015943280181868368,0.19996120348343457,9.812654181324561,10.054689975790321,183.0866785139275,183.3878260135719,29.75161501012823,246.14912977950846,39.999273588443714,0.6913352613079894,0.032328920567856745,0.6978010454215607,12.475543480245376,0.6978010454215607,0.0007264115562861662,0.6913352613079894,12.475543480245376,0.6978010454215607,-0.0163467848871148,0.0235697024889717
355,71.19999999999952,-0.01185868806887836,0.20048687845907875,9.810444395760019,10.05321189679746,183.01107227974512,183.8002668101567,29.73932898478757,246.04822978641306,39.98287732316945,0.6879262958460737,-0.009919692466956453,0.6859423573526824,12.472263051115267,0.6859423573526824,0.01712267683055302,0.6879262958460737,12.472263051115267,0.6859423573526824,-0.014559115753182257,0.021145987512454667
356,71.39999999999962,-0.0173428899285973,0.2012677569033333,9.810540801693035,10.056270965662186,183.01730400946258,184.3616539166415,29.74034164187931,246.05746374512933,39.98437784296136,0.6757477396136962,-0.03574136094805558,0.668599467424085,12.46893697909323,0.668599467424085,0.015622157038642115,0.6757477396136962,12.46893697909323,0.668599467424085,-0.01873464022424182,0.02707313785226262
357,71.59999999999972,-0.0173171425704022,0.20190507836944022,9.812966865239217,10.062383656643277,183.0787065630309,184.73320571595048,29.750319566812088,246.1404942916342,39.99787032026088,0.6608778555722792,-0.04797765359298156,0.6512823248536829,12.465567364997646,0.6512823248536829,0.0021296797391201494,0.6608778555722792,12.465567364997646,0.6512823248536829,-0.02396824742602192,0.03468886601122847
358,71.79999999999983,-0.015118534562379056,0.2023648906820803,9.81674711267302,10.069895444889568,183.16513588376606,184.91455292383088,29.76436434547633,246.25684034604984,40.01677657300967,0.6458970544710391,-0.04866632089867651,0.6361637902913038,12.462156337148997,0.6361637902913038,-0.016776573009671836,0.6458970544710391,12.462156337148997,0.6361637902913038,-0.025366972035589488,0.03682099359901656
359,71.99999999999993,0.011946649366851235,0.20174152050694352,9.820631632762073,10.073636954851903,183.18332822761022,184.17444470187158,29.767320604307265,246.28013377294548,40.0205617586654,0.6472961807524127,0.0040712945287113556,0.648110439658155,12.458706050025583,0.648110439658155,-0.02056175866540144,0.6472961807524127,12.458706050025583,0.648110439658155,-0.02064098390257112,0.029830156267907172
360,72.20000000000003,0.01527134383289536,0.20102237970794992,9.82103266076793,10.071646114108534,183.09659010828366,183.45145580187568,29.753225645821743,246.1625380758912,40.00145243878476,0.6574642209445896,0.029587812732304042,0.6633817834910504,12.455218682902704,0.6633817834910504,-0.0014524387847600906,0.6574642209445896,12.455218682902704,0.6633817834910504,-0.013845676309864908,0.019900467996548345
361,72.40000000000013,-0.012116331219289414,0.20154083265683223,9.819117899501933,10.070572117408748,183.02476764607684,183.84018549946794,29.74155448404197,246.0666828336912,39.98587594635077,0.6535458518270972,-0.011401997776681605,0.6512654522717609,12.451696438476178,0.6512654522717609,0.014124053649233304,0.6535458518270972,12.451696438476178,0.6512654522717609,-0.01114748416497952,0.016172011694591506
362,72.60000000000024,-0.01730282807954302,0.20230501418495667,9.819416184095621,10.073791978686678,183.0304124091915,184.37294816364866,29.74247175896538,246.07508439960628,39.98724120217722,0.6412167786549638,-0.03627077231372955,0.6339626241922179,12.44814154147108,0.6339626241922179,0.012758797822776557,0.6412167786549638,12.44814154147108,0.6339626241922179,-0.014113989503448441,0.020383280481983946
363,72.80000000000034,-0.017287373422842155,0.20293224007687286,9.821945093705068,10.079905898384702,183.08840964739275,184.72594502075222,29.751896319597645,246.15351330169742,39.99998591151174,0.6263126877335785,-0.048187184821013584,0.6166752507693758,12.44455623723655,0.6166752507693758,1.4088488256902565e-05,0.6263126877335785,12.44455623723655,0.6166752507693758,-0.018443841273392002,0.026675836267682485
364,73.00000000000044,-0.015145379434226515,0.20338929685989407,9.825774311479526,10.087348328338527,183.17028709661128,184.89797686863565,29.76520141840075,246.26373226617508,40.017896511149964,0.611301593469294,-0.048858610670723945,0.6015298713351492,12.440942790327593,0.6015298713351492,-0.0178965111499636,0.611301593469294,12.440942790327593,0.6015298713351492,-0.019303927464648776,0.027991638479815607
365,73.20000000000054,0.010326109601754214,0.20283760178704954,9.829639450136906,10.091326656596058,183.18972570705847,184.21592114999424,29.768360195757197,246.28878859111998,40.02196816802517,0.6116520331851244,0.0010197387588950502,0.6118559809369034,12.43730348307472,0.6118559809369034,-0.02196816802516821,0.6116520331851244,12.43730348307472,0.6118559809369034,-0.014310726100206086,0.020603609488736654
366,73.40000000000065,0.014657597553740583,0.2021465258037314,9.830198580442108,10.08977492555302,183.1083324410915,183.50838782267942,29.755133776811146,246.17839452369762,40.00402911412998,0.6210463215086452,0.027336284909993958,0.626513578490644,12.433640614142398,0.626513578490644,-0.004029114129977529,0.6210463215086452,12.433640614142398,0.626513578490644,-0.007315242074730235,0.01038686734269021
367,73.60000000000075,-0.011984698240628443,0.20264433100177823,9.828531316283016,10.088966338496268,183.03892049405127,183.86603011770123,29.743854324137658,246.085728576475,39.98897088264807,0.6169265128981344,-0.011988163240593819,0.6145288802500156,12.42995649707715,0.6145288802500156,0.011029117351931461,0.6169265128981344,12.42995649707715,0.6145288802500156,-0.004176445397186472,0.0060456593193976005
368,73.80000000000085,-0.017272433713305193,0.2033927152622912,9.828978651030877,10.092231717131972,183.04303608519828,184.37544956501964,29.74452310836783,246.092040568799,39.98999658242642,0.6045465880145497,-0.03645070738919676,0.5972564465367104,12.426253458846277,0.5972564465367104,0.010003417573578588,0.6045465880145497,12.426253458846277,0.5972564465367104,-0.006452063017383727,0.009294840538612448
369,74.00000000000095,-0.017268661595292445,0.20401099740163556,9.83159051648022,10.098276839001834,183.09752624334163,184.7145811813519,29.753377767920785,246.1657384135074,40.00197249416745,0.5896347332530343,-0.04823474155808194,0.5799877849414179,12.422533838368098,0.5799877849414179,-0.0019724941674468255,0.5896347332530343,12.422533838368098,0.5799877849414179,-0.01028715423072527,0.014859399220790694
370,74.20000000000105,-0.015289566720713686,0.20446820986173048,9.835466390149445,10.105611593188224,183.17533934716707,184.88298890843578,29.76602240993706,246.2704937258292,40.0189952494425,0.5745560295803379,-0.04928905679816853,0.5646982182207042,12.418799985034628,0.5646982182207042,-0.018995249442497197,0.5745560295803379,12.418799985034628,0.5646982182207042,-0.010917752742101345,0.01581362268736939
371,74.40000000000116,0.008116491087099274,0.20401158684177423,9.839335484624398,10.109915033758929,183.19878704187357,184.2803668205901,29.769832664137123,246.3010560536402,40.023961632678166,0.5734553052365708,-0.0032029796438370894,0.5728147093078034,12.415054257227663,0.5728147093078034,-0.023961632678165756,0.5734553052365708,12.415054257227663,0.5728147093078034,-0.005837193921182661,0.008292575585245742
372,74.60000000000126,0.01420057830473697,0.20334269247164155,9.840120209369793,10.108897940112232,183.12566410665588,183.583536635067,29.757950175281756,246.20178501024694,40.0078300719952,0.5820268488737191,0.02494219369410633,0.5870152876125404,12.41129902082917,0.5870152876125404,-0.007830071995201138,0.5820268488737191,12.41129902082917,0.5870152876125404,-0.0017795836116526443,-0.002319768750085416
373,74.80000000000136,-0.01038320319821739,0.20375829233663426,9.838715201187991,10.108157016702528,183.0563386627102,183.8607139132659,29.746684779375187,246.10911147642508,39.992770607689685,0.578616707348919,-0.009923114672980016,0.576632084414323,12.407536647726943,0.576632084414323,0.0072293923103146085,0.578616707348919,12.407536647726943,0.576632084414323,-0.0053040244314755845,-0.007652243450630181
374,75.00000000000146,-0.017202358246825183,0.20448898268932586,9.839166019789417,10.111206516094045,183.0554041145832,184.35240387766774,29.746532915152688,246.10861405064807,39.99268977592009,0.5665209818212015,-0.03545627826851805,0.5594297261674979,12.403769514316474,0.5594297261674979,0.007310224079908778,0.5665209818212015,12.403769514316474,0.5594297261674979,-0.0039514167141721296,-0.005696976154921174
375,75.20000000000157,-0.01725361993662,0.20510423720950732,9.841768419992565,10.117021959695496,183.10469673628108,184.68847965991407,29.754542974188652,246.1753274119928,40.00353070797954,0.5517055662503669,-0.04764730009744533,0.5421761062308779,12.399999999999972,0.5421761062308779,-0.003530707979543024,0.5517055662503669,12.399999999999972,0.5421761062308779,-0.0003921223051736475,-0.0005436675053942964
376,75.40000000000167,-0.01562981363799843,0.20556949362606347,9.845647602251848,10.124165944943076,183.1781743726121,184.86436029377612,29.766483102032566,246.2742720316468,40.01960922475183,0.5365309478088114,-0.04992327607965974,0.5265462925928794,12.39623048568347,0.5265462925928794,-0.019609224751832244,0.5365309478088114,12.39623048568347,0.5265462925928794,-0.0007102163537071242,0.001022274776373422
377,75.60000000000177,0.0049777497635753315,0.2052435117007507,9.849557080784681,10.128909924230976,183.20891220240924,184.37265532458702,29.771478004369506,246.31479496146318,40.02619420743198,0.5333659799362861,-0.009209687899156549,0.5315240423564548,12.392463352273003,0.5315240423564548,-0.026194207431977645,0.5333659799362861,12.392463352273003,0.5315240423564548,-0.004064101527421484,-0.00570894023787929
378,75.80000000000187,0.013782690879000706,0.20459534850554165,9.850675989697727,10.128586978052727,183.14816871373503,183.68467802789286,29.761607177589124,246.23216234808237,40.01276639432978,0.5409139755845429,0.021963788254563132,0.5453067332354555,12.388700979170777,0.5453067332354555,-0.01276639432978044,0.5409139755845429,12.388700979170777,0.5453067332354555,-0.011524639911908335,-0.01636732350097674
379,76.00000000000198,-0.006806981489593688,0.2048498486733244,9.849546270602687,10.127702842931194,183.07643838423576,183.81773481854628,29.7499509873893,246.1360376326005,39.997146112443694,0.5393878950625083,-0.004440716583232196,0.5384997517458618,12.384945742772283,0.5384997517458618,0.0028538875563057786,0.5393878950625083,12.384945742772283,0.5384997517458618,-0.015811237532024174,-0.02279962179847672
380,76.20000000000208,-0.01705963569893755,0.20555880343755395,9.849804984390234,10.130214344309563,183.0658940021782,184.29664173903873,29.74823752359148,246.12261492770295,39.994964920716654,0.528045151420534,-0.0330251768680484,0.5214401160469243,12.381200014965318,0.5214401160469243,0.005035079283345567,0.528045151420534,12.381200014965318,0.5214401160469243,-0.015398131744065624,-0.022267952984009298
381,76.40000000000218,-0.017257695821444586,0.2061799636892655,9.852271949085116,10.135610819984505,183.10782794879665,184.6437125987991,29.755051796731255,246.1794633018993,40.004202790761425,0.513452337484584,-0.046349586295520995,0.5041824202254798,12.377466161631848,0.5041824202254798,-0.00420279076142549,0.513452337484584,12.377466161631848,0.5041824202254798,-0.012014393490911593,-0.017363611654876366
382,76.60000000000228,-0.016195074780854253,0.2066631858164671,9.856098235870775,10.142474115138176,183.1766088276248,184.84007658762695,29.76622870071773,246.27213206539957,40.01926147988891,0.4981483073732418,-0.05080480964308132,0.4879873454446255,12.373746541153668,0.4879873454446255,-0.019261479888911026,0.4981483073732418,12.373746541153668,0.4879873454446255,-0.010208630407104428,-0.014753507924315557
383,76.80000000000238,-0.0003777017813031871,0.20654694098167606,9.86016190312409,10.1479582298676,183.22121565440085,184.5257785627899,29.773477317317457,246.33155266605348,40.02891733715103,0.4914866013796639,-0.01938478858170778,0.4876096436633223,12.370043502922798,0.4876096436633223,-0.028917337151028732,0.4914866013796639,12.370043502922798,0.4876096436633223,-0.013950437000330574,-0.02000372865198017
384,77.00000000000249,0.013815549709544163,0.20590010475935142,9.861876241907181,10.148637559288076,183.17966290171108,183.82604699908399,29.76672498825304,246.27467392713737,40.01967453283436,0.4977689897043359,0.018281018342652944,0.5014251933728665,12.36635938585755,0.5014251933728665,-0.01967453283435816,0.4977689897043359,12.36635938585755,0.5014251933728665,-0.021255876255664573,-0.03035425448183844
385,77.20000000000259,0.0012947436176178589,0.2058218387496179,9.86094205560925,10.147082533103834,183.09742627540658,183.6754757510533,29.753361523115093,246.1640040103094,40.001690653365934,0.5008985852695667,0.009106758604588427,0.5027199369904843,12.362696516925226,0.5027199369904843,-0.0016906533659337697,0.5008985852695667,12.362696516925226,0.5027199369904843,-0.026407239574596612,-0.03799588963675831
386,77.40000000000269,-0.016799906752438372,0.20650756874652998,9.860477805992574,10.148301551497491,183.0649286728367,184.15681337295524,29.748080657416622,246.12110288956973,39.9947192142743,0.491430332692658,-0.027551512273060186,0.485920030238046,12.359057209672354,0.485920030238046,0.005280785725702231,0.491430332692658,12.359057209672354,0.485920030238046,-0.02680160421364,-0.03873179190922258
387,77.6000000000028,-0.017342475890271575,0.2071618586243299,9.862480262200355,10.15287924352598,183.09354119405455,184.54903163028072,29.752730196764062,246.1601316330151,40.00106139142635,0.47732605509348625,-0.04374250372855937,0.46857755434777437,12.355443762763397,0.46857755434777437,-0.0010613914263473134,0.47732605509348625,12.355443762763397,0.46857755434777437,-0.023512569348775793,-0.03396288585209106
388,77.8000000000029,-0.01707740917832193,0.2076843727817989,9.866105643217924,10.159294374838224,183.15586086652993,184.79039064094104,29.762857153668268,246.2441928382341,40.014721350934394,0.4618734457880228,-0.05186650309285168,0.45150014516945247,12.351858458528868,0.45150014516945247,-0.014721350934394195,0.4618734457880228,12.351858458528868,0.45150014516945247,-0.021001749511451045,-0.030342698391298484
389,78.000000000003,-0.011647994575950263,0.20797759397456933,9.870564638217399,10.166195089780759,183.2275698480669,184.81924885254477,29.774509874820748,246.3405366935286,40.03037724307564,0.4481936476417607,-0.04170748524129242,0.4398521505935022,12.348303561523771,0.4398521505935022,-0.030377243075641047,0.4481936476417607,12.348303561523771,0.4398521505935022,-0.023621561373832166,-0.03402748721242972
390,78.2000000000031,0.012691265046448186,0.20737170225472598,9.87368395833634,10.169058140660349,183.22768795032218,184.12385552268125,29.77452906645642,246.33962600569185,40.030229256154186,0.45094322541953347,0.008000951102084541,0.4525434156399504,12.344781317097246,0.4525434156399504,-0.030229256154186146,0.45094322541953347,12.344781317097246,0.4525434156399504,-0.03089057086717542,-0.044208847077139526
391,78.4000000000032,0.013000699397980176,0.20681342144026413,9.873319277962317,10.167191023806083,183.14284585748956,183.55813038816882,29.760742212584265,246.22481866962053,40.011573045386385,0.46017274792444973,0.02685683556740398,0.46554411503793053,12.341293949974366,0.46554411503793053,-0.011573045386384706,0.46017274792444973,12.341293949974366,0.46554411503793053,-0.03759425029239057,-0.05388901588786013
392,78.6000000000033,-0.014101068666427777,0.20736535107903561,9.87193651766707,10.166621491971764,183.08086404183547,183.9554072917952,29.75067015746842,246.14219213724797,39.998146220449016,0.45465452410042967,-0.016057388644634685,0.45144304637150273,12.337843662850952,0.45144304637150273,0.0018537795509843136,0.45465452410042967,12.337843662850952,0.45144304637150273,-0.03943905435926661,-0.05689265406329298
393,78.80000000000341,-0.017306446233555244,0.20805671250520763,9.873081250597801,10.169847161478135,183.0878085401369,184.40816942046538,29.75179863957089,246.15221601692843,39.99977510252597,0.44178970408165696,-0.03826551971854747,0.43413660013794747,12.334432635002305,0.43413660013794747,0.000224897474026875,0.44178970408165696,12.334432635002305,0.43413660013794747,-0.03684179608580829,-0.053193406565030445
394,79.00000000000351,-0.01728196075598603,0.20861671829417933,9.87626554068284,10.175466745415163,183.13865514184644,184.7014482535496,29.760061220611266,246.220950216902,40.010944421191,0.42671162074794566,-0.04928490682992115,0.41685463938196143,12.33106302090672,0.41685463938196143,-0.01094442119099881,0.42671162074794566,12.33106302090672,0.41685463938196143,-0.03407020672445475,-0.049187036297806234
395,79.20000000000361,-0.015762276773905452,0.20904440109296343,9.880569203072323,10.182192699751845,183.21018110320344,184.8580816843583,29.771684200954763,246.3172441954504,40.0265922083529,0.4113437904185097,-0.051257139052268696,0.401092362608056,12.327736948884684,0.401092362608056,-0.02659220835290199,0.4113437904185097,12.327736948884684,0.401092362608056,-0.03572812725326885,-0.05152120284726323
396,79.40000000000371,0.0036950361439440655,0.2087873008036239,9.884469429249304,10.186884048387602,183.24632891037305,184.44749737140233,29.77755822549385,246.36515694333784,40.034378037670436,0.40719936045440325,-0.012059808512016046,0.40478739875200004,12.324456519754577,0.40478739875200004,-0.0343780376704359,0.40719936045440325,12.324456519754577,0.40478739875200004,-0.04197024870614532,-0.06026417988395423
397,79.60000000000382,0.014101437971969567,0.20817032056785104,9.885419661068976,10.186874380585714,183.19876957759857,183.806154452853,29.769829826189593,246.30030142662903,40.023839005666225,0.4145885187262874,0.021501589988411063,0.4188888367239696,12.321223805505745,0.4188888367239696,-0.023839005666225432,0.4145885187262874,12.321223805505745,0.4188888367239696,-0.04905010374429471,-0.07026421882576983
398,79.80000000000392,-0.0004856575933976726,0.20817490123343568,9.884217323738135,10.185265156694829,183.1224962495728,183.74426956051622,29.75743539799098,246.19777626621243,40.00717865043817,0.4169998439927694,0.007016675689012486,0.4184031791305719,12.3180408479898,0.4184031791305719,-0.007178650438170564,0.4169998439927694,12.3180408479898,0.4184031791305719,-0.05246660106033604,-0.07545795590683896
399,80.00000000000402,-0.016754490493176812,0.20882925288499124,9.884114152739143,10.186495089692624,183.09749814503814,184.20588930773107,29.7533732019419,246.1649162317483,40.00183888949799,0.4072960630909283,-0.02823687226766597,0.4016486886373951,12.314909657630926,0.4016486886373951,-0.0018388894979892711,0.4072960630909283,12.314909657630926,0.4016486886373951,-0.05098359147300965,-0.0735383713925387
400,80.20000000000412,-0.017281534234092698,0.20944145881094842,9.886475270962984,10.190855268879547,183.12970949453018,184.5745817489317,29.758607551468707,246.20874156340548,40.0089605130139,0.3931540174206314,-0.04393431508664475,0.38436715440330244,12.311832212156068,0.38436715440330244,-0.008960513013903437,0.3931540174206314,12.311832212156068,0.38436715440330244,-0.04837907731805262,-0.06979379755905626
401,80.40000000000423,-0.016760473242953784,0.20992228989185868,9.8903890117722,10.196897675337365,183.1931353464446,184.7979537398672,29.76891426271151,246.29426060950271,40.022857371901566,0.3778158149584412,-0.05104566899046259,0.36760668116034867,12.308810455345748,0.36760668116034867,-0.02285737190156567,0.3778158149584412,12.308810455345748,0.36760668116034867,-0.0494491227978178,-0.07129541240488493
402,80.60000000000433,-0.007440455966761067,0.21005989932667585,9.89480145536753,10.202873935740557,183.25651972787418,184.72177839479406,29.77921423499379,246.37926388091344,40.03667041731885,0.36665944380064597,-0.032466093035291854,0.3601662251935876,12.305846295806333,0.3601662251935876,-0.036670417318852344,0.36665944380064597,12.305846295806333,0.3601662251935876,-0.05471819763821518,-0.07869169751504473
403,80.80000000000443,0.013901137049076584,0.2094485894141757,9.89702124508485,10.204685198927395,183.24652904951938,184.0645907191701,29.777590748137648,246.36483626367175,40.03432592717259,0.37134214134594096,0.01362610448361612,0.3740673622426642,12.302941605764522,0.3740673622426642,-0.03432592717258842,0.37134214134594096,12.302941605764522,0.3740673622426642,-0.06183104976643713,-0.08857754054337051
404,81.00000000000453,0.012357856003321682,0.20896383086915257,9.895950477885163,10.20241656326184,183.16389418991244,183.5945244771663,29.76416257002334,246.253140340609,40.01617532152429,0.38087646434479044,0.027743769505977067,0.38642521824598586,12.3000982198848,0.38642521824598586,-0.0161753215242868,0.38087646434479044,12.3000982198848,0.38642521824598586,-0.0665493664690116,-0.09544554367553958
405,81.20000000000464,-0.014274967884123448,0.2095056164357701,9.894648232004899,10.201700062824509,183.1091062054207,184.00025214145697,29.75525951364038,246.18018776970223,40.00432051689713,0.37536044508547967,-0.016050973618086384,0.3721502503618624,12.297317934110634,0.3721502503618624,-0.004320516897131199,0.37536044508547967,12.297317934110634,0.3721502503618624,-0.06603678218331016,-0.09510130575040421
406,81.40000000000474,-0.01725580248035711,0.21016124923822416,9.896067114888536,10.204681082028326,183.12167645976714,184.4406674332229,29.757302182014342,246.1977475010575,40.00717397609582,0.36252493103039163,-0.038152415744431845,0.35489444788150526,12.294602504530111,0.35489444788150526,-0.007173976095820933,0.36252493103039163,12.294602504530111,0.35489444788150526,-0.06352123440230519,-0.09157177552479681
407,81.60000000000484,-0.01714664096369098,0.21068534917128542,9.899515780599907,10.209953300620937,183.17654843081337,184.72552282208605,29.76621888622606,246.2718744142623,40.01921961153724,0.3475163448774868,-0.04884268979836265,0.33774780691781425,12.291953646266752,0.33774780691781425,-0.01921961153723828,0.3475163448774868,12.291953646266752,0.33774780691781425,-0.06397429963738414,-0.0922007479179655
408,81.80000000000494,-0.013740616054669358,0.2110309185668648,9.904001430788961,10.21615272334631,183.24924570000167,184.8385967580424,29.778032204282475,246.3696746919574,40.03511217255525,0.333091049989708,-0.045419295632815604,0.3240071908631449,12.289373032396213,0.3240071908631449,-0.035112172555251675,0.333091049989708,12.289373032396213,0.3240071908631449,-0.06827540897596784,-0.09825049369579944
409,82.00000000000504,0.010779600162313472,0.21054617374357992,9.907048620486457,10.219278519970569,183.26852224063705,184.28228791747966,29.78116464526817,246.3947063278931,40.03917981746245,0.3341629627608482,0.0031191413230508003,0.3347867910254584,12.286862292889523,0.3347867910254584,-0.03917981746244692,0.3341629627608482,12.286862292889523,0.3347867910254584,-0.0748073109234594,-0.10727361172156549
410,82.20000000000515,0.014645571716943194,0.20996292656953558,9.906636314415314,10.217879667191708,183.20762722697057,183.72398455836955,29.771269195651914,246.31206949160386,40.02575131813695,0.34381506441010284,0.028086491661493684,0.3494323627424016,12.284423013583572,0.3494323627424016,-0.025751318136947532,0.34381506441010284,12.284423013583572,0.3494323627424016,-0.08007096840838879,-0.11471507638056551
411,82.40000000000525,-0.004656093999353402,0.21014107571978347,9.905029680838714,10.21611503496963,183.1404940433762,183.84078725790462,29.760360042408678,246.22209379456885,40.01113025274769,0.34442266143018885,0.0017680365642966378,0.3447762687430482,12.282056735179447,0.3447762687430482,-0.01113025274769086,0.34442266143018885,12.282056735179447,0.3447762687430482,-0.08074975836762596,-0.11606629011945557
412,82.60000000000535,-0.01678471321036001,0.2107762584490396,9.905416317242818,10.217560813799166,183.13169612688552,184.30158231265577,29.758930379549277,246.21098844137774,40.009325631049514,0.3340362215881559,-0.03022333027733859,0.32799155553268816,12.279764952269309,0.32799155553268816,-0.00932563104951356,0.3340362215881559,12.279764952269309,0.32799155553268816,-0.07881164975496881,-0.1135000141333606
413,82.80000000000545,-0.017044642934238248,0.2113354735291348,9.908234861054122,10.221877256749172,183.1756568723107,184.645869004853,29.766074007824496,246.27055443678267,40.0190051149823,0.319814961953879,-0.04434024677714532,0.3109469125984499,12.277549112392364,0.3109469125984499,-0.019005114982299176,0.319814961953879,12.277549112392364,0.3109469125984499,-0.07901572552324983,-0.11379912594422309
414,83.00000000000556,-0.014347500532827979,0.21171429790935323,9.91241851235037,10.22754550153182,183.2452000344787,184.8099378557271,29.777374782977574,246.36419754476395,40.03422213524628,0.30553174658655397,-0.04466167260466003,0.29659941206562196,12.27541061512057,0.29659941206562196,-0.03422213524628148,0.30553174658655397,12.27541061512057,0.29659941206562196,-0.08274955714664978,-0.11904602740274584
415,83.20000000000566,0.008670686587566359,0.21131761057917892,9.91542265870122,10.230744915482964,183.2723288858183,184.3440933739431,29.781783225728702,246.39991334741418,40.04002595898076,0.3053663535486996,-0.00048127447755647035,0.3052700986531883,12.273350811174643,0.3052700986531883,-0.04002595898076322,0.3053663535486996,12.273350811174643,0.3052700986531883,-0.08877185827695075,-0.1273524992679839
416,83.40000000000576,0.014600331267925475,0.2107459407989998,9.915154600214596,10.229681351970118,183.22427842413444,183.8051947252143,29.773975017896866,246.33455566260125,40.02940532457803,0.3145346784104636,0.026678757553250942,0.3198704299211138,12.271371001570898,0.3198704299211138,-0.029405324578029024,0.3145346784104636,12.271371001570898,0.3198704299211138,-0.09397972739413546,-0.13465154946822794
417,83.60000000000586,0.0009024537472653824,0.2107294319616595,9.913351184664853,10.227421195661435,183.15541300563922,183.77453365744665,29.762784376200752,246.24202703030744,40.014369406794366,0.3184779762041592,0.011474537321100042,0.3207728836683792,12.269472436799518,0.3207728836683792,-0.014369406794365602,0.3184779762041592,12.269472436799518,0.3207728836683792,-0.09512347963064911,-0.13661076943346728
418,83.80000000000597,-0.01624936581638904,0.21133581153430342,9.913192442054337,10.228020550313698,183.13848462092142,184.23799601398147,29.76003351093324,246.2200067322364,40.01079110477952,0.30965707619249266,-0.025667791702512488,0.30452351785199017,12.267656316034705,0.30452351785199017,-0.010791104779521277,0.30965707619249266,12.267656316034705,0.30452351785199017,-0.09328879880015627,-0.13424580930594487
419,84.00000000000607,-0.016951126448679032,0.21190673355327092,9.915686193819708,10.23178194872425,183.17957485344363,184.6156444863685,29.76671068039527,246.27576938701858,40.01985254524307,0.2959444074968583,-0.04186008046773576,0.28757239140331115,12.265923786377261,0.28757239140331115,-0.019852545243068676,0.2959444074968583,12.265923786377261,0.28757239140331115,-0.0929954758833919,-0.13385075139589306
420,84.20000000000617,-0.014138295705337343,0.21228518950680209,9.919711120919516,10.237093036713288,183.2499069876937,184.79974539246433,29.778139663639887,246.37050293755092,40.03524676259879,0.2820126936161352,-0.04289298959080701,0.2734340956979738,12.264275942130048,0.2734340956979738,-0.03524676259878845,0.2820126936161352,12.264275942130048,0.2734340956979738,-0.09624294929923781,-0.13839203795576793
421,84.40000000000627,0.009394675252282806,0.21187542408242577,9.922479834386806,10.239993312613409,183.2790306551856,184.34382491364474,29.782872264339925,246.40891283994947,40.041488377980166,0.28252855287662393,0.0015010903681633714,0.2828287709502566,12.262713824106816,0.2828287709502566,-0.04148837798016558,0.28252855287662393,12.262713824106816,0.2828287709502566,-0.10210676175799119,-0.14644840633219475
422,84.60000000000637,0.014671393976543955,0.2113130695191183,9.921993327469124,10.238776764410376,183.23574452373205,183.83214521108152,29.77583826094472,246.34999506870452,40.031914230578714,0.29199241665228554,0.027538741372575004,0.29750016492680054,12.261238418974786,0.29750016492680054,-0.0319142305787139,0.29199241665228554,12.261238418974786,0.29750016492680054,-0.1074423313652473,-0.15390552377594277
423,84.80000000000648,0.004798412911888317,0.21117517459849505,9.919823796820738,10.235968485745444,183.1648006360335,183.72099032560968,29.76430986766531,246.25455158997687,40.01640464977589,0.2985071530207703,0.01895712408959277,0.30229857783868885,12.259850658631466,0.30229857783868885,-0.016404649775893176,0.2985071530207703,12.259850658631466,0.30229857783868885,-0.10899518841644978,-0.15643607391390335
424,85.00000000000658,-0.015735959332789505,0.21176249525397353,9.9191886280315,10.235880491266876,183.14324914529112,184.19449288130102,29.760807746917553,246.2263380105421,40.01181993853303,0.2909567671883313,-0.021970743412159655,0.28656261850589937,12.25855141961603,0.28656261850589937,-0.011819938533029983,0.2909567671883313,12.25855141961603,0.28656261850589937,-0.1070370439263087,-0.15393353643887622
425,85.20000000000668,-0.016874058103742963,0.21234205364170383,9.921413743405381,10.239204799899793,183.18422617231357,184.60219194809952,29.767466520467476,246.2819949888797,40.02086420655716,0.27767800067863607,-0.039947201382398434,0.2696885604021564,12.25734152255569,0.2696885604021564,-0.020864206557156706,0.27767800067863607,12.25734152255569,0.2696885604021564,-0.10591511955221096,-0.15236261757861058
426,85.40000000000678,-0.013680620028736918,0.2127113715054292,9.925299804297676,10.244223668867459,183.25713068630637,184.79889517548543,29.7793135158383,246.38020250932658,40.036822944588515,0.2641833626974523,-0.04087711162016422,0.25600794037341945,12.256221731647358,0.25600794037341945,-0.03682294458851487,0.2641833626974523,12.256221731647358,0.25600794037341945,-0.10867911450482116,-0.15619732821685517
427,85.60000000000689,0.010975781507895238,0.21225852569913167,9.927772313682683,10.246734541662821,183.2872292401481,184.32933106106654,29.784204535728602,246.41990057541943,40.043273886779545,0.2659535273096648,0.005150972858249392,0.2669837218813147,12.255192754174976,0.2669837218813147,-0.04327388677954502,0.2659535273096648,12.255192754174976,0.2669837218813147,-0.11482129682498644,-0.1646180742796986
428,85.80000000000699,0.014958018769458334,0.21169678580508455,9.926962469489855,10.245203622853152,183.24633906220527,183.84084588740586,29.777559875168233,246.36423593704495,40.03422837399818,0.2760600056614518,0.029408674946606317,0.28194174065077304,12.254255240062768,0.28194174065077304,-0.03422837399818235,0.2760600056614518,12.254255240062768,0.28194174065077304,-0.12085618195852178,-0.17306057335033814
429,86.00000000000709,0.008233672255657363,0.21145834628470073,9.924352052153774,10.241801888204385,183.17297018221913,183.6694272998603,29.76563742024803,246.26544336686078,40.01817456528944,0.2849826447771833,0.02596384064623536,0.2901754129064304,12.253409781464743,0.2901754129064304,-0.018174565289442057,0.2849826447771833,12.253409781464743,0.2901754129064304,-0.12336404380161632,-0.17696197796309576
430,86.2000000000072,-0.015053932099998616,0.2120266063059372,9.923215315112383,10.24104144702177,183.14753308111725,184.15405247473328,29.76150388718544,246.23202864200036,40.012744667069725,0.27874920029733163,-0.01813859745449925,0.2751214808064318,12.252656912390671,0.2751214808064318,-0.012744667069725324,0.27874920029733163,12.252656912390671,0.2751214808064318,-0.12142090765567236,-0.174521442405856
431,86.4000000000073,-0.016771454621261155,0.2126153313370346,9.925141906401796,10.243943485005197,183.1891109171952,184.5931883356274,29.76826029230451,246.28854091014733,40.021927919826865,0.265951399005954,-0.038006864103916904,0.2583500261851706,12.251997108368798,0.2583500261851706,-0.02192791982686515,0.265951399005954,12.251997108368798,0.2583500261851706,-0.11894830355120588,-0.1710245245889638
432,86.6000000000074,-0.012954564293283755,0.21296913457220887,9.928849008155684,10.248666586990351,183.26495298980268,184.7980648579711,29.780584641427577,246.39070600464052,40.03852976428385,0.25306512714862894,-0.03834832628371046,0.24539546189188685,12.251430786145484,0.24539546189188685,-0.03852976428385091,0.25306512714862894,12.251430786145484,0.24539546189188685,-0.12049459945848984,-0.1730954994770599
433,86.8000000000075,0.01261977165474717,0.21246999180681056,9.930996611934074,10.25076090373301,183.29592396882302,184.31306316607038,29.785617430551174,246.43155186094376,40.04516722257058,0.2561941911711768,0.009105211877286079,0.258015233546634,12.250958303421983,0.258015233546634,-0.045167222570583476,0.2561941911711768,12.250958303421983,0.258015233546634,-0.12642570437565634,-0.18117220824402694
434,87.0000000000076,0.015350972349488729,0.21190376309332176,9.92985047212459,10.248869193291611,183.2569309730405,183.84444572417777,29.77928106240015,246.37846543043923,40.036540668987044,0.2670489747152524,0.031586155904351765,0.27336620589612276,12.250579958628512,0.27336620589612276,-0.036540668987044,0.2670489747152524,12.250579958628512,0.27336620589612276,-0.1329175075279478,-0.19025063225294903
435,87.2000000000077,0.01122631422625524,0.21157977776502002,9.926806947364812,10.244894635949372,183.18178176972063,183.62606216276833,29.767069304648906,246.27720993188598,40.02008663401811,0.2781385035565963,0.03227008282890853,0.284592520122378,12.25029599073575,0.284592520122378,-0.02008663401810651,0.2781385035565963,12.25029599073575,0.284592520122378,-0.13627289551755098,-0.19536988181215806
436,87.40000000000781,-0.013899244748286405,0.2121170049073577,9.925152243679861,10.243462086136724,183.15274641614627,184.1123631645929,29.762351054974825,246.23896548407106,40.013871905033454,0.27343222175729537,-0.013694731916018832,0.2706932753740916,12.250106579103907,0.2706932753740916,-0.013871905033454368,0.27343222175729537,12.250106579103907,0.2706932753740916,-0.13509443219318767,-0.19406876694519895
437,87.60000000000791,-0.016577148931712755,0.21271321841790747,9.926719043977306,10.245912880747863,183.19465824044207,184.58284395900438,29.76916173323357,246.29597453441627,40.02313588497853,0.26126002055221453,-0.0357194705491784,0.25411612644237885,12.250011843369427,0.25411612644237885,-0.023135884978529475,0.26126002055221453,12.250011843369427,0.25411612644237885,-0.13218766737572932,-0.18996754041780264
438,87.80000000000801,-0.011738049992389673,0.21303915076716676,9.930156473239311,10.250268397351508,183.27238845607178,184.7871205817895,29.78179290590457,246.40067444929764,40.04014963816051,0.24934653516536723,-0.034842293576890226,0.24237807644998918,12.25001184336943,0.24237807644998918,-0.040149638160507095,0.24934653516536723,12.25001184336943,0.24237807644998918,-0.13220393885487286,-0.18982691628026346
439,88.00000000000811,0.013431265967218737,0.2125191824391926,9.931988455880813,10.251977074445113,183.30494156652873,184.3082352006445,29.787082791643712,246.44365427918132,40.04713386750083,0.25343180849697605,0.01188766960115939,0.25580934241720793,12.250106579103917,0.25580934241720793,-0.047133867500832594,0.25343180849697605,12.250106579103917,0.25580934241720793,-0.1371284078011285,-0.19642111382473076
440,88.20000000000822,0.015787064977989203,0.21194582683152424,9.930589137170378,10.249790408059907,183.26915550565698,183.85588917167703,29.78126755093681,246.39489948738594,40.03921120591142,0.264908623918604,0.03343891738296578,0.27159640739519714,12.250295990735768,0.27159640739519714,-0.03921120591142113,0.264908623918604,12.250295990735768,0.27159640739519714,-0.14362589753420008,-0.20548010942529943
441,88.40000000000832,0.013706934348960961,0.21155041898738045,9.927235937093595,10.245380051566729,183.1947516137361,183.60039502998166,29.769176906409022,246.2945879442866,40.02291056385714,0.2777039102142049,0.03799715764976619,0.2853033417441581,12.250579958628538,0.2853033417441581,-0.0229105638571383,0.2777039102142049,12.250579958628538,0.2853033417441581,-0.14763711718240824,-0.21153024800480297
442,88.60000000000842,-0.011084489454938212,0.2120021039138449,9.924986243867263,10.243145248884634,183.15990170930908,184.04391343816482,29.76351379127652,246.24846909661625,40.015416243616386,0.27550093345112764,-0.006410405809538777,0.2742188522892199,12.250958303422017,0.2742188522892199,-0.015416243616385827,0.27550093345112764,12.250958303422017,0.2742188522892199,-0.14734673709125184,-0.2115408863959175
443,88.80000000000852,-0.01616242088887906,0.21260137326915052,9.925968924697209,10.244915287190436,183.19808481483668,184.54649938009044,29.76971855212951,246.30052008647422,40.0238745379266,0.2644739050663689,-0.032087368330140364,0.25805643140034085,12.251430786145525,0.25805643140034085,-0.023874537926602102,0.2644739050663689,12.251430786145525,0.25805643140034085,-0.14431170086855033,-0.2072900516554242
444,89.00000000000863,-0.010593351575359861,0.21290958079969072,9.928966783097023,10.248753185896128,183.27502583875406,184.7619077194399,29.78222148101902,246.40417745347517,40.04071887690859,0.2537210127087166,-0.03128966441867817,0.24746307982498097,12.251997108368846,0.24746307982498097,-0.040718876908591994,0.2537210127087166,12.251997108368846,0.24746307982498097,-0.14296808183040977,-0.20519977380622692
445,89.20000000000873,0.013886909943190676,0.2123839388850742,9.930479354099338,10.250070249799895,183.3090143820404,184.30192490731767,29.787744624826193,246.44911402689786,40.04802107739198,0.25854344595079876,0.014032719086864431,0.26134998976817164,12.252656912390728,0.26134998976817164,-0.04802107739197936,0.25854344595079876,12.252656912390728,0.26134998976817164,-0.14672470496454645,-0.21010848488308798
446,89.40000000000883,0.016037776627484946,0.21180805847463552,9.928897338418587,10.247636281826761,183.27720761157659,183.86843849319968,29.782576019457217,246.40573211174063,40.04097150912936,0.27043444689035967,0.034766597526484644,0.2773877663956566,12.253409781464807,0.2773877663956566,-0.040971509129363426,0.27043444689035967,12.253409781464807,0.2773877663956566,-0.1530143535660591,-0.2188485969820576
447,89.60000000000893,0.014551674482571884,0.2113886493560283,9.925424004899554,10.243022069040501,183.20753734342068,183.61235265042188,29.771254589560453,246.31177657576924,40.025703719266225,0.28384090445088117,0.04049268213673657,0.2919394408782285,12.25425524006284,0.2919394408782285,-0.025703719266225278,0.28384090445088117,12.25425524006284,0.2919394408782285,-0.1575384127698878,-0.2256081035887661
448,89.80000000000904,-0.006564271806935794,0.21169865077831654,9.922665793455693,10.24002557341178,183.16750715372913,183.9635737491713,29.76474967723066,246.25855909802996,40.01705587048574,0.2848107446601203,0.0028221220558619087,0.2853751690712927,12.255192754175054,0.2853751690712927,-0.01705587048574131,0.2848107446601203,12.255192754175054,0.2853751690712927,-0.15814191153409562,-0.2269049251345635
449,90.00000000000914,-0.015436179980506354,0.21228790812974802,9.922923593297167,10.240963045353388,183.19908996883476,184.48972068499717,29.769881889817537,246.30178240570004,40.02407966500592,0.27541000221893125,-0.02735506564072454,0.26993898909078634,12.256221731647443,0.26993898909078634,-0.024079665005920958,0.27541000221893125,12.256221731647443,0.26993898909078634,-0.1555259062484652,-0.22329366472066142
450,90.20000000000924,-0.009732708416911422,0.21259258581810933,9.925384177435603,10.24421030134228,183.27373288257402,184.7296888935316,29.782011375429654,246.4023915338542,40.04042866467997,0.26579941725965794,-0.02796568292891516,0.2602062806738749,12.25734152255578,0.2602062806738749,-0.04042866467997186,0.26579941725965794,12.25734152255578,0.2602062806738749,-0.1535212266902391,-0.22027363422935622
451,90.40000000000934,0.014138048114579749,0.21206880700288946,9.926600371746451,10.245148180006922,183.3091426829623,184.29406581280185,29.78776547374685,246.4492742847835,40.048047119324444,0.27120083151034696,0.015717486390538493,0.27434432878845466,12.25855141961613,0.27434432878845466,-0.048047119324444054,0.27120083151034696,12.25855141961613,0.27434432878845466,-0.15589499168446241,-0.22320910353796108
452,90.60000000000944,0.016193979347796497,0.21149098867365088,9.924892980700372,10.242491642145158,183.2814792095934,183.8785647162204,29.783270154829086,246.41148417104347,40.041906219700785,0.28338569318718987,0.03576307474530638,0.29053830813625114,12.25985065863157,0.29053830813625114,-0.041906219700784675,0.28338569318718987,12.25985065863157,0.29053830813625114,-0.16125003074145197,-0.23059247685331175
453,90.80000000000955,0.01511985990114029,0.21105286164016174,9.921365446165868,10.237707325242454,183.21682143018973,183.6249565552541,29.77276325516909,246.32426383734918,40.027732901302144,0.29719573831597357,0.04231214860708932,0.30565816803739143,12.2612384189749,0.30565816803739143,-0.02773290130214434,0.29719573831597357,12.2612384189749,0.30565816803739143,-0.16562919195166387,-0.23710859458356595
454,91.00000000000965,-0.0018678434006353013,0.21121385358074674,9.918142517038639,10.233956504611221,183.17139516101432,183.87662169379576,29.765381479046304,246.2636467981264,40.01788262257816,0.3013643119062832,0.012130063652364687,0.30379032463675615,12.262713824106935,0.30379032463675615,-0.01788262257816342,0.3013643119062832,12.262713824106935,0.30379032463675615,-0.16655497418745566,-0.238854151847535
455,91.20000000000975,-0.014722429921824499,0.21179493757736603,9.91766093263514,10.234058885146604,183.19595865488728,184.42763055126994,29.769373050792233,246.2974816760692,40.02338079574204,0.2935914937997466,-0.02261799542407461,0.28906789471493166,12.264275942130174,0.28906789471493166,-0.023380795742042437,0.2935914937997466,12.264275942130174,0.28906789471493166,-0.16415289371857364,-0.23558624931391137
456,91.40000000000985,-0.009833753534036612,0.21212737551489905,9.919649820544892,10.23684760107927,183.27025309486416,184.7164191228855,29.781445909361334,246.39769804396798,40.03966597181077,0.2845159160390775,-0.026408874290912154,0.27923414118089507,12.265923786377392,0.27923414118089507,-0.03966597181076992,0.2845159160390775,12.265923786377392,0.27923414118089507,-0.16191317615740633,-0.23225721666616722
457,91.60000000000996,0.014340487888723203,0.21160283857624382,9.92071472736621,10.237553278111859,183.3092967349185,184.29901390921017,29.787790507214762,246.4494888975413,40.048081993932456,0.290242114782174,0.016662571437221496,0.2935746290696183,12.267656316034845,0.2935746290696183,-0.04808199393245616,0.290242114782174,12.267656316034845,0.2935746290696183,-0.16366358409275805,-0.2343093461127154
458,91.80000000001006,0.016385165185739764,0.21101492909587713,9.918979265607954,10.234739642918074,183.28648762082315,183.89192442972322,29.784084022467784,246.41823071379156,40.043002533993665,0.3026496718939268,0.03655061180715624,0.309959794255358,12.269472436799663,0.309959794255358,-0.04300253399366483,0.3026496718939268,12.269472436799663,0.309959794255358,-0.16859332081244557,-0.2410518635403335
459,92.00000000001016,0.015701040713590443,0.21055303413098347,9.915452776850316,10.229795590277485,183.2265221843243,183.63489760362594,29.774339629292328,246.33730656380212,40.02985234647019,0.3168323390767832,0.04414247946082639,0.3256608349689485,12.27137100157105,0.3256608349689485,-0.02985234647019297,0.3168323390767832,12.27137100157105,0.3256608349689485,-0.1729498042945041,-0.24749414938316222
460,92.20000000001026,0.003628226170691304,0.21053472159953782,9.911745018382407,10.225152760953238,183.1727060313287,183.7615804237075,29.76559449568541,246.26523044769374,40.0181399658902,0.3247064891882778,0.022912859756809845,0.3292890611396398,12.2733508111748,0.3292890611396398,-0.018139965890199505,0.3247064891882778,12.2733508111748,0.3292890611396398,-0.1740619945709861,-0.2494941096285871
461,92.40000000001037,-0.01406077587137272,0.21111360483619127,9.910406410456694,10.224277982862358,183.18712336971956,184.344474804341,29.767937315516743,246.28548857057166,40.02143191414981,0.3187151216297078,-0.01743418180720352,0.31522828526826707,12.275410615120736,0.31522828526826707,-0.02143191414980805,0.3187151216297078,12.275410615120736,0.31522828526826707,-0.17151785699819364,-0.24607275028686929
462,92.60000000001047,-0.011275898956801153,0.2115232786664964,9.911944755271707,10.22672074620412,183.26246328648656,184.72242812456136,29.780180064234134,246.38724619540517,40.037967544720885,0.3093832931305622,-0.027154534095481242,0.3039523863114659,12.277549112392535,0.3039523863114659,-0.03796754472088537,0.3093832931305622,12.277549112392535,0.3039523863114659,-0.16877243421057672,-0.24206145752079777
463,92.80000000001057,0.013956557847480053,0.2110143651464952,9.913062104002053,10.227441940750754,183.30896412727984,184.33151944686009,29.787736458419435,246.4490924348882,40.0480175686869,0.31477253242296693,0.015682058679895305,0.317908944158946,12.279764952269486,0.317908944158946,-0.04801756868690177,0.31477253242296693,12.279764952269486,0.317908944158946,-0.16992308049461974,-0.24327212034923207
464,93.00000000001067,0.016571709217126807,0.2104075318418734,9.911477078717613,10.224639151425496,183.29338433815207,183.92043552784708,29.78520474015445,246.4275364500563,40.044514717648866,0.3271745830912995,0.03653035142386657,0.3344806533760728,12.28205673517963,0.3344806533760728,-0.04451471764886605,0.3271745830912995,12.28205673517963,0.3344806533760728,-0.17459946597509615,-0.2495947041314338
465,93.20000000001077,0.01625318058659112,0.20991475811050786,9.90805821150116,10.219609088016057,183.23875512132125,183.65075198999244,29.776327483542186,246.35375888668193,40.032525851611666,0.34162382001206665,0.04555006975298648,0.35073383396266394,12.28442301358376,0.35073383396266394,-0.03252585161166621,0.34162382001206665,12.28442301358376,0.35073383396266394,-0.17906659242255799,-0.256133659954601
466,93.40000000001088,0.009543928786624934,0.20969446847686335,9.903942914820394,10.214022842300702,183.17490844061288,183.6312656182951,29.765952387551984,246.2679878757587,40.01858804839884,0.35339971730999337,0.03439022719647744,0.36027776274928885,12.286862292889719,0.36027776274928885,-0.018588048398839874,0.35339971730999337,12.286862292889719,0.36027776274928885,-0.1804211567302817,-0.25846598896550294
467,93.60000000001098,-0.012868301800803107,0.21025520333986888,9.90166143598832,10.212007503107133,183.1755005089363,184.2339134365629,29.76604859875075,246.26970980405216,40.01886786202634,0.34961315311125496,-0.01101846081384611,0.34740946094848574,12.289373032396412,0.34740946094848574,-0.018867862026340276,0.34961315311125496,12.289373032396412,0.34740946094848574,-0.17767325159432795,-0.25481900972756794
468,93.80000000001108,-0.012927023462542054,0.21075705216293444,9.902626603994932,10.214011556306476,183.24945277868326,184.71497028223038,29.778065854601888,246.36976264206754,40.035126464462444,0.3400487166947683,-0.027831396044123158,0.3344824374859437,12.291953646266958,0.3344824374859437,-0.03512646446244361,0.3400487166947683,12.291953646266958,0.3344824374859437,-0.17428404663116132,-0.24993780477692695
469,94.00000000001118,0.01232087759546701,0.21030695612828407,9.903859740360836,10.214885997190999,183.30507505777143,184.38415360429886,29.78710448399234,246.4439508959835,40.04718206777939,0.3443184372015678,0.012424389399214586,0.3468033150814107,12.29460250453032,0.3468033150814107,-0.0471820677793886,0.3443184372015678,12.29460250453032,0.3468033150814107,-0.1746842369638405,-0.2501174228697792
470,94.20000000001129,0.016712222173547512,0.20967903881890196,9.902586042660461,10.212259401352348,183.29889277978458,183.96215069293876,29.786099862814858,246.4349982351681,40.04572725894208,0.3564201755536299,0.03547680850664148,0.3635155372549582,12.29731793411085,0.3635155372549582,-0.04572725894207963,0.3564201755536299,12.29731793411085,0.3635155372549582,-0.1790371124797754,-0.2559189233677685
471,94.40000000001139,0.016701623624646837,0.20915071114957126,9.899386092163086,10.207231447788145,183.25034499403358,183.6720351210968,29.7782108397413,246.36935598693879,40.035060382937935,0.3709822269143847,0.046174669826101744,0.38021716087960505,12.30009821988502,0.38021716087960505,-0.03506038293793523,0.3709822269143847,12.30009821988502,0.38021716087960505,-0.18360270494724068,-0.2625154417422394
472,94.60000000001149,0.01391083886170396,0.20877749312602478,9.895204082885122,10.201091943854877,183.18253334723417,183.53945512821528,29.76719143611699,246.2780867285032,40.02022911361089,0.38523137230093035,0.04448313720189334,0.394127999741309,12.302941605764747,0.394127999741309,-0.020229113610888305,0.38523137230093035,12.302941605764747,0.394127999741309,-0.18518133690900174,-0.2651419343644534
473,94.8000000000116,-0.008679486462433928,0.20920254078880499,9.892013441201735,10.197697308303336,183.16419257831453,184.0612243423767,29.76421105818717,246.25425854757754,40.01635703033838,0.3853686315772525,0.0003994085081129861,0.3854485132788751,12.305846295806564,0.3854485132788751,-0.016357030338383538,0.3853686315772525,12.305846295806564,0.3854485132788751,-0.18239063955262722,-0.2614818042298609
474,95.0000000000117,-0.013468571028425861,0.20976429045084555,9.891994323167966,10.198706223328857,183.22586095535436,184.62611853843495,29.774232179477263,246.33794399287788,40.029955928798586,0.3769053657980658,-0.024627117738082738,0.3719799422504492,12.308810455345983,0.3719799422504492,-0.029955928798585774,0.3769053657980658,12.308810455345983,0.3719799422504492,-0.17833991484012057,-0.25571976578342087
475,95.2000000000118,0.007976250688571383,0.2094795940350337,9.893151300387325,10.199700048827806,183.28897584592377,184.4481042142983,29.78448835945097,246.4224294318972,40.04368482636812,0.3788338563552832,0.0056116829186869666,0.3799561929390206,12.311832212156308,0.3799561929390206,-0.04368482636812132,0.3788338563552832,12.311832212156308,0.3799561929390206,-0.17762113807247512,-0.25440281774572926
476,95.4000000000119,0.01668063458630565,0.20884281201790394,9.892366481034662,10.197480694377223,183.29539706335888,184.01939432595614,29.785531808327626,246.4303922795133,40.0449787903997,0.3900860954336747,0.032753660458257894,0.39663682752532625,12.314909657631171,0.39663682752532625,-0.04497879039970343,0.3900860954336747,12.314909657631171,0.39663682752532625,-0.1812260061423832,-0.2591224562157322
477,95.600000000012,0.01690585479074229,0.20827673930522536,9.88953654718094,10.192610609883666,183.25475958132637,183.70167353477572,29.77892821089375,246.37533023392837,40.03603119904456,0.40448608108513234,0.04528300615468106,0.41354268231606855,12.318040847990048,0.41354268231606855,-0.03603119904455809,0.40448608108513234,12.318040847990048,0.41354268231606855,-0.1856066055326268,-0.26534383328898203
478,95.8000000000121,0.015592610525926785,0.20783182959613955,9.88555463382907,10.186335103664094,183.18939163480292,183.51699541880348,29.768305908961384,246.28726268055897,40.02172020731104,0.41943830593079895,0.04848493455598207,0.42913529284199536,12.321223805505998,0.42913529284199536,-0.021720207311041406,0.41943830593079895,12.321223805505998,0.42913529284199536,-0.18719380799377536,-0.2679228961021877
479,96.00000000001221,-0.002040017805406225,0.20802411367257873,9.881798135633,10.181669575741653,183.1530873635427,183.86739856184508,29.762406458982152,246.23904729433798,40.013885199215125,0.4242784335208531,0.014084207578680119,0.4270952750365891,12.324456519754833,0.4270952750365891,-0.013885199215124544,0.4242784335208531,12.324456519754833,0.4270952750365891,-0.18438211714465677,-0.2642370099322946
480,96.20000000001231,-0.013392521134547287,0.2086174202379361,9.880678519923046,10.181438815957332,183.19701785446625,184.49416211718233,29.769545170895938,246.29900700586558,40.02362866208182,0.417593329010261,-0.019452875541096093,0.4137027539020418,12.327736948884946,0.4137027539020418,-0.02362866208181913,0.417593329010261,12.327736948884946,0.4137027539020418,-0.17966925331752032,-0.257587276275153
481,96.40000000001241,0.0007770521494362762,0.20860970829714762,9.881689163452092,10.182783851979307,183.2706579833112,184.562524251078,29.781511703799772,246.39800597033238,40.039716009895024,0.41562520713764206,-0.005727005430819776,0.4144798060514781,12.331063020906983,0.4144798060514781,-0.039716009895023774,0.41562520713764206,12.331063020906983,0.4144798060514781,-0.17761473665602603,-0.2544707675092326
482,96.60000000001251,0.01667374157639047,0.2079636609923647,9.881678946230844,10.18137531894181,183.2959197739796,184.11698639500705,29.785616748888433,246.43124494049758,40.04511734794821,0.4254409904059414,0.02856278610963575,0.43115354762786856,12.334432635002571,0.43115354762786856,-0.04511734794820654,0.4254409904059414,12.334432635002571,0.43115354762786856,-0.18027482116784457,-0.2578318567168097
483,96.80000000001262,0.017137345907308223,0.20734475868200855,9.879394841252001,10.17686338978935,183.26574234606403,183.75202704195203,29.780712911948317,246.39015683058412,40.03844052341044,0.4395438254159964,0.043735340595901784,0.44829089353517676,12.337843662851222,0.44829089353517676,-0.03844052341044346,0.4395438254159964,12.337843662851222,0.44829089353517676,-0.1845638555740287,-0.26377207758317384
484,97.00000000001272,0.016795616566369822,0.2068352025929479,9.875716839351497,10.170579012000193,183.20399098385352,183.5163096517786,29.7706783055545,246.30686756364167,40.02490600399778,0.4548801119314913,0.051031990850276265,0.46508651010154656,12.34129394997464,0.46508651010154656,-0.02490600399777776,0.4548801119314913,12.34129394997464,0.46508651010154656,-0.18643459927925127,-0.26668527467994213
485,97.20000000001282,0.008262969108242837,0.20665061954443942,9.87143592316434,10.164153670663088,183.1398508616595,183.57214696837795,29.760255525275195,246.2208180209096,40.01092293932075,0.4665439334875922,0.0340277286109858,0.47334947920978937,12.344781317097521,0.47334947920978937,-0.010922939320749947,0.4665439334875922,12.344781317097521,0.47334947920978937,-0.18397740145059274,-0.2635227000977793
486,97.40000000001292,-0.01352889682860266,0.20728991477611577,9.868798653944841,10.162069744223182,183.15374805615593,184.28292312779743,29.762513821639164,246.24057403988402,40.01413329561445,0.4622939650290377,-0.012366913239254818,0.4598205823811867,12.34830356152405,0.4598205823811867,-0.014133295614449537,0.4622939650290377,12.34830356152405,0.4598205823811867,-0.1786586517828234,-0.25610307248353337
487,97.60000000001303,-0.010830217908079092,0.20774988562008595,9.869485523089853,10.16415524120053,183.2436288845096,184.7602803846303,29.777119470852284,246.36201205576776,40.033866992929255,0.4538844856112451,-0.024470605690687375,0.44899036447310764,12.351858458529149,0.44899036447310764,-0.03386699292925499,0.4538844856112451,12.351858458529149,0.44899036447310764,-0.17494654419479966,-0.2507354297805506
488,97.80000000001313,0.015789657398862827,0.20712622412902076,9.870735303185818,10.164364087466913,183.30116574327124,184.30879840767918,29.7864692197508,246.43858571766742,40.046310225431185,0.46077177808106756,0.020041218954514606,0.4647800218719705,12.355443762763679,0.4647800218719705,-0.046310225431184904,0.46077177808106756,12.355443762763679,0.4647800218719705,-0.17637907852923623,-0.25236808451315657
489,98.00000000001323,0.017301972955161754,0.2064330061443586,9.869396643636067,10.160735442185556,183.2898125061536,183.86504591441022,29.78462431687428,246.42265511226276,40.0437214994642,0.47407331540060005,0.04004339713266081,0.4820819948271322,12.35905720967264,0.4820819948271322,-0.04372149946419768,0.47407331540060005,12.35905720967264,0.4820819948271322,-0.18076924105582634,-0.2582189555022453
490,98.20000000001333,0.017285862911161378,0.20586144242495377,9.866238310385938,10.154757249343598,183.23618689006514,183.5719739574068,29.775910145545733,246.35018943583617,40.0319458152692,0.48930551540992373,0.050311711641849166,0.49936785773829356,12.362696516925514,0.49936785773829356,-0.03194581526919649,0.48930551540992373,12.362696516925514,0.49936785773829356,-0.18344629774143698,-0.2621473223939006
491,98.40000000001343,0.016117654815430506,0.20539718150036662,9.862125742510928,10.147595761717268,183.1613302522277,183.39586724707704,29.763745929732934,246.2493928630052,40.0155663558047,0.5048995200139859,0.05292996269869121,0.5154855125537241,12.366359385857837,0.5154855125537241,-0.015566355804701004,0.5048995200139859,12.366359385857837,0.5154855125537241,-0.18200054941183383,-0.26045075251174554
492,98.60000000001354,-0.003508000051933738,0.2056585386340261,9.858057332789585,10.142474956099042,183.1228989348782,183.83142405244553,29.757500834418543,246.1984516707155,40.007288403779675,0.5093736645807327,0.013019239605288058,0.5119775125017904,12.370043502923087,0.5119775125017904,-0.007288403779675434,0.5093736645807327,12.370043502923087,0.5119775125017904,-0.17724043556641675,-0.25395459980779694
493,98.80000000001364,-0.014302010412458061,0.20632538586180044,9.856730422659302,10.14244297816591,183.1763913597956,184.53851397853623,29.76619336216015,246.2713760202374,40.0191386224272,0.5019790155694488,-0.021517567400582416,0.4976755020893323,12.37374654115396,0.4976755020893323,-0.019138622427199437,0.5019790155694488,12.37374654115396,0.4976755020893323,-0.17235983004472902,-0.24703103662357506
494,99.00000000001374,0.002334708023293802,0.20625258436869337,9.857863819882235,10.143865887312344,183.25722956220864,184.55843199919576,29.77932958318849,246.37996705845046,40.036784683782884,0.5007344931638652,-0.003621415256195304,0.5000102101126261,12.37746616163214,0.5000102101126261,-0.036784683782883576,0.5007344931638652,12.37746616163214,0.5000102101126261,-0.1712619106410488,-0.24531218084858608
495,99.20000000001384,0.017072256585791003,0.20554792164098912,9.85805189566189,10.142152199965079,183.28213098399877,184.06996998902463,29.78337606827587,246.41265580450585,40.04209661032881,0.5110683833301747,0.030070416841212477,0.5170824666984172,12.381200014965613,0.5170824666984172,-0.04209661032881229,0.5110683833301747,12.381200014965613,0.5170824666984172,-0.17420436050525218,-0.24909259308953013
496,99.40000000001395,0.017337426287173434,0.2048937261883108,9.855939006246283,10.137188292716537,183.24825105226938,183.68507079524252,29.777870573864348,246.36656483719918,40.03460682065169,0.5254176721908058,0.045011103973923716,0.5344198929855906,12.384945742772578,0.5344198929855906,-0.03460682065168896,0.5254176721908058,12.384945742772578,0.5344198929855906,-0.17694926441550846,-0.25283575600688407
497,99.60000000001405,0.01706177663078262,0.204354989842944,9.8524096399907,10.130402212331926,183.18131444994734,183.43601002473468,29.76699336510981,246.2762918068868,40.019937438556546,0.5409657761134717,0.05257946751450693,0.5514816696163731,12.388700979171073,0.5514816696163731,-0.019937438556546283,0.5409657761134717,12.388700979171073,0.5514816696163731,-0.17607612308976364,-0.2518239257750679
498,99.80000000001415,0.009155207136014244,0.2041298745217537,9.84811298427538,10.123363070807125,183.10949982844764,183.47273639950387,29.75532347744622,246.17990659993785,40.00427482676473,0.5533463115932228,0.036452825795822985,0.5606368767523874,12.3924633522733,0.5606368767523874,-0.0042748267647283456,0.5533463115932228,12.3924633522733,0.5606368767523874,-0.17191293482483838,-0.24619501469988592
499,100.00000000001425,-0.014379537528503789,0.204839207091175,9.845072942623766,10.121080414634568,183.12297204599344,184.26378669707287,29.75751271498665,246.19921530750457,40.00741249488199,0.5488652264176246,-0.013039435968704716,0.5462573392238836,12.396230485683766,0.5462573392238836,-0.007412494881990028,0.5488652264176246,12.396230485683766,0.5462573392238836,-0.16639959749340075,-0.23844947325409863
