,time,Pitch_increment,Cp,Lambda_i,Lambda,Tem,Tm,Ia,Ea,w,pitch,dpitch,pitch_ref
0,0.20000000000000004,0.0,0.2227591826993185,9.981532044098296,10.30965150268836,185.07819931103526,193.67624201691444,30.075237463280693,248.8394557973967,40.43645200352897,0.0,0.0,0.0
1,0.4000000000000002,0.0,0.21827489936482927,10.014877759454988,10.34509134240311,185.72042747598837,189.12728407588784,30.179599644447755,249.6948513872346,40.57545392587955,0.0,0.0,0.0
2,0.6000000000000003,0.0,0.2168401073419418,10.025495015666896,10.356376900969055,185.92494251498331,187.6793476381024,30.212833371518162,249.967245876145,40.61971807459164,0.0,0.0,0.0
3,0.8000000000000005,0.0,0.21638239725329478,10.028876778954626,10.359971684726636,185.99008651901136,187.21820563579382,30.22341928275863,250.05401156688754,40.63381751343674,0.0,0.0,0.0
4,1.0000000000000007,0.0,0.21623652050601747,10.029954051879416,10.361116831886225,186.01083865499737,187.0713122062049,30.226791508228583,250.0816514726521,40.638309002614974,0.0,0.0,0.0
5,1.2000000000000008,1.5080482567709946e-05,0.21618961969494346,10.030295592350148,10.361479892914996,186.0174186171505,187.0241837460537,30.22786075314771,250.09041451462278,40.6397329983592,9.532683068041368e-06,2.7738997498342888e-05,1.5080482567709946e-05
6,1.400000000000001,1.5080482567709946e-05,0.21617441409065577,10.03040134976257,10.3615923142863,186.01945677517634,187.0090004449273,30.22819195415811,250.09312797907384,40.64017393677344,2.2572244256058572e-05,3.79436043968066e-05,3.0160965135419893e-05
7,1.6000000000000012,1.5080482567709946e-05,0.21616936459222927,10.03043147703352,10.361624339942551,186.02003810568712,187.004054212273,30.228286420460577,250.09390096804157,40.640299547606304,3.6901913807123664e-05,4.1697669480030885e-05,4.524144770312984e-05
8,1.8000000000000014,1.5080482567709946e-05,0.21616757205631543,10.03043732059307,10.361630551718246,186.02015167444773,187.00239141553914,30.228304875402632,250.09405089889844,40.64032391139491,5.170618770184289e-05,4.307871284498449e-05,6.0321930270839786e-05
9,2.0000000000000013,1.5080482567709946e-05,0.21616682499492906,10.030435358109846,10.361628465574352,186.02011488183044,187.0017827968963,30.228298896596343,250.09400054657453,40.640315729134095,6.668505877728514e-05,4.358677030632296e-05,7.540241283854973e-05
10,2.199999999999997,1.5080482567709946e-05,0.21616641389618832,10.030430883114754,10.361623708599447,186.0200296933122,187.00151301475955,30.22828505344829,250.09388572959494,40.64029707135625,8.172816056600244e-05,4.377367420128619e-05,9.048289540625968e-05
11,2.399999999999993,1.5080482567709946e-05,0.21616611089393784,10.030425598242287,10.361618090715066,186.01992890516945,187.00135228193227,30.228268675358713,250.0937501332276,40.64027503692452,9.679489151362584e-05,4.384243230171895e-05,0.00010556337797396963
12,2.5999999999999885,1.5080482567709946e-05,0.2161658427213156,10.030420051887239,10.36161219487165,186.01982308049907,187.0012266958883,30.22825147883258,250.09360782788713,40.640251912283574,0.00011187031514302311,4.3867726993282365e-05,0.00012064386054167958
13,2.7999999999999843,1.5080482567709946e-05,0.21616558578922074,10.030414420953887,10.36160620912062,186.0197156267571,187.00111245629523,30.228234017582047,250.09346335248674,40.64022843500753,0.00012694893663133363,4.387703239027948e-05,0.00013572434310938952
14,2.99999999999998,1.5080482567709946e-05,0.21616533249147465,10.030408762608692,10.361600194230618,186.0196076450438,187.00100188646988,30.22821647053609,250.093318173772,40.640204843442795,0.00014202873454619412,4.388045565452669e-05,0.00015080482567709946
15,3.1999999999999758,1.5080482567709946e-05,0.216165080371355,10.03040309536116,10.361594169877478,186.01949949186962,187.0008925060477,30.22819889562771,250.09317276664967,40.64018121476179,0.0001571089652441964,4.3881715003064956e-05,0.0001658853082448094
16,3.3999999999999715,1.5080482567709946e-05,0.2161648286338548,10.030397425217492,10.361588142445848,186.01939128291778,187.00078351205534,30.22818131165545,250.0930272852233,40.64015757400636,0.000172189355154219,4.3882178291501704e-05,0.00018096579081251934
17,3.5999999999999672,1.5080482567709946e-05,0.21616457702115877,10.030391754131406,10.361582114012554,186.01928305581652,187.00067464397992,30.22816372473391,250.09288177962014,40.640133929322204,0.00018726980363507076,4.388234872579257e-05,0.00019604627338022927
18,3.799999999999963,1.5080482567709946e-05,0.21616432544946113,10.03038608274013,10.361576085254969,186.01917482283943,187.00056581709762,30.228146136857546,250.09273626618966,40.640110283366106,0.00020235027366292637,4.388241142506421e-05,0.0002111267559479392
19,3.9999999999999587,1.5080482567709946e-05,0.21616407389144757,10.030380411252125,10.361570056394685,186.01906658800058,187.00045700378,30.228128548678644,250.09259075028046,40.640086637007215,0.00021743075161748164,4.388243449083754e-05,0.00022620723851564915
20,4.199999999999955,1.5080482567709946e-05,0.2161638223381916,10.030374739735795,10.361564027504405,186.01895835261746,187.00034819499282,30.2281109604113,250.09244523364725,40.64006299053067,0.00023251123248810692,4.388244297626087e-05,0.0002412877210833591
21,4.399999999999951,1.5080482567709946e-05,0.21616357078676252,10.030369068213691,10.361557998608097,186.01885011712415,187.00023938776823,30.228093372126047,250.09229971686855,40.640039344030484,0.0002475917144314942,4.3882446097874214e-05,0.000256368203651069
22,4.599999999999946,1.5080482567709946e-05,0.21616331923619905,10.030363396693254,10.361551969713664,186.01874188166394,187.00013058113205,30.228075783846176,250.09215420013507,40.64001569753765,0.0002626721967695287,4.38824472462514e-05,0.000271448686218779
23,4.799999999999942,1.5080482567709946e-05,0.21616306768618185,10.030357725176957,10.36154594082373,186.01863364628392,187.00002177476065,30.228058195579333,250.0920086835102,40.63999205106246,0.0002777526792527458,4.388244766871565e-05,0.00028652916878648896
24,4.999999999999938,1.5080482567709946e-05,0.21616281613660604,10.030352053665622,10.361539911939161,186.0185254110006,186.99991296854753,30.228040607328207,250.09186316701485,40.63996840460832,0.00029283316178937264,4.3882447824131427e-05,0.0003016096513541989
25,5.199999999999934,1.5080482567709946e-05,0.21616256458743535,10.030346382159532,10.361533883060249,186.01841717581854,186.9998041624563,30.228023019093534,250.09171765065602,40.63994475817636,0.00030791364434564774,4.3882447881305744e-05,0.0003166901339219089
26,5.399999999999929,1.5080482567709946e-05,0.21616231303865788,10.030340710658773,10.36152785418708,186.01830894073973,186.99969535647486,30.228005430875637,250.0915721344358,40.63992111176693,0.000322994126909151,4.3882447902339266e-05,0.00033177061648961885
27,5.599999999999925,1.5080482567709946e-05,0.21616206149026876,10.030335039163386,10.361521825319691,186.0182007057649,186.99958655059854,30.227987842674644,250.09142661835506,40.639897465380166,0.0003380746094753133,4.388244791007749e-05,0.0003468510990573288
28,5.799999999999921,1.5080482567709946e-05,0.21616180994226786,10.030329367673371,10.361515796458079,186.01809247089332,186.9994777448271,30.22797025449042,250.09128110241377,40.63987381901606,0.0003531550920424541,4.388244791292352e-05,0.0003619315816250388
29,5.9999999999999165,1.5080482567709946e-05,0.216161558394654,10.030323696188733,10.361509767602238,186.0179842361256,186.99936893915978,30.22795266632308,250.0911355866118,40.63985017267459,0.0003682355746099546,4.388244791397086e-05,0.00037701206419274875
30,6.199999999999912,1.5080482567709946e-05,0.2161613068474265,10.030318024709475,10.361503738752168,186.01787600146153,186.99926013359587,30.227935078172578,250.09099007094912,40.63982652635576,0.0003833160571775875,4.388244791435602e-05,0.0003920925467604587
31,6.399999999999908,1.5080482567709946e-05,0.21616105530058458,10.030312353235603,10.361497709907864,186.01776776690102,186.99915132813493,30.22791749003891,250.0908445554256,40.63980288005954,0.00039839653974526923,4.388244791449724e-05,0.0004071730293281687
32,6.599999999999904,1.5080482567709946e-05,0.21616080375412863,10.030306681767113,10.361491681069321,186.0176595324435,186.99904252277722,30.227899901921973,250.09069904004116,40.63977923378592,0.00041347702231296857,4.3882447914550364e-05,0.00042225351189587864
33,6.7999999999998995,1.5080482567709946e-05,0.21616055220805783,10.030301010304006,10.36148565223653,186.01755129808967,186.9989337175223,30.227882313821887,250.0905535247955,40.63975558753486,0.00042855750488067485,4.3882447914568795e-05,0.0004373339944635886
34,6.999999999999895,1.5080482567709946e-05,0.21616030066237335,10.030295338846273,10.361479623409474,186.0174430638387,186.99882491237148,30.227864725738517,250.0904080096883,40.639731941306295,0.0004436379874483834,4.388244791457584e-05,0.00045241447703129857
35,7.199999999999891,1.5080482567709946e-05,0.21616004911707318,10.03028966739393,10.361473594588167,186.01733482969092,186.9987161073227,30.227847137671912,250.0902624947199,40.63970829510028,0.00045871847001609277,4.3882447914578824e-05,0.00046749495959900854
36,7.399999999999887,1.5080482567709946e-05,0.21615979757215786,10.030283995946968,10.36146756577259,186.0172265956461,186.99860730237688,30.22782954962204,250.09011697988976,40.639684648916734,0.00047379895258380247,4.388244791458018e-05,0.0004825754421667185
37,7.599999999999882,1.5080482567709946e-05,0.2161595460276268,10.030278324505392,10.361461536962743,186.01711836170398,186.9984984975334,30.22781196158886,250.08997146519786,40.63966100275566,0.0004888794351515124,4.388244791458018e-05,0.0004976559247344284
38,7.799999999999878,1.5080482567709946e-05,0.21615929448348062,10.030272653069195,10.361455508158611,186.0170101278646,186.99838969279315,30.227794373572376,250.089825950644,40.63963735661701,0.0005039599177192225,4.388244791457964e-05,0.0005127364073021384
39,7.999999999999874,1.5080482567709946e-05,0.21615904293971708,10.030266981638391,10.361449479360202,186.0169018941281,186.99828088815408,30.227776785572605,250.08968043622818,40.63961371050079,0.0005190404002869324,4.388244791457964e-05,0.0005278168898698483
40,8.19999999999987,1.5080482567709946e-05,0.21615879139633837,10.030261310212966,10.361443450567496,186.01679366049365,186.9981720836183,30.227759197589418,250.08953492195008,40.63959006440695,0.0005341208828546422,4.388244791458072e-05,0.0005428973724375583
41,8.399999999999865,1.5080482567709946e-05,0.21615853985334285,10.030255638792928,10.361437421780495,186.01668542696157,186.99806327918444,30.227741609622864,250.08938940780968,40.63956641833549,0.0005492013654223521,4.388244791458072e-05,0.0005579778550052683
42,8.599999999999861,1.5080482567709946e-05,0.21615828831073045,10.030249967378275,10.361431392999187,186.0165771935321,186.99795447485272,30.22772402167299,250.08924389380664,40.639542772286354,0.000564281847990062,4.3882447914581264e-05,0.0005730583375729782
43,8.799999999999857,1.5080482567709946e-05,0.21615803676850084,10.03024429596901,10.361425364223575,186.01646896020458,186.9978456706227,30.227706433739677,250.0890983799411,40.63951912625956,0.0005793623305577721,4.388244791458072e-05,0.0005881388201406882
44,8.999999999999853,1.5080482567709946e-05,0.21615778522665355,10.030238624565136,10.361419335453647,186.01636072697926,186.99773686649422,30.227688845822975,250.08895286621276,40.63949548025506,0.0005944428131254821,4.388244791458018e-05,0.0006032193027083982
45,9.199999999999848,1.5080482567709946e-05,0.21615753368519014,10.030232953166642,10.361413306689393,186.01625249385555,186.99762806246883,30.227671257922786,250.0888073526214,40.63947183427281,0.000609523295693192,4.388244791458072e-05,0.0006182997852761081
46,9.399999999999844,1.5080482567709946e-05,0.21615728214410823,10.030227281773538,10.36140727793081,186.016144260834,186.99751925854446,30.227653670039196,250.08866183916692,40.63944818831281,0.0006246037782609021,4.388244791458018e-05,0.0006333802678438181
47,9.59999999999984,1.5080482567709946e-05,0.216157030603408,10.030221610385826,10.361401249177897,186.016036027914,186.9974104547214,30.227636082172108,250.08851632584924,40.639424542375046,0.0006396842608286119,4.388244791458072e-05,0.0006484607504115281
48,9.799999999999836,1.5080482567709946e-05,0.2161567790630903,10.030215939003499,10.361395220430643,186.01592779509565,186.99730165100056,30.227618494321536,250.08837081266813,40.63940089645947,0.0006547647433963221,4.388244791457964e-05,0.000663541232979238
49,9.999999999999831,1.5080482567709946e-05,0.216156527523154,10.030210267626563,10.36138919168904,186.0158195623788,186.997192847381,30.22760090648746,250.0882252996235,40.63937725056607,0.0006698452259640317,4.3882447914581264e-05,0.000678621715546948
50,10.199999999999827,1.5080482567709946e-05,0.21615627598359857,10.03020459625502,10.361383162953091,186.01571132976346,186.9970840438623,30.227583318669883,250.08807978671527,40.63935360469484,0.000684925708531742,4.388244791457964e-05,0.000693702198114658
51,10.399999999999823,1.5080482567709946e-05,0.21615602444442414,10.03019892488887,10.361377134222788,186.0156030972494,186.99697524044464,30.22756573086876,250.08793427394335,40.63932995884576,0.0007000061910994521,4.3882447914579095e-05,0.0007087826806823679
52,10.599999999999818,1.5080482567709946e-05,0.2161557729056306,10.03019325352811,10.361371105498117,186.0154948648367,186.9968664371283,30.22754814308411,250.0877887613074,40.639306313018764,0.0007150866736671623,4.388244791457801e-05,0.0007238631632500779
53,10.799999999999814,1.5080482567709946e-05,0.2161555213672173,10.030187582172747,10.361365076779084,186.01538663252492,186.9967576339125,30.227530555315855,250.08764324880747,40.639282667213884,0.0007301671562348719,4.388244791457964e-05,0.0007389436458177879
54,10.99999999999981,1.5080482567709946e-05,0.21615526982918445,10.030181910822774,10.361359048065673,186.0152784003142,186.99664883079774,30.227512967564024,250.08749773644325,40.63925902143105,0.0007452476388025818,4.388244791458018e-05,0.0007540241283854978
55,11.199999999999806,1.5080482567709946e-05,0.21615501829153108,10.030176239478202,10.361353019357884,186.01517016820432,186.99654002778325,30.227495379828582,250.08735222421475,40.639235375670275,0.0007603281213702915,4.3882447914581264e-05,0.0007691046109532078
56,11.399999999999801,1.5080482567709946e-05,0.2161547667542585,10.030170568139017,10.361346990655703,186.0150619361951,186.99643122487032,30.2274777921095,250.08720671212157,40.63921172993149,0.0007754086039380016,4.388244791458072e-05,0.0007841850935209177
57,11.599999999999797,1.5080482567709946e-05,0.216154515217366,10.030164896805227,10.36134096195913,186.01495370428685,186.99632242205843,30.227460204406817,250.08706120016376,40.639188084214695,0.0007904890865057116,4.388244791458072e-05,0.0007992655760886277
58,11.799999999999793,1.5080482567709946e-05,0.21615426368085183,10.030159225476838,10.361334933268163,186.01484547247904,186.996213619346,30.227442616720463,250.0869156883413,40.6391644385199,0.0008055695690734215,4.388244791458072e-05,0.0008143460586563377
59,11.999999999999789,1.5080482567709946e-05,0.2161540121447166,10.03015355415385,10.361328904582795,186.0147372407719,186.99610481673372,30.227425029050462,250.08677017665394,40.63914079284706,0.0008206500516411315,4.388244791458072e-05,0.0008294265412240476
60,12.199999999999784,1.5080482567709946e-05,0.21615376060896105,10.030147882836255,10.361322875903014,186.01462900916482,186.99599601422247,30.227407441396725,250.08662466510143,40.63911714719613,0.0008357305342088415,4.388244791458072e-05,0.0008445070237917576
61,12.39999999999978,1.5080482567709946e-05,0.2161535090735831,10.030142211524065,10.36131684722882,186.0145207776581,186.99588721181044,30.227389853759295,250.08647915368383,40.639093501567125,0.0008508110167765515,4.388244791458018e-05,0.0008595875063594676
62,12.599999999999776,1.5080482567709946e-05,0.21615325753858466,10.030136540217269,10.361310818560204,186.01441254625158,186.9957784094995,30.22737226613815,250.08633364240077,40.63906985595998,0.0008658914993442614,4.388244791458072e-05,0.0008746679889271775
63,12.799999999999772,1.5080482567709946e-05,0.21615300600396323,10.030130868915883,10.361304789897169,186.01430431494538,186.9956696072873,30.227354678533302,250.08618813125247,40.63904621037474,0.0008809719819119715,4.388244791458018e-05,0.0008897484714948875
64,12.999999999999767,1.5080482567709946e-05,0.21615275446972032,10.030125197619894,10.361298761239697,186.01419608373914,186.9955608051756,30.2273370909447,250.08604262023843,40.63902256481131,0.0008960524644796815,4.388244791457964e-05,0.0009048289540625975
65,13.199999999999763,1.5080482567709946e-05,0.21615250293585486,10.030119526329308,10.361292732587788,186.01408785263246,186.99545200316342,30.22731950337228,250.08589710935865,40.6389989192697,0.0009111329470473915,4.388244791457964e-05,0.0009199094366303074
66,13.399999999999759,1.5080482567709946e-05,0.2161522514023682,10.030113855044117,10.361286703941428,186.0139796216254,186.99534320125218,30.227301915816042,250.08575159861286,40.638975273749864,0.0009262134296151014,4.388244791458018e-05,0.0009349899191980174
67,13.599999999999755,1.5080482567709946e-05,0.21615199986925718,10.030108183764343,10.36128067530063,186.01387139071795,186.99523439943889,30.227284328275996,250.08560608800124,40.63895162825183,0.0009412939121828113,4.388244791458018e-05,0.0009500704017657274
68,13.79999999999975,1.5080482567709946e-05,0.2161517483365236,10.030102512489972,10.361274646665375,186.0137631599107,186.99512559772546,30.227266740752228,250.08546057752346,40.63892798277555,0.0009563743947505214,4.388244791457964e-05,0.0009651508843334373
69,13.999999999999746,1.5080482567709946e-05,0.21615149680416662,10.030096841221006,10.36126861803566,186.0136549292026,186.99501679611132,30.22724915324458,250.0853150671794,40.638904337320994,0.0009714548773182313,4.388244791458018e-05,0.0009802313669011473
70,14.199999999999742,1.5080482567709946e-05,0.2161512452721861,10.03009116995745,10.36126258941148,186.01354669859367,186.99490799459633,30.22723156575304,250.0851695569689,40.63888069188814,0.0009865353598859418,4.388244791457747e-05,0.0009953118494688573
71,14.399999999999737,1.5080482567709946e-05,0.216150993740582,10.0300854986993,10.36125656079283,186.01343846808425,186.99479919318054,30.22721397827767,250.08502404689187,40.63885704647698,0.0010016158424536515,4.388244791457855e-05,0.0010103923320365672
72,14.599999999999733,1.5080482567709946e-05,0.2161507422093543,10.030079827446558,10.361250532179698,186.0133302376738,186.99469039186417,30.227196390818385,250.08487853694808,40.63883340108747,0.001016696325021361,4.388244791458072e-05,0.0010254728146042772
73,14.799999999999729,1.5080482567709946e-05,0.21615049067850178,10.030074156199229,10.361244503572088,186.0132220073626,186.99458159064616,30.227178803375228,250.08473302713753,40.638809755719606,0.0010317768075890712,4.388244791457964e-05,0.0010405532971719872
74,14.999999999999725,1.5080482567709946e-05,0.21615023914802514,10.030068484957312,10.36123847496999,186.01311377715,186.99447278952724,30.227161215948094,250.08458751746002,40.63878611037337,0.0010468572901567812,4.388244791457964e-05,0.0010556337797396971
75,15.19999999999972,1.5080482567709946e-05,0.21614998761792453,10.0300628137208,10.361232446373394,186.01300554703673,186.99436398850767,30.227143628537096,250.08444200791536,40.638762465048714,0.001061937772724491,4.388244791458072e-05,0.001070714262307407
76,15.399999999999716,1.5080482567709946e-05,0.21614973608819799,10.030057142489708,10.361226417782305,186.0128973170219,186.99425518758576,30.2271260411421,250.08429649850353,40.63873881974565,0.0010770182552922011,4.388244791457964e-05,0.001085794744875117
77,15.599999999999712,1.5080482567709946e-05,0.21614948455884622,10.03005147126403,10.36122038919671,186.0127890871058,186.99414638676225,30.227108453763147,250.08415098922438,40.63871517446414,0.0010920987378599109,4.388244791458072e-05,0.001100875227442827
78,15.799999999999708,1.5080482567709946e-05,0.2161492330298699,10.030045800043766,10.361214360616602,186.0126808572882,186.99403758603793,30.227090866400196,250.08400548007762,40.638691529204145,0.0011071792204276213,4.388244791457855e-05,0.001115955710010537
79,15.999999999999703,1.5080482567709946e-05,0.2161489815012675,10.030040128828919,10.361208332041981,186.01257262756926,186.9939287854115,30.227073279053283,250.08385997106336,40.63866788396568,0.001122259702995331,4.388244791457964e-05,0.001131036192578247
80,16.199999999999733,1.5080482567709946e-05,0.21614872997303947,10.03003445761949,10.361202303472838,186.01246439794858,186.99381998488343,30.227055691722338,250.08371446218126,40.6386442387487,0.0011373401855630419,4.38824479145753e-05,0.001146116675145957
81,16.399999999999764,1.5080482567709946e-05,0.2161484784451862,10.03002878641547,10.361196274909162,186.0123561684262,186.99371118445433,30.227038104407367,250.08356895343115,40.638620593553156,0.0011524206681307527,4.3882447914570964e-05,0.0011611971577136669
82,16.599999999999795,1.5080482567709946e-05,0.216148226917705,10.030023115216881,10.361190246350963,186.01224793900172,186.99360238412166,30.2270205171083,250.0834234448132,40.638596948379096,0.0011675011506984633,4.388244791456771e-05,0.0011762776402813768
83,16.799999999999827,1.5080482567709946e-05,0.21614797539059832,10.030017444023706,10.361184217798222,186.01213970967532,186.99349358388784,30.227002929825172,250.08327793632702,40.638573303226444,0.0011825816332661733,4.388244791456771e-05,0.0011913581228490868
84,16.999999999999858,1.5080482567709946e-05,0.21614772386386452,10.030011772835957,10.361178189250941,186.01203148044752,186.99338478375154,30.226985342558066,250.0831324279726,40.63854965809521,0.001197662115833883,4.3882447914568795e-05,0.0012064386054167968
85,17.19999999999989,1.5080482567709946e-05,0.21614747233750398,10.030006101653624,10.361172160709106,186.0119232513167,186.99327598371315,30.226967755306717,250.0829869197497,40.63852601298534,0.001212742598401593,4.3882447914568795e-05,0.0012215190879845067
86,17.39999999999992,1.5080482567709946e-05,0.2161472208115168,10.030000430476713,10.361166132172714,186.0118150222842,186.99316718377295,30.22695016807135,250.0828414116581,40.63850236789681,0.0012278230809693032,4.388244791456771e-05,0.0012365995705522167
87,17.59999999999995,1.5080482567709946e-05,0.21614696928590188,10.029994759305229,10.361160103641765,186.0117067933493,186.99305838393,30.226932580851845,250.0826959036979,40.63847872282963,0.001242903563537013,4.3882447914568795e-05,0.0012516800531199267
88,17.799999999999983,1.5080482567709946e-05,0.21614671776065875,10.029989088139175,10.361154075116255,186.01159856451184,186.99294958418392,30.22691499364817,250.08255039586894,40.63845507778378,0.0012579840461047229,4.3882447914568795e-05,0.0012667605356876366
89,18.000000000000014,1.5080482567709946e-05,0.21614646623578815,10.029983416978542,10.361148046596172,186.01149033577164,186.99284078453553,30.2268974064603,250.082404888171,40.63843143275922,0.001273064528672433,4.388244791456771e-05,0.0012818410182553466
90,18.200000000000045,1.5080482567709946e-05,0.21614621471128911,10.02997774582334,10.361142018081512,186.011382107129,186.99273198498415,30.226879819288285,250.08225938060394,40.63840778775593,0.0012881450112401428,4.3882447914568795e-05,0.0012969215008230566
91,18.400000000000077,1.5080482567709946e-05,0.21614596318716223,10.029972074673562,10.361135989572269,186.01127387858395,186.9926231855303,30.226862232132127,250.08211387316766,40.63838414277389,0.0013032254938078526,4.388244791456988e-05,0.0013120019833907665
92,18.600000000000108,1.5080482567709946e-05,0.21614571166340651,10.029966403529217,10.36112996106844,186.01116565013587,186.99251438617327,30.226844644991726,250.08196836586205,40.63836049781308,0.0013183059763755625,4.388244791456988e-05,0.0013270824659584765
93,18.80000000000014,1.5080482567709946e-05,0.2161454601400216,10.029960732390304,10.36112393257002,186.01105742178478,186.9924055869128,30.226827057867087,250.08182285868696,40.638336852873486,0.0013333864589432725,4.388244791456988e-05,0.0013421629485261865
94,19.00000000000017,1.5080482567709946e-05,0.21614520861700848,10.029955061256818,10.361117904076997,186.01094919353073,186.99229678775,30.226809470758216,250.08167735164216,40.63831320795506,0.0013484669415109824,4.388244791456988e-05,0.0013572434310938964
95,19.200000000000202,1.5080482567709946e-05,0.2161449570943659,10.029949390128765,10.36111187558937,186.01084096537332,186.99218798868378,30.22679188366505,250.08153184472758,40.638289563057796,0.0013635474240786926,4.3882447914568795e-05,0.0013723239136616064
96,19.400000000000233,1.5080482567709946e-05,0.21614470557209353,10.029943719006148,10.361105847107138,186.0107327373132,186.99207918971388,30.226774296587692,250.08138633794323,40.638265918181695,0.0013786279066464028,4.388244791456771e-05,0.0013874043962293164
97,19.600000000000264,1.5080482567709946e-05,0.21614445405019103,10.029938047888969,10.361099818630294,186.01062450934944,186.99197039084004,30.226756709525993,250.0812408312889,40.638242273326725,0.0013937083892141132,4.388244791456554e-05,0.0014024848787970263
98,19.800000000000296,1.5080482567709946e-05,0.21614420252865973,10.029932376777218,10.36109379015882,186.0105162814822,186.99186159206386,30.226739122479984,250.08109532476425,40.63821862849282,0.001408788871781823,4.388244791456663e-05,0.0014175653613647363
99,20.000000000000327,1.5080482567709946e-05,0.21614395100749814,10.029926705670906,10.361087761692724,186.0104080537115,186.99175279338382,30.226721535449656,250.08094981836936,40.63819498368001,0.0014238693543495327,4.388244791456771e-05,0.0014326458439324462
100,20.200000000000358,1.5080482567709946e-05,0.21614369948670603,10.029921034570032,10.361081733231998,186.01029982603714,186.99164399479992,30.226703948434984,250.08080431210414,40.63817133888826,0.001438949836917243,4.388244791456554e-05,0.0014477263265001562
101,20.40000000000039,1.5080482567709946e-05,0.2161434479662825,10.029915363474604,10.36107570477664,186.01019159845893,186.99153519631142,30.226686361435938,250.08065880596843,40.63814769411756,0.0014540303194849529,4.388244791456663e-05,0.0014628068090678662
102,20.60000000000042,1.5080482567709946e-05,0.21614319644622848,10.029909692384612,10.361069676326636,186.01008337097744,186.99142639791933,30.22666877445261,250.08051329996195,40.63812404936787,0.0014691108020526628,4.388244791456663e-05,0.0014778872916355761
103,20.800000000000452,1.5080482567709946e-05,0.2161429449265441,10.029904021300059,10.361063647881984,186.00997514359165,186.99131759962384,30.22665118748483,250.08036779408465,40.63810040463916,0.0014841912846203723,4.3882447914568795e-05,0.001492967774203286
104,21.000000000000483,1.5080482567709946e-05,0.21614269340722692,10.029898350220956,10.361057619442684,186.0098669163019,186.9912088014229,30.226633600532658,250.0802222883365,40.638076759931444,0.0014992717671880823,4.3882447914568795e-05,0.001508048256770996
105,21.200000000000514,1.5080482567709946e-05,0.21614244188828005,10.029892679147286,10.361051591008719,186.0097586891082,186.99110000331936,30.226616013596097,250.08007678271719,40.63805311524466,0.0015143522497557925,4.388244791456771e-05,0.001523128739338706
106,21.400000000000546,1.5080482567709946e-05,0.21614219036970103,10.029887008079065,10.361045562580092,186.00965046201028,186.99099120531113,30.2265984266751,250.07993127722668,40.63802947057881,0.0015294327323235022,4.3882447914568795e-05,0.001538209221906416
107,21.600000000000577,1.5080482567709946e-05,0.21614193885148994,10.029881337016288,10.361039534156797,186.00954223500776,186.9908824073984,30.226580839769603,250.07978577186486,40.63800582593387,0.0015445132148912124,4.388244791456771e-05,0.001553289704474126
108,21.80000000000061,1.5080482567709946e-05,0.21614168733364583,10.029875665958963,10.36103350573883,186.00943400810118,186.99077360958037,30.226563252879696,250.07964026663163,40.63798218130982,0.001559593697458922,4.388244791456988e-05,0.001568370187041836
109,22.00000000000064,1.5080482567709946e-05,0.21614143581616993,10.029869994907084,10.36102747732618,186.00932578129002,186.9906648118583,30.226545666005293,250.07949476152677,40.63795853670664,0.0015746741800266324,4.388244791456771e-05,0.001583450669609546
110,22.20000000000067,1.5080482567709946e-05,0.21614118429906143,10.029864323860656,10.361021448918848,186.00921755457415,186.9905560142316,30.22652807914638,250.07934925655024,40.637934892124306,0.0015897546625943423,4.388244791456771e-05,0.0015985311521772559
111,22.400000000000702,1.5080482567709946e-05,0.21614093278232024,10.029858652819673,10.361015420516821,186.00910932795392,186.9904472167002,30.226510492303007,250.07920375170178,40.63791124756279,0.0016048351451620523,4.388244791456771e-05,0.0016136116347449658
112,22.600000000000733,1.5080482567709946e-05,0.21614068126594602,10.029852981784142,10.3610093921201,186.00900110142868,186.99033841926396,30.226492905475066,250.07905824698133,40.63788760302207,0.0016199156277297623,4.388244791456771e-05,0.0016286921173126758
113,22.800000000000765,1.5080482567709946e-05,0.21614042974993755,10.029847310754072,10.361003363728681,186.00889287499868,186.99022962192186,30.226475318662605,250.07891274238895,40.637863958502166,0.0016349961102974724,4.388244791456663e-05,0.0016437725998803858
114,23.000000000000796,1.5080482567709946e-05,0.21614017823429624,10.02984163972945,10.360997335342553,186.00878464866346,186.9901208246753,30.226457731865544,250.0787672379242,40.637840314003,0.0016500765928651817,4.388244791456988e-05,0.0016588530824480957
115,23.200000000000827,1.5080482567709946e-05,0.21613992671902163,10.02983596871028,10.360991306961711,186.00867642242372,186.99001202752393,30.226440145084,250.0786217335871,40.637816669524575,0.0016651570754328917,4.388244791456988e-05,0.0016739335650158057
116,23.40000000000086,1.5080482567709946e-05,0.2161396752041122,10.02983029769657,10.360985278586154,186.00856819627828,186.9899032304666,30.22642255831778,250.0784762293775,40.63779302506687,0.001680237558000602,4.3882447914568795e-05,0.0016890140475835157
117,23.60000000000089,1.5080482567709946e-05,0.21613942368956887,10.029824626688317,10.360979250215873,186.00845997022762,186.98979443350416,30.22640497156696,250.07833072529527,40.63776938062986,0.001695318040568312,4.388244791456771e-05,0.0017040945301512256
118,23.80000000000092,1.5080482567709946e-05,0.21613917217539105,10.029818955685522,10.360973221850864,186.00835174427155,186.98968563663615,30.226387384831515,250.07818522134028,40.63774573621353,0.001710398523136022,4.388244791456771e-05,0.0017191750127189356
119,24.000000000000952,1.5080482567709946e-05,0.2161389206615789,10.029813284688185,10.36096719349112,186.00824351841038,186.98957683986285,30.226369798111484,250.07803971751238,40.63772209181786,0.0017254790057037318,4.3882447914568795e-05,0.0017342554952866455
120,24.200000000000983,1.5080482567709946e-05,0.21613866914813126,10.029807613696311,10.360961165136642,186.0081352926436,186.98946804318336,30.226352211406798,250.07789421381153,40.63769844744282,0.0017405594882714415,4.388244791456988e-05,0.0017493359778543555
121,24.400000000001015,1.5080482567709946e-05,0.21613841763504957,10.029801942709893,10.36095513678741,186.00802706697084,186.98935924659907,30.22633462471739,250.0777487102374,40.63767480308838,0.0017556399708391515,4.388244791456988e-05,0.0017644164604220655
122,24.600000000001046,1.5080482567709946e-05,0.21613816612233144,10.029796271728946,10.360949108443437,186.0079188413927,186.98925045010785,30.22631703804335,250.0776032067901,40.63765115875455,0.0017707204534068617,4.3882447914568795e-05,0.0017794969429897754
123,24.800000000001077,1.5080482567709946e-05,0.21613791460997808,10.029790600753461,10.360943080104708,186.00781061590854,186.98914165371096,30.22629945138459,250.07745770346943,40.6376275144413,0.0017858009359745716,4.3882447914568795e-05,0.0017945774255574854
124,25.00000000000111,1.5080482567709946e-05,0.21613766309798832,10.029784929783444,10.36093705177122,186.00770239051846,186.98903285740744,30.226281864741118,250.07731220027526,40.6376038701486,0.0018008814185422818,4.388244791456771e-05,0.0018096579081251954
125,25.20000000000114,1.5080482567709946e-05,0.21613741158636313,10.029779258818891,10.360931023442964,186.0075941652225,186.9889240611983,30.22626427811294,250.07716669720733,40.63758022587642,0.0018159619011099916,4.3882447914568795e-05,0.0018247383906929053
126,25.40000000000117,1.5080482567709946e-05,0.21613716007510253,10.0297735878598,10.360924995119932,186.00748594002005,186.98881526508364,30.226246691499952,250.07702119426557,40.637556581624736,0.0018310423836777015,4.3882447914568795e-05,0.0018398188732606153
127,25.600000000001202,1.5080482567709946e-05,0.21613690856420428,10.029767916906188,10.360918966802132,186.00737771491185,186.98870646906153,30.22622910490228,250.07687569145,40.637532937393566,0.0018461228662454122,4.388244791456554e-05,0.0018548993558283253
128,25.800000000001234,1.5080482567709946e-05,0.21613665705366977,10.02976224595804,10.360912938489546,186.00726948989686,186.98859767313334,30.226211518319758,250.07673018876037,40.63750929318285,0.0018612033488131215,4.3882447914568795e-05,0.0018699798383960352
129,26.000000000001265,1.5080482567709946e-05,0.21613640554349828,10.029756575015366,10.360906910182175,186.0071612649758,186.98848887729855,30.2261939317525,250.07658468619653,40.63748564899259,0.0018762838313808314,4.3882447914568795e-05,0.0018850603209637452
130,26.200000000001296,1.5080482567709946e-05,0.2161361540336898,10.029750904078162,10.360900881880006,186.00705304014832,186.98838008155727,30.226176345200447,250.0764391837583,40.63746200482273,0.0018913643139485412,4.388244791456988e-05,0.0019001408035314552
131,26.400000000001327,1.5080482567709946e-05,0.2161359025242444,10.02974523314643,10.360894853583043,186.00694481541362,186.9882712859096,30.226158758663473,250.0762936814457,40.637438360673286,0.001906444796516251,4.3882447914570964e-05,0.0019152212860991651
132,26.60000000000136,1.5080482567709946e-05,0.21613565101516108,10.029739562220174,10.360888825291275,186.00683659077285,186.98816249035482,30.226141172141762,250.07614817925847,40.63741471654422,0.0019215252790839616,4.388244791456771e-05,0.001930301768666875
133,26.80000000000139,1.5080482567709946e-05,0.21613539950643954,10.029733891299399,10.360882797004702,186.00672836622508,186.98805369489267,30.22612358563516,250.07600267719667,40.637391072435534,0.0019366057616516713,4.3882447914568795e-05,0.001945382251234585
134,27.00000000000142,1.5080482567709946e-05,0.2161351479980809,10.029728220384094,10.36087676872331,186.00662014177055,186.9879448995243,30.226105999143716,250.07585717525993,40.63736742834717,0.0019516862442193815,4.388244791456771e-05,0.001960462733802295
135,27.200000000001452,1.5080482567709946e-05,0.21613489649008327,10.029722549474272,10.360870740447105,186.00651191740894,186.98783610424812,30.226088412667366,250.07571167344838,40.637343784279146,0.001966766726787091,4.388244791456988e-05,0.001975543216370005
136,27.400000000001484,1.5080482567709946e-05,0.2161346449824479,10.029716878569925,10.360864712176069,186.00640369313982,186.9877273090654,30.226070826206048,250.07556617176155,40.637320140231395,0.0019818472093548014,4.388244791456771e-05,0.001990623698937715
137,27.600000000001515,1.5080482567709946e-05,0.21613439347517302,10.029711207671065,10.360858683910209,186.0062954689642,186.9876185139746,30.226053239759924,250.07542067019966,40.637296496203945,0.0019969276919225114,4.388244791456771e-05,0.002005704181505425
138,27.800000000001546,1.5080482567709946e-05,0.21613414196825997,10.029705536777682,10.36085265564951,186.00618724488098,186.98750971897712,30.226035653328815,250.07527516876237,40.63727285219674,0.002012008174490221,4.388244791456988e-05,0.002020784664073135
139,28.000000000001577,1.5080482567709946e-05,0.216133890461707,10.029699865889787,10.360846627393975,186.00607902089047,186.9874009240713,30.22601806691277,250.07512966744972,40.63724920820979,0.0020270886570579313,4.388244791456771e-05,0.002035865146640845
140,28.20000000000161,1.5080482567709946e-05,0.21613363895551532,10.029694195007373,10.36084059914359,186.00597079699241,186.98729212925852,30.22600048051175,250.07498416626132,40.63722556424303,0.0020421691396256404,4.388244791457205e-05,0.002050945629208555
141,28.40000000000164,1.5080482567709946e-05,0.21613338744968383,10.029688524130448,10.360834570898357,186.0058625731868,186.98718333453775,30.22598289412575,250.07483866519735,40.63720192029649,0.002057249622193351,4.388244791456988e-05,0.0020660261117762648
142,28.60000000000167,1.5080482567709946e-05,0.21613313594421302,10.029682853259004,10.360828542658265,186.00575434947362,186.98707453990966,30.225965307754773,250.0746931642574,40.63717827637011,0.002072330104761061,4.388244791456771e-05,0.0020811065943439747
143,28.800000000001702,1.5080482567709946e-05,0.21613288443910195,10.02967718239305,10.36082251442331,186.00564612585242,186.98696574537348,30.225947721398743,250.07454766344148,40.637154632463876,0.002087410587328771,4.388244791456771e-05,0.0020961870769116847
144,29.000000000001734,1.5080482567709946e-05,0.2161326329343512,10.029671511532582,10.360816486193487,186.00553790232345,186.98685695092982,30.2259301350577,250.07440216274944,40.63713098857777,0.002102491069896481,4.388244791456771e-05,0.0021112675594793947
145,29.200000000001765,1.5080482567709946e-05,0.2161323814299585,10.029665840677614,10.3608104579688,186.0054296788867,186.98674815657665,30.22591254873164,250.0742566621813,40.63710734471181,0.002117571552464191,4.388244791456771e-05,0.0021263480420471046
146,29.400000000001796,1.5080482567709946e-05,0.21613212992592631,10.029660169828132,10.360804429749228,186.005321455542,186.98663936231645,30.22589496242054,250.07411116173668,40.637083700865915,0.002132652035031901,4.388244791456771e-05,0.0021414285246148146
147,29.600000000001828,1.5080482567709946e-05,0.21613187842225248,10.029654498984145,10.360798401534778,186.00521323228907,186.9865305681473,30.225877376124348,250.07396566141568,40.63706005704011,0.0021477325175996115,4.388244791456554e-05,0.0021565090071825246
148,29.80000000000186,1.5080482567709946e-05,0.21613162691893825,10.02964882814565,10.360792373325435,186.00510500912796,186.98642177407038,30.225859789843085,250.07382016121792,40.63703641323433,0.0021628130001673206,4.388244791456988e-05,0.0021715894897502345
149,30.00000000000189,1.5080482567709946e-05,0.21613137541598212,10.029643157312654,10.360786345121204,186.0049967860585,186.98631298008453,30.22584220357671,250.07367466114354,40.637012769448596,0.00217789348273503,4.388244791457205e-05,0.0021866699723179445
150,30.20000000000192,1.5080482567709946e-05,0.21613112391338515,10.029637486485148,10.360780316922067,186.00488856308033,186.98620418619078,30.22582461732517,250.07352916119214,40.63698912568285,0.0021929739653027405,4.388244791456988e-05,0.0022017504548856545
151,30.400000000001953,1.5080482567709946e-05,0.21613087241114576,10.029631815663144,10.360774288728031,186.00478034019383,186.98609539238774,30.22580703108853,250.07338366136386,40.63696548193711,0.0022080544478704513,4.388244791456554e-05,0.0022168309374533644
152,30.600000000001984,1.5080482567709946e-05,0.2161306209092648,10.029626144846638,10.360768260539084,186.00467211739874,186.98598659867642,30.22578944486674,250.0732381616584,40.63694183821133,0.0022231349304381604,4.388244791456988e-05,0.0022319114200210744
153,30.800000000002015,1.5080482567709946e-05,0.21613036940774188,10.02962047403563,10.36076223235522,186.0045638946953,186.9858778050565,30.225771858659847,250.07309266207565,40.63691819450549,0.002238215413005871,4.388244791456771e-05,0.0022469919025887844
154,31.000000000002046,1.5080482567709946e-05,0.21613011790657607,10.029614803230128,10.36075620417644,186.00445567208257,186.9857690115272,30.225754272467693,250.07294716261558,40.636894550819584,0.002253295895573581,4.388244791456771e-05,0.0022620723851564943
155,31.200000000002078,1.5080482567709946e-05,0.21612986640576726,10.029609132430128,10.360750176002735,186.00434744956107,186.9856602180885,30.22573668629036,250.07280166327803,40.636870907153586,0.0022683763781412907,4.388244791456771e-05,0.0022771528677242043
156,31.40000000000211,1.5080482567709946e-05,0.21612961490531554,10.029603461635634,10.360744147834103,186.00423922713085,186.98555142474058,30.225719100127865,250.0726561640629,40.636847263507484,0.002283456860709001,4.388244791456554e-05,0.0022922333502919143
157,31.60000000000214,1.5080482567709946e-05,0.2161293634052211,10.029597790846642,10.360738119670527,186.00413100479116,186.98544263148398,30.225701513980077,250.0725106649698,40.63682361988121,0.002298537343276711,4.388244791456554e-05,0.0023073138328596242
158,31.80000000000217,1.5080482567709946e-05,0.2161291119054838,10.029592120063155,10.360732091512013,186.00402278254236,186.9853338383184,30.225683927847065,250.07236516599886,40.636799976274794,0.002313617825844421,4.388244791456554e-05,0.002322394315427334
159,32.0000000000022,1.5080482567709946e-05,0.21612886040610263,10.029586449285176,10.360726063358552,186.0039145603844,186.9852250452431,30.225666341728807,250.07221966714994,40.6367763326882,0.00232869830841213,4.388244791456988e-05,0.002337474797995044
160,32.20000000000216,1.5080482567709946e-05,0.2161286089070777,10.029580778512708,10.36072003521014,186.00380633831705,186.98511625225836,30.225648755625276,250.07207416842283,40.6367526891214,0.0023437787909798375,4.388244791458289e-05,0.002352555280562754
161,32.40000000000212,1.5080482567709946e-05,0.2161283574084085,10.029575107745751,10.360714007066774,186.0036981163405,186.98500745936363,30.225631169536502,250.07192866981754,40.6367290455744,0.0023588592735475458,4.3882447914591564e-05,0.002367635763130464
162,32.60000000000208,1.5080482567709946e-05,0.2161281059100953,10.029569436984305,10.360707978928444,186.00358989445402,186.98489866655947,30.225613583462366,250.0717831713338,40.63670540204715,0.0023739397561152566,4.388244791458723e-05,0.002382716245698174
163,32.80000000000204,1.5080482567709946e-05,0.21612785441213786,10.029563766228367,10.360701950795141,186.00348167265784,186.98478987384576,30.2255959974029,250.07163767297143,40.636681758539616,0.002389020238682966,4.3882447914589395e-05,0.002397796728265884
164,33.000000000002004,1.5080482567709946e-05,0.21612760291453523,10.02955809547795,10.360695922666874,186.00337345095224,186.98468108122148,30.225578411358153,250.0714921747306,40.63665811505184,0.0024041007212506752,4.388244791459373e-05,0.002412877210833594
165,33.200000000001964,1.5080482567709946e-05,0.21612735141728803,10.029552424733046,10.360689894543624,186.00326522933665,186.98457228868764,30.22556082532803,250.07134667661083,40.63663447158373,0.0024191812038183856,4.3882447914591564e-05,0.002427957693401304
166,33.400000000001924,1.5080482567709946e-05,0.21612709992039572,10.029546753993658,10.360683866425394,186.00315700781138,186.98446349624368,30.22554323931259,250.0712011786122,40.63661082813531,0.0024342616863860956,4.3882447914591564e-05,0.002443038175969014
167,33.600000000001884,1.5080482567709946e-05,0.21612684842385824,10.029541083259787,10.360677838312172,186.00304878637547,186.9843547038896,30.225525653311667,250.0710556807345,40.63658718470654,0.002449342168953806,4.3882447914589395e-05,0.002458118658536724
168,33.800000000001845,1.5080482567709946e-05,0.21612659692767544,10.029535412531434,10.360671810203957,186.0029405650302,186.98424591162544,30.225508067325475,250.07091018297766,40.63656354129741,0.0024644226515215164,4.388244791458723e-05,0.002473199141104434
169,34.000000000001805,1.5080482567709946e-05,0.21612634543184697,10.0295297418086,10.360665782100742,186.0028323437738,186.98413711945108,30.225490481353727,250.07076468534146,40.63653989790789,0.002479503134089226,4.3882447914589395e-05,0.002488279623672144
170,34.200000000001765,1.5080482567709946e-05,0.21612609393637214,10.02952407109129,10.360659754002524,186.0027241226076,186.9840283273658,30.22547289539663,250.0706191878259,40.636516254537966,0.002494583616656935,4.388244791459373e-05,0.0025033601062398538
171,34.400000000001725,1.5080482567709946e-05,0.21612584244125138,10.029518400379503,10.360653725909298,186.00261590153127,186.98391953537023,30.22545530945414,250.07047369043082,40.63649261118762,0.0025096640992246454,4.3882447914591564e-05,0.0025184405888075637
172,34.600000000001685,1.5080482567709946e-05,0.21612559094648348,10.029512729673245,10.36064769782106,186.00250768054408,186.98381074346335,30.225437723526138,250.0703281931561,40.636468967856835,0.0025247445817923545,4.38824479145959e-05,0.0025335210713752737
173,34.800000000001646,1.5080482567709946e-05,0.21612533945206971,10.029507058972504,10.360641669737795,186.00239945964614,186.98370195164637,30.225420137612637,250.07018269600144,40.63644532454556,0.002539825064360065,4.388244791459373e-05,0.0025486015539429837
174,35.000000000001606,1.5080482567709946e-05,0.21612508795800905,10.029501388277293,10.360635641659508,186.0022912388381,186.9835931599186,30.225402551713742,250.07003719896693,40.63642168125381,0.002554905546927775,4.388244791459373e-05,0.0025636820365106936
175,35.200000000001566,1.5080482567709946e-05,0.21612483646430153,10.029495717587606,10.360629613586188,186.0021830181186,186.98348436828005,30.22538496582924,250.06989170205227,40.636398037981536,0.002569986029495485,4.388244791459373e-05,0.0025787625190784036
176,35.400000000001526,1.5080482567709946e-05,0.21612458497094603,10.029490046903454,10.360623585517837,186.0020747974889,186.9833755767298,30.225367379959327,250.06974620525764,40.63637439472876,0.0025850665120631952,4.3882447914591564e-05,0.0025938430016461136
177,35.60000000000149,1.5080482567709946e-05,0.21612433347794352,10.029484376224831,10.360617557454443,186.00196657694732,186.98326678526885,30.225349794103735,250.0696007085826,40.63635075149543,0.0026001469946309048,4.388244791459373e-05,0.0026089234842138235
178,35.80000000000145,1.5080482567709946e-05,0.21612408198529276,10.02947870555174,10.360611529396003,186.00185835649566,186.98315799389627,30.225332208262753,250.0694552120271,40.63632710828151,0.002615227477198615,4.3882447914591564e-05,0.0026240039667815335
179,36.00000000000141,1.5080482567709946e-05,0.21612383049299494,10.029473034884177,10.360605501342508,186.00175013613216,186.9830492026131,30.225314622436102,250.06930971559103,40.63630346508701,0.0026303079597663256,4.3882447914589395e-05,0.0026390844493492435
180,36.20000000000137,1.5080482567709946e-05,0.21612357900104834,10.029467364222153,10.36059947329396,186.00164191585782,186.98294041141804,30.22529703662393,250.0691642192743,40.6362798219119,0.0026453884423340364,4.388244791458506e-05,0.0026541649319169534
181,36.40000000000133,1.5080482567709946e-05,0.21612332750945407,10.029461693565661,10.360593445250347,186.00153369567192,186.98283162031208,30.22527945082614,250.06901872307668,40.63625617875614,0.002660468924901746,4.388244791458723e-05,0.0026692454144846634
182,36.60000000000129,1.5080482567709946e-05,0.2161230760182103,10.029456022914708,10.360587417211669,186.0014254755746,186.98272282929372,30.225261865042736,250.06887322699822,40.63623253561975,0.0026755494074694555,4.3882447914589395e-05,0.0026843258970523733
183,36.80000000000125,1.5080482567709946e-05,0.2161228245273184,10.029450352269292,10.360581389177916,186.0013172555659,186.98261403836435,30.22524427927374,250.0687277310386,40.636208892502665,0.0026906298900371646,4.388244791459373e-05,0.0026994063796200833
184,37.00000000000121,1.5080482567709946e-05,0.21612257303677723,10.029444681629416,10.360575361149087,186.0012090356453,186.9825052475229,30.22522669351906,250.06858223519782,40.636185249404896,0.002705710372604875,4.3882447914591564e-05,0.0027144868621877933
185,37.20000000000117,1.5080482567709946e-05,0.2161223215465871,10.029439010995079,10.360569333125174,186.0011008158132,186.9823964567698,30.225209107778753,250.06843673947574,40.63616160632642,0.0027207908551725854,4.3882447914589395e-05,0.0027295673447555032
186,37.40000000000113,1.5080482567709946e-05,0.2161220700567472,10.029433340366284,10.360563305106172,186.00099259606867,186.98228766610455,30.225191522052683,250.06829124387218,40.636137963267196,0.0027358713377402953,4.3882447914589395e-05,0.002744647827323213
187,37.60000000000109,1.5080482567709946e-05,0.21612181856725732,10.029427669743034,10.360557277092079,186.00088437641313,186.98217887552693,30.225173936341072,250.0681457483871,40.63611432022723,0.0027509518203080057,4.388244791458723e-05,0.002759728309890923
188,37.80000000000105,1.5080482567709946e-05,0.21612156707811775,10.02942199912533,10.360551249082887,186.00077615684518,186.98207008503738,30.225156350643694,250.06800025302027,40.636090677206475,0.0027660323028757157,4.388244791458723e-05,0.002774808792458633
189,38.00000000000101,1.5080482567709946e-05,0.21612131558932846,10.029416328513166,10.36054522107859,186.0006679373648,186.9819612946359,30.225138764960544,250.06785475777164,40.63606703420493,0.0027811127854434257,4.388244791458723e-05,0.002789889275026343
190,38.20000000000097,1.5080482567709946e-05,0.21612106410088874,10.02941065790655,10.36053919307918,186.00055971797295,186.9818525043221,30.225121179291786,250.06770926264096,40.63604339122255,0.0027961932680111343,4.388244791459373e-05,0.002804969757594053
191,38.40000000000093,1.5080482567709946e-05,0.21612081261279797,10.029404987305485,10.36053316508466,186.0004514986684,186.98174371409533,30.22510359363721,250.06756376762831,40.63601974825935,0.0028112737505788434,4.388244791459807e-05,0.002820050240161763
192,38.60000000000089,1.5080482567709946e-05,0.2161205611250571,10.029399316709968,10.360527137095021,186.00034327945116,186.9816349239566,30.225086007996822,250.06741827273345,40.63599610531529,0.002826354233146553,4.388244791460024e-05,0.002835130722729473
193,38.80000000000085,1.5080482567709946e-05,0.21612030963766474,10.029393646120003,10.360521109110255,186.00023506032178,186.98152613390485,30.225068422370715,250.06727277795622,40.63597246239035,0.0028414347157142642,4.388244791459373e-05,0.002850211205297183
194,39.00000000000081,1.5080482567709946e-05,0.21612005815062146,10.029387975535586,10.360515081130357,186.00012684127958,186.9814173439407,30.22505083675877,250.06712728329646,40.6359488194845,0.0028565151982819737,4.38824479145959e-05,0.002865291687864893
195,39.20000000000077,1.5080482567709946e-05,0.2161198066639265,10.029382304956727,10.360509053155328,186.00001862232529,186.98130855406342,30.22503325116111,250.06698178875425,40.635925176597745,0.002871595680849684,4.388244791459373e-05,0.002880372170432603
196,39.40000000000073,1.5080482567709946e-05,0.21611955517758,10.029376634383421,10.360503025185157,185.99991040345796,186.98119976427333,30.225015665577583,250.0668362943293,40.63590153373005,0.002886676163417394,4.388244791459373e-05,0.002895452653000313
197,39.60000000000069,1.5080482567709946e-05,0.21611930369158175,10.029370963815671,10.360496997219839,185.99980218467778,186.98109097457038,30.22499808000822,250.06669080002146,40.63587789088138,0.0029017566459851045,4.3882447914591564e-05,0.002910533135568023
198,39.80000000000065,1.5080482567709946e-05,0.21611905220593058,10.029365293253482,10.360490969259375,185.99969396598456,186.98098218495352,30.224980494452986,250.06654530583083,40.63585424805176,0.002916837128552814,4.388244791459373e-05,0.002925613618135733
199,40.00000000000061,1.5080482567709946e-05,0.21611880072062808,10.029359622696846,10.36048494130375,185.9995857473779,186.98087339542445,30.224962908911817,250.0663998117569,40.635830605241104,0.0029319176111205236,4.38824479145959e-05,0.0029406941007034428
200,40.20000000000057,1.5080482567709946e-05,0.21611854923567328,10.029353952145769,10.36047891335296,185.999477528859,186.9807646059822,30.22494532338491,250.06625431779977,40.63580696244943,0.0029469980936882344,4.3882447914591564e-05,0.0029557745832711527
201,40.40000000000053,1.5080482567709946e-05,0.21611829775106497,10.029348281600258,10.36047288540701,185.99936931042615,186.98065581662595,30.224927737871987,250.0661088239594,40.635783319676726,0.0029620785762559444,4.3882447914591564e-05,0.0029708550658388627
202,40.60000000000049,1.5080482567709946e-05,0.21611804626680428,10.029342611060303,10.36046685746588,185.99926109208,186.98054702735672,30.224910152373152,250.06596333023543,40.63575967692294,0.0029771590588236543,4.3882447914591564e-05,0.0029859355484065726
203,40.80000000000045,1.5080482567709946e-05,0.21611779478289028,10.029336940525914,10.360460829529577,185.9991528738205,186.98043823817386,30.2248925668884,250.0658178366279,40.63573603418807,0.002992239541391364,4.388244791459373e-05,0.0030010160309742826
204,41.00000000000041,1.5080482567709946e-05,0.21611754329932265,10.029331269997094,10.360454801598095,185.99904465564782,186.980329449077,30.224874981417752,250.06567234313678,40.63571239147212,0.0030073200239590734,4.38824479145959e-05,0.0030160965135419926
205,41.20000000000037,1.5080482567709946e-05,0.21611729181610131,10.02932559947384,10.360448773671425,185.99893643756147,186.9802206600663,30.224857395961134,250.06552684976182,40.635688748775046,0.003022400506526784,4.388244791459373e-05,0.0030311769961097025
206,41.40000000000033,1.5080482567709946e-05,0.21611704033322626,10.02931992895615,10.36044274574956,185.99882821956115,186.98011187114193,30.2248398105185,250.06538135650277,40.63566510609681,0.0030374809890944933,4.38824479145959e-05,0.0030462574786774125
207,41.60000000000029,1.5080482567709946e-05,0.21611678885069732,10.02931425844403,10.360436717832497,185.99872000164743,186.9800030823038,30.224822225089934,250.06523586335965,40.63564146343741,0.0030525614716622037,4.388244791459373e-05,0.0030613379612451225
208,41.80000000000025,1.5080482567709946e-05,0.2161165373685138,10.029308587937482,10.360430689920234,185.99861178381963,186.9798942935512,30.22480463967533,250.0650903703324,40.63561782079684,0.0030676419542299137,4.388244791459373e-05,0.0030764184438128324
209,42.00000000000021,1.5080482567709946e-05,0.2161162858866761,10.029302917436501,10.360424662012756,185.99850356607757,186.97978550488492,30.22478705427466,250.06494487742063,40.63559417817503,0.0030827224367976245,4.3882447914589395e-05,0.0030914989263805424
210,42.20000000000017,1.5080482567709946e-05,0.2161160344051837,10.029297246941098,10.36041863411007,185.99839534842184,186.97967671630425,30.22476946888802,250.06479938462456,40.63557053557203,0.0030978029193653345,4.3882447914589395e-05,0.0031065794089482524
211,42.400000000000134,1.5080482567709946e-05,0.21611578292403608,10.029291576451268,10.360412606212163,185.99828713085162,186.9795679278091,30.224751883515275,250.0646538919438,40.63554689298776,0.003112883401933044,4.3882447914591564e-05,0.0031216598915159623
212,42.600000000000094,1.5080482567709946e-05,0.21611553144323375,10.029285905967011,10.360406578319031,185.99817891336733,186.97945913939992,30.224734298156488,250.06450839937824,40.63552325042222,0.0031279638845007544,4.3882447914589395e-05,0.0031367403740836723
213,42.800000000000054,1.5080482567709946e-05,0.21611527996277585,10.029280235488333,10.360400550430672,185.99807069596895,186.97935035107596,30.22471671281167,250.06436290692795,40.6354996078754,0.003143044367068465,4.388244791458723e-05,0.0031518208566513823
214,43.000000000000014,1.5080482567709946e-05,0.21611502848266276,10.029274565015228,10.360394522547073,185.99796247865575,186.97924156283784,30.22469912748069,250.06421741459258,40.63547596534726,0.003158124849636174,4.3882447914591564e-05,0.0031669013392190922
215,43.199999999999974,1.5080482567709946e-05,0.2161147770028932,10.029268894547709,10.360388494668241,185.99785426142802,186.97913277468436,30.224681542163594,250.0640719223722,40.63545232283781,0.0031732053322038843,4.3882447914589395e-05,0.003181981821786802
216,43.399999999999935,1.5080482567709946e-05,0.21611452552346752,10.02926322408577,10.360382466794166,185.99774604428592,186.9790239866159,30.22466395686042,250.06392643026663,40.63542868034701,0.003188285814771594,4.3882447914591564e-05,0.003197062304354512
217,43.599999999999895,1.5080482567709946e-05,0.21611427404438577,10.029257553629414,10.360376438924838,185.99763782722903,186.9789151986327,30.22464637157109,250.06378093827573,40.63540503787485,0.0032033662973393042,4.3882447914589395e-05,0.003212142786922222
218,43.799999999999855,1.5080482567709946e-05,0.21611402256564827,10.029251883178636,10.360370411060252,185.99752961025706,186.97880641073525,30.22462878629556,250.06363544639922,40.63538139542127,0.0032184467799070133,4.388244791459373e-05,0.003227223269489932
219,43.999999999999815,1.5080482567709946e-05,0.21611377108725396,10.029246212733442,10.360364383200404,185.99742139337044,186.97869762292265,30.2246112010339,250.06348995463708,40.63535775298628,0.003233527262474723,4.38824479145959e-05,0.003242303752057642
220,44.199999999999775,1.5080482567709946e-05,0.21611351960920233,10.02924054229384,10.360358355345296,185.99731317656864,186.97858883519433,30.22459361578602,250.06334446298933,40.63533411056988,0.003248607745042433,4.38824479145959e-05,0.003257384234625352
221,44.399999999999736,1.5080482567709946e-05,0.21611326813149329,10.029234871859822,10.360352327494914,185.99720495985167,186.97848004755056,30.22457603055193,250.06319897145568,40.635310468172015,0.0032636882276101437,4.3882447914591564e-05,0.003272464717193062
222,44.599999999999696,1.5080482567709946e-05,0.21611301665412833,10.029229201431388,10.360346299649251,185.99709674321974,186.97837125999274,30.224558445331652,250.0630534800359,40.63528682579266,0.003278768710177853,4.388244791459373e-05,0.003287545199760772
223,44.799999999999656,1.5080482567709946e-05,0.21611276517710482,10.02922353100855,10.360340271808314,185.9969885266724,186.9782624725184,30.224540860125128,250.06290798873022,40.635263183431846,0.0032938491927455627,4.38824479145959e-05,0.003302625682328482
224,44.999999999999616,1.5080482567709946e-05,0.21611251370042334,10.029217860591304,10.36033424397209,185.9968803102097,186.97815368512838,30.22452327493235,250.06276249753827,40.63523954108951,0.0033089296753132736,4.3882447914591564e-05,0.003317706164896192
225,45.19999999999958,1.5080482567709946e-05,0.21611226222408428,10.029212190179646,10.360328216140573,185.99677209383154,186.97804489782308,30.224505689753315,250.06261700645996,40.635215898765644,0.003324010157880984,4.3882447914589395e-05,0.003332786647463902
226,45.39999999999954,1.5080482567709946e-05,0.21611201074808808,10.029206519773577,10.360322188313752,185.99666387753777,186.97793611060305,30.224488104587994,250.062471515495,40.63519225646019,0.003339090640448694,4.3882447914589395e-05,0.003347867130031612
227,45.5999999999995,1.5080482567709946e-05,0.2161117592724316,10.029200849373115,10.360316160491642,185.99655566132853,186.97782732346536,30.224470519436405,250.0623260246437,40.63516861417322,0.0033541711230164026,4.38824479145959e-05,0.0033629476125993218
228,45.79999999999946,1.5080482567709946e-05,0.2161115077971175,10.029195178978243,10.360310132674217,185.99644744520342,186.97771853641274,30.22445293429849,250.0621805339055,40.635144971904616,0.0033692516055841126,4.38824479145959e-05,0.0033780280951670317
229,45.99999999999942,1.5080482567709946e-05,0.21611125632214456,10.029189508588967,10.360304104861477,185.99633922916206,186.97760974944418,30.224435349174186,250.06203504328036,40.63512132965439,0.0033843320881518225,4.38824479145959e-05,0.0033931085777347417
230,46.19999999999938,1.5080482567709946e-05,0.21611100484751236,10.029183838205295,10.360298077053425,185.99623101320554,186.97750096255922,30.224417764063666,250.06188955276843,40.63509768742256,0.003399412570719534,4.3882447914589395e-05,0.0034081890603024517
231,46.39999999999934,1.5080482567709946e-05,0.21611075337322078,10.029178167827222,10.360292049250052,185.9961227973324,186.9773921757579,30.224400178966693,250.0617440623694,40.63507404520907,0.003414493053287243,4.388244791459373e-05,0.0034232695428701616
232,46.5999999999993,1.5080482567709946e-05,0.21611050189927006,10.02917249745475,10.360286021451346,185.99601458154348,186.97728338904062,30.22438259388341,250.061598572083,40.63505040301389,0.003429573535854953,4.388244791459373e-05,0.0034383500254378716
233,46.79999999999926,1.5080482567709946e-05,0.21611025042565934,10.029166827087883,10.36027999365731,185.99590636583807,186.9771746024068,30.224365008813695,250.0614530819093,40.63502676083702,0.0034446540184226633,4.3882447914591564e-05,0.0034534305080055816
234,46.99999999999922,1.5080482567709946e-05,0.21610999895238883,10.029161156726618,10.360273965867933,185.9957981502166,186.97706581585658,30.22434742375762,250.06130759184808,40.63500311867843,0.0034597345009903737,4.3882447914589395e-05,0.0034685109905732915
235,47.19999999999918,1.5080482567709946e-05,0.21610974747945888,10.029155486370954,10.36026793808321,185.99568993467844,186.97695702939038,30.224329838715086,250.0611621018992,40.6349794765381,0.0034748149835580836,4.3882447914589395e-05,0.0034835914731410015
236,47.39999999999914,1.5080482567709946e-05,0.21610949600686769,10.029149816020903,10.36026191030314,185.99558171922396,186.97684824300669,30.224312253686147,250.06101661206267,40.63495583441602,0.0034898954661257927,4.388244791459373e-05,0.0034986719557087115
237,47.5999999999991,1.5080482567709946e-05,0.2161092445346164,10.029144145676456,10.360255882527715,185.99547350385265,186.97673945670675,30.224294668670726,250.0608711223382,40.63493219231215,0.003504975948693503,4.3882447914591564e-05,0.0035137524382764214
238,47.79999999999906,1.5080482567709946e-05,0.21610899306270437,10.029138475337621,10.360249854756933,185.99536528856504,186.97663067048987,30.224277083668902,250.0607256327258,40.63490855022649,0.003520056431261213,4.3882447914591564e-05,0.0035288329208441314
239,47.99999999999902,1.5080482567709946e-05,0.21610874159113092,10.0291328050044,10.36024382699079,185.9952570733605,186.9765218843557,30.22425949868058,250.0605801432253,40.63488490815902,0.0035351369138289235,4.3882447914589395e-05,0.0035439134034118414
240,48.19999999999898,1.5080482567709946e-05,0.21610849011989605,10.029127134676791,10.360237799229274,185.99514885823922,186.9764130983043,30.224241913705786,250.0604346538366,40.634861266109716,0.0035502173963966326,4.388244791459373e-05,0.0035589938859795513
241,48.39999999999894,1.5080482567709946e-05,0.2161082386490005,10.029121464354791,10.360231771472382,185.99504064320047,186.9763043123365,30.224224328744405,250.0602891645595,40.63483762407854,0.003565297878964343,4.3882447914591564e-05,0.0035740743685472613
242,48.5999999999989,1.5080482567709946e-05,0.2161079871784431,10.029115794038407,10.360225743720111,185.99493242824516,186.97619552645125,30.224206743796582,250.06014367539387,40.63481398206549,0.0035803783615320525,4.388244791459373e-05,0.0035891548511149713
243,48.79999999999886,1.5080482567709946e-05,0.21610773570822356,10.029110123727643,10.360219715972455,185.99482421337265,186.97608674064844,30.224189158862217,250.05999818633967,40.63479034007054,0.0035954588440997638,4.388244791458723e-05,0.003604235333682681
244,48.99999999999882,1.5080482567709946e-05,0.21610748423834264,10.029104453422491,10.360213688229406,185.99471599858276,186.97597795492888,30.224171573941273,250.05985269739665,40.63476669809366,0.0036105393266674724,4.388244791459373e-05,0.003619315816250391
245,49.19999999999878,1.5080482567709946e-05,0.21610723276879887,10.02909878312296,10.360207660490964,185.99460778387555,186.97586916929126,30.224153989033766,250.05970720856484,40.634743056134845,0.003625619809235183,4.3882447914591564e-05,0.003634396298818101
246,49.39999999999874,1.5080482567709946e-05,0.2161069812995921,10.029093112829054,10.360201632757125,185.99449956925105,186.9757603837356,30.2241364041397,250.05956171984408,40.63471941419408,0.0036407002918028932,4.3882447914589395e-05,0.003649476781385811
247,49.5999999999987,1.5080482567709946e-05,0.21610672983072335,10.029087442540765,10.360195605027878,185.99439135470948,186.97565159826294,30.22411881925911,250.05941623123422,40.634695772271336,0.0036557807743706036,4.388244791458723e-05,0.003664557263953521
248,49.79999999999866,1.5080482567709946e-05,0.21610647836219132,10.029081772258099,10.360189577303217,185.99428314024914,186.97554281287228,30.22410123439172,250.05927074273504,40.634672130366575,0.003670861256938314,4.388244791458506e-05,0.003679637746521231
249,49.99999999999862,1.5080482567709946e-05,0.21610622689399625,10.029076101981058,10.360183549583143,185.9941749258715,186.97543402756375,30.22408364953777,250.05912525434655,40.634648488479804,0.0036859417395060236,4.388244791458723e-05,0.003694718229088941
250,50.19999999999858,1.5080482567709946e-05,0.21610597542613744,10.029070431709647,10.360177521867648,185.99406671157655,186.97532524233688,30.224066064697254,250.05897976606857,40.63462484661099,0.0037010222220737322,4.388244791459373e-05,0.003709798711656651
251,50.39999999999854,1.5080482567709946e-05,0.21610572395861594,10.029064761443854,10.36017149415672,185.99395849736342,186.97521645719291,30.224048479870035,250.05883427790084,40.634601204760095,0.003716102704641443,4.3882447914589395e-05,0.003724879194224361
252,50.5999999999985,1.5080482567709946e-05,0.2161054724914297,10.029059091183695,10.360165466450368,185.99385028323223,186.97510767212978,30.224030895056135,250.0586887898436,40.63457756292715,0.0037311831872091517,4.38824479145959e-05,0.003739959676792071
253,50.79999999999846,1.5080482567709946e-05,0.21610522102458019,10.029053420929163,10.360159438748573,185.99374206918296,186.9749988871492,30.22401331025554,250.0585433018963,40.63455392111207,0.0037462636697768626,4.3882447914591564e-05,0.003755040159359781
254,50.99999999999842,1.5080482567709946e-05,0.21610496955806563,10.029047750680267,10.360153411051344,185.99363385521573,186.97489010224945,30.22399572546828,250.0583978140592,40.6345302793149,0.0037613441523445725,4.3882447914591564e-05,0.003770120641927491
255,51.19999999999838,1.5080482567709946e-05,0.21610471809188714,10.029042080437,10.360147383358663,185.99352564133002,186.97478131743176,30.22397814069427,250.0582523263319,40.63450663753557,0.0037764246349122825,4.3882447914591564e-05,0.003785201124495201
256,51.39999999999834,1.5080482567709946e-05,0.21610446662604352,10.029036410199367,10.360141355670532,185.99341742752577,186.97467253269517,30.223960555933495,250.0581068387144,40.634482995774086,0.0037915051174799924,4.3882447914591564e-05,0.0038002816070629108
257,51.5999999999983,1.5080482567709946e-05,0.21610421516053574,10.029030739967368,10.360135327986939,185.99330921380388,186.97456374804057,30.2239429711861,250.05796135120644,40.634459354030405,0.003806585600047702,4.388244791459373e-05,0.0038153620896306207
258,51.79999999999826,1.5080482567709946e-05,0.21610396369536297,10.029025069741003,10.360129300307882,185.99320100016266,186.97445496346745,30.223925386451818,250.057815863808,40.634435712304516,0.003821666082615411,4.388244791459807e-05,0.0038304425721983307
259,51.999999999998224,1.5080482567709946e-05,0.2161037122305242,10.029019399520278,10.36012327263336,185.99309278660266,186.97434617897483,30.223907801730736,250.05767037651896,40.634412070596404,0.0038367465651831215,4.38824479145959e-05,0.0038455230547660407
260,52.199999999998184,1.5080482567709946e-05,0.21610346076601963,10.029013729305197,10.36011724496337,185.99298457312426,186.974237394563,30.223890217022912,250.05752488933933,40.63438842890607,0.003851827047750832,4.388244791459373e-05,0.0038606035373337506
261,52.399999999998144,1.5080482567709946e-05,0.2161032093018496,10.029008059095753,10.360111217297899,185.99287635972738,186.97412861023247,30.22387263232833,250.0573794022688,40.634364787233466,0.0038669075303185414,4.38824479145959e-05,0.0038756840199014606
262,52.599999999998104,1.5080482567709946e-05,0.21610295783801425,10.029002388891946,10.36010518963694,185.9927681464115,186.97401982598348,30.223855047646918,250.05723391530717,40.63434114557856,0.0038819880128862522,4.3882447914591564e-05,0.0038907645024691706
263,52.799999999998064,1.5080482567709946e-05,0.21610270637451268,10.028996718693783,10.360099161980493,185.99265993317636,186.97391104181528,30.223837462978622,250.05708842845442,40.63431750394135,0.003897068495453963,4.388244791458723e-05,0.0039058449850368805
264,52.999999999998025,1.5080482567709946e-05,0.21610245491134464,10.028991048501263,10.360093134328551,185.9925517200224,186.97380225772778,30.223819878323518,250.05694294171042,40.634293862321805,0.003912148978021671,4.388244791459373e-05,0.00392092546760459
265,53.199999999997985,1.5080482567709946e-05,0.21610220344850875,10.028985378314399,10.360087106681119,185.9924435069488,186.9736934737197,30.223802293681477,250.05679745507524,40.63427022071995,0.003927229460589381,4.388244791459373e-05,0.0039360059501723
266,53.399999999997945,1.5080482567709946e-05,0.21610195198600804,10.028979708133168,10.36008107903817,185.99233529395622,186.97358468979408,30.223784709052595,250.05665196854832,40.634246579135684,0.003942309943157092,4.388244791458506e-05,0.003951086432740009
267,53.599999999997905,1.5080482567709946e-05,0.2161017005238386,10.028974037957596,10.360075051399722,185.99222708104386,186.97347590594725,30.223767124436755,250.05650648213,40.634222937569064,0.003957390425724802,4.388244791458506e-05,0.003966166915307719
268,53.799999999997866,1.5080482567709946e-05,0.21610144906200257,10.02896836778767,10.360069023765755,185.99211886821243,186.97336712218151,30.22374953983406,250.05636099581983,40.63419929602002,0.003972470908292509,4.388244791459373e-05,0.003981247397875428
269,53.999999999997826,1.5080482567709946e-05,0.21610119760049884,10.028962697623397,10.360062996136271,185.99201065546146,186.97325833849575,30.223731955244443,250.0562155096179,40.634175654488565,0.003987551390860219,4.388244791459373e-05,0.003996327880443138
270,54.199999999997786,1.5080482567709946e-05,0.21610094613932762,10.028957027464774,10.360056968511262,185.99190244279043,186.9731495548903,30.223714370667818,250.05607002352397,40.63415201297466,0.0040026318734279285,4.388244791459373e-05,0.004011408363010847
271,54.399999999997746,1.5080482567709946e-05,0.21610069467848858,10.028951357311806,10.360050940890723,185.99179423020001,186.97304077136502,30.22369678610429,250.05592453753792,40.63412837147828,0.004017712355995638,4.388244791459373e-05,0.004026488845578557
272,54.599999999997706,1.5080482567709946e-05,0.21610044321798136,10.02894568716449,10.360044913274645,185.9916860176896,186.9729319879198,30.22367920155376,250.05577905165956,40.63410472999941,0.004032792838563349,4.388244791458506e-05,0.004041569328146266
273,54.79999999999767,1.5080482567709946e-05,0.21610019175780557,10.028940017022835,10.36003888566303,185.99157780525954,186.97282320455412,30.223661617016294,250.05563356588888,40.63408108853803,0.004047873321131058,4.3882447914589395e-05,0.004056649810713976
274,54.99999999999763,1.5080482567709946e-05,0.21609994029796153,10.028934346886835,10.36003285805587,185.9914695929092,186.97271442126853,30.22364403249178,250.05548808022576,40.634057447094136,0.004062953803698767,4.388244791459373e-05,0.004071730293281685
275,55.19999999999759,1.5080482567709946e-05,0.21609968883844832,10.028928676756498,10.360026830453162,185.99136138063903,186.97260563806228,30.22362644798029,250.05534259467007,40.63403380566769,0.004078034286266476,4.388244791459373e-05,0.004086810775849395
276,55.39999999999755,1.5080482567709946e-05,0.21609943737926643,10.028923006631818,10.360020802854894,185.991253168448,186.97249685493594,30.223608863481665,250.0551971092216,40.634010164258676,0.004093114768834184,4.3882447914602406e-05,0.004101891258417104
277,55.59999999999751,1.5080482567709946e-05,0.21609918592041563,10.028917336512798,10.360014775261066,185.99114495633725,186.97238807188936,30.223591278996082,250.05505162388022,40.63398652286706,0.004108195251401894,4.388244791459807e-05,0.004116971740984814
278,55.79999999999747,1.5080482567709946e-05,0.21609893446189524,10.028911666399441,10.36000874767167,185.99103674430583,186.9722792889221,30.22357369452339,250.05490613864586,40.633962881492835,0.004123275733969604,4.388244791459807e-05,0.0041320522235525235
279,55.99999999999743,1.5080482567709946e-05,0.21609868300370463,10.028905996291755,10.360002720086706,185.99092853235388,186.97217050603356,30.223556110063615,250.0547606535185,40.633939240136,0.004138356216537313,4.388244791459807e-05,0.004147132706120233
280,56.19999999999739,1.5080482567709946e-05,0.21609843154584438,10.028900326189733,10.359996692506167,185.99082032048187,186.9720617232244,30.22353852561683,250.05461516849792,40.63391559879651,0.004153436699105025,4.3882447914589395e-05,0.0041622131886879426
281,56.39999999999735,1.5080482567709946e-05,0.21609818008831413,10.028894656093378,10.359990664930045,185.99071210868857,186.97195294049456,30.223520941182837,250.05446968358393,40.63389195747435,0.004168517181672733,4.388244791459373e-05,0.004177293671255652
282,56.59999999999731,1.5080482567709946e-05,0.2160979286311138,10.02888898600269,10.359984637358336,185.99060389697473,186.97184415784386,30.22350335676175,250.05432419877644,40.63386831616949,0.0041835976642404455,4.388244791458072e-05,0.004192374153823362
283,56.79999999999727,1.5080482567709946e-05,0.21609767717424244,10.028883315917673,10.359978609791035,185.99049568533997,186.9717353752717,30.22348577235352,250.0541787140754,40.63384467488193,0.004198678146808154,4.388244791458506e-05,0.004207454636391071
284,56.99999999999723,1.5080482567709946e-05,0.21609742571770152,10.028877645838323,10.359972582228133,185.99038747378438,186.97162659277942,30.22346818795815,250.05403322948055,40.633821033611625,0.004213758629375863,4.3882447914589395e-05,0.004222535118958781
285,57.19999999999719,1.5080482567709946e-05,0.2160971742614886,10.028871975764652,10.359966554669636,185.99027926230767,186.9715178103649,30.2234506035756,250.05388774499195,40.63379739235859,0.004228839111943572,4.3882447914589395e-05,0.00423761560152649
286,57.39999999999715,1.5080482567709946e-05,0.2160969228056052,10.028866305696651,10.359960527115529,185.9901710509098,186.97140902802968,30.223433019205864,250.0537422606093,40.63377375112277,0.004243919594511282,4.3882447914589395e-05,0.0042526960840942
287,57.59999999999711,1.5080482567709946e-05,0.21609667135005042,10.028860635634324,10.359954499565806,185.9900628395908,186.97130024577308,30.223415434848942,250.05359677633254,40.63375010990415,0.00425900007707899,4.388244791459807e-05,0.004267776566661909
288,57.79999999999707,1.5080482567709946e-05,0.21609641989482323,10.02885496557768,10.359948472020474,185.9899546283505,186.97119146359407,30.223397850504806,250.0534512921617,40.63372646870275,0.004274080559646699,4.388244791459807e-05,0.004282857049229619
289,57.99999999999703,1.5080482567709946e-05,0.21609616843992455,10.028849295526713,10.359942444479513,185.98984641718872,186.97108268149378,30.223380266173432,250.0533058080964,40.6337028275185,0.00428916104221441,4.388244791459373e-05,0.004297937531797328
290,58.19999999999699,1.5080482567709946e-05,0.21609591698535532,10.028843625481416,10.359936416942919,185.98973820610513,186.9709738994732,30.223362681854766,250.0531603241365,40.63367918635137,0.004304241524782118,4.388244791459807e-05,0.004313018014365038
291,58.39999999999695,1.5080482567709946e-05,0.21609566553111312,10.028837955441803,10.359930389410694,185.98962999510022,186.97086511753017,30.223345097548883,250.0530148402821,40.633655545201385,0.004319322007349829,4.388244791459373e-05,0.004328098496932747
292,58.59999999999691,1.5080482567709946e-05,0.2160954140771973,10.028832285407882,10.359924361882841,185.98952178417355,186.970756335664,30.223327513255718,250.05286935653317,40.633631904068544,0.004334402489917539,4.3882447914589395e-05,0.004343178979500457
293,58.79999999999687,1.5080482567709946e-05,0.21609516262361006,10.028826615379636,10.359918334359335,185.9894135733252,186.97064755387711,30.223309928975276,250.05272387288912,40.63360826295275,0.00434948297248525,4.388244791458072e-05,0.0043582594620681665
294,58.99999999999683,1.5080482567709946e-05,0.21609491117034954,10.028820945357078,10.359912306840183,185.9893053625551,186.97053877216777,30.22329234470755,250.05257838935023,40.633584621854034,0.004364563455052959,4.388244791458506e-05,0.004373339944635876
295,59.19999999999679,1.5080482567709946e-05,0.21609465971741584,10.028815275340206,10.35990627932538,185.98919715186295,186.97042999053605,30.223274760452494,250.0524329059163,40.63356098077238,0.004379643937620668,4.3882447914589395e-05,0.0043884204272035855
296,59.39999999999675,1.5080482567709946e-05,0.21609440826480888,10.028809605329021,10.359900251814917,185.98908894124847,186.97032120898223,30.223257176210055,250.05228742258709,40.63353733970774,0.004394724420188377,4.3882447914589395e-05,0.004403500909771295
297,59.59999999999671,1.5080482567709946e-05,0.2160941568125289,10.028803935323523,10.359894224308787,185.98898073071237,186.97021242750648,30.223239591980352,250.05214193936249,40.6335136986601,0.004409804902756088,4.388244791458506e-05,0.004418581392339005
298,59.79999999999667,1.5080482567709946e-05,0.21609390536057535,10.028798265323715,10.359888196806988,185.98887252025344,186.9701036461084,30.22322200776319,250.05199645624242,40.63349005762945,0.004424885385323797,4.388244791458506e-05,0.004433661874906714
299,59.99999999999663,1.5080482567709946e-05,0.21609365390894653,10.028792595329605,10.359882169309522,185.98876430987258,186.96999486478657,30.22320442355872,250.0518509732269,40.63346641661579,0.004439965867891506,4.3882447914589395e-05,0.004448742357474424
300,60.19999999999659,1.5080482567709946e-05,0.2160934024576445,10.028786925341183,10.35987614181637,185.98865609956889,186.96988608354303,30.223186839366786,250.05170549031553,40.63344277561905,0.004455046350459214,4.388244791459373e-05,0.004463822840042133
301,60.39999999999655,1.5080482567709946e-05,0.21609315100666768,10.02878125535846,10.359870114327537,185.9885478893427,186.96977730237631,30.223169255187447,250.0515600075084,40.633419134639254,0.004470126833026925,4.3882447914589395e-05,0.004478903322609843
302,60.59999999999651,1.5080482567709946e-05,0.21609289955601704,10.028775585381426,10.359864086843011,185.98843967919407,186.96966852128747,30.22315167102071,250.05141452480527,40.63339549367635,0.0044852073155946335,4.388244791459373e-05,0.004493983805177552
303,60.79999999999647,1.5080482567709946e-05,0.216092648105691,10.028769915410093,10.359858059362791,185.988331469123,186.9695597402753,30.223134086866576,250.05126904220603,40.633371852730335,0.004500287798162345,4.388244791458506e-05,0.004509064287745262
304,60.99999999999643,1.5080482567709946e-05,0.21609239665569002,10.02876424544446,10.359852031886874,185.98822325912883,186.96945095934012,30.223116502724938,250.05112355971065,40.63334821180119,0.004515368280730054,4.388244791458506e-05,0.004524144770312971
305,61.19999999999639,1.5080482567709946e-05,0.21609214520601425,10.028758575484522,10.359846004415246,185.98811504921144,186.96934217848226,30.22309891859578,250.05097807731883,40.63332457088888,0.004530448763297763,4.3882447914589395e-05,0.004539225252880681
306,61.39999999999635,1.5080482567709946e-05,0.21609189375666246,10.02875290553029,10.359839976947912,185.98800683937148,186.9692333977007,30.2230813344792,250.05083259503058,40.6333009299934,0.0045455292458654725,4.3882447914589395e-05,0.00455430573544839
307,61.599999999996314,1.5080482567709946e-05,0.21609164230763522,10.028747235581758,10.35983394948486,185.9878986296087,186.96912461699606,30.223063750375168,250.0506871128458,40.63327728911473,0.004560609728433182,4.3882447914589395e-05,0.0045693862180161
308,61.799999999996274,1.5080482567709946e-05,0.21609139085893234,10.02874156563893,10.35982792202609,185.98779041992242,186.9690158363682,30.22304616628356,250.0505416307643,40.63325364825285,0.004575690211000892,4.388244791458506e-05,0.004584466700583809
309,61.999999999996234,1.5080482567709946e-05,0.21609113941055305,10.028735895701809,10.359821894571596,185.98768221031267,186.9689070558166,30.223028582204392,250.05039614878595,40.633230007407725,0.004590770693568603,4.388244791458072e-05,0.004599547183151519
310,62.199999999996194,1.5080482567709946e-05,0.2160908879624976,10.028730225770394,10.359815867121368,185.98757400077992,186.9687982753416,30.223010998137735,250.0502506669106,40.633206366579344,0.0046058511761363115,4.388244791458506e-05,0.0046146276657192285
311,62.399999999996155,1.5080482567709946e-05,0.21609063651476582,10.028724555844686,10.359809839675405,185.98746579132398,186.96868949494313,30.22299341408356,250.05010518513822,40.63318272576769,0.00462093165870402,4.3882447914589395e-05,0.004629708148286938
312,62.599999999996115,1.5080482567709946e-05,0.21609038506735692,10.02871888592469,10.359803812233702,185.9873575819439,186.96858071462051,30.222975830041715,250.0499597034687,40.633159084972746,0.00463601214127173,4.3882447914589395e-05,0.0046447886308546476
313,62.799999999996075,1.5080482567709946e-05,0.21609013362027127,10.028713216010402,10.359797784796251,185.98724937264046,186.96847193437435,30.222958246012322,250.04981422190176,40.63313544419448,0.004651092623839439,4.3882447914589395e-05,0.004659869113422357
314,62.999999999996035,1.5080482567709946e-05,0.21608988217350866,10.028707546101826,10.359791757363048,185.98714116341347,186.96836315420438,30.222940661995352,250.04966874043737,40.633111803432875,0.004666173106407147,4.388244791459807e-05,0.004674949595990067
315,63.199999999995995,1.5080482567709946e-05,0.21608963072706802,10.028701876198967,10.359785729934092,185.98703295426208,186.9682543741098,30.222923077990664,250.04952325907547,40.633088162687926,0.004681253588974857,4.388244791459373e-05,0.004690030078557776
316,63.399999999995956,1.5080482567709946e-05,0.21608937928095087,10.028696206301818,10.35977970250937,185.98692474518703,186.9681455940921,30.222905493998386,250.04937777781575,40.63306452195958,0.004696334071542568,4.3882447914589395e-05,0.004705110561125486
317,63.599999999995916,1.5080482567709946e-05,0.2160891278351548,10.02869053641039,10.359773675088885,185.98681653618817,186.96803681414917,30.22288791001849,250.04923229665832,40.63304088124786,0.004711414554110277,4.3882447914589395e-05,0.004720191043693195
318,63.799999999995876,1.5080482567709946e-05,0.21608887638968122,10.02868486652468,10.359767647672628,185.98670832726506,186.96792803428238,30.2228703260509,250.04908681560292,40.63301724055272,0.004726495036677987,4.3882447914589395e-05,0.004735271526260905
319,63.999999999995836,1.5080482567709946e-05,0.21608862494452932,10.028679196644687,10.359761620260592,185.98660011841775,186.96781925449116,30.22285274209563,250.0489413346494,40.63299359987413,0.004741575519245696,4.3882447914589395e-05,0.004750352008828614
320,64.19999999999594,1.5080482567709946e-05,0.2160883734996987,10.028673526770417,10.359755592852776,185.98649190964665,186.9677104747752,30.22283515815274,250.0487958537978,40.632969959212105,0.004756656001813412,4.388244791455904e-05,0.004765432491396324
321,64.39999999999604,1.5080482567709946e-05,0.2160881220551904,10.028667856901862,10.35974956544917,185.98638370095017,186.96760169513556,30.222817574221978,250.0486503730477,40.632946318566574,0.004771736484381124,4.388244791454603e-05,0.004780512973964033
322,64.59999999999614,1.5080482567709946e-05,0.21608787061100254,10.028662187039034,10.359743538049772,185.98627549233024,186.96749291557066,30.222799990303653,250.04850489239925,40.63292267793756,0.0047868169669488345,4.388244791454169e-05,0.004795593456531743
323,64.79999999999625,1.5080482567709946e-05,0.2160876191671357,10.02865651718193,10.359737510654575,185.9861672837849,186.96738413608108,30.222782406397457,250.04835941185223,40.632899037325025,0.004801897449516545,4.3882447914537354e-05,0.004810673939099452
324,64.99999999999635,1.5080482567709946e-05,0.21608736772359002,10.028650847330551,10.359731483263577,185.9860590753152,186.9672753566671,30.222764822503546,250.0482139314065,40.632875396728956,0.004816977932084252,4.3882447914550364e-05,0.004825754421667162
325,65.19999999999645,1.5080482567709946e-05,0.21608711628036398,10.028645177484902,10.35972545587677,185.98595086692123,186.96716657732742,30.22274723862194,250.04806845106194,40.63285175614932,0.004832058414651963,4.388244791454169e-05,0.0048408349042348715
326,65.39999999999655,1.5080482567709946e-05,0.21608686483745845,10.028639507644982,10.359719428494154,185.98584265860194,186.96705779806285,30.22272965475247,250.04792297081855,40.63282811558613,0.004847138897219671,4.3882447914550364e-05,0.004855915386802581
327,65.59999999999665,1.5080482567709946e-05,0.21608661339487273,10.028633837810792,10.35971340111572,185.9857344503582,186.96694901887292,30.222712070895277,250.04777749067605,40.632804475039336,0.004862219379787381,4.388244791454603e-05,0.0048709958693702905
328,65.79999999999676,1.5080482567709946e-05,0.21608636195260736,10.028628167982333,10.35970737374146,185.98562624218926,186.9668402397583,30.22269448705024,250.04763201063432,40.632780834508914,0.004877299862355093,4.3882447914537354e-05,0.004886076351938
329,65.99999999999686,1.5080482567709946e-05,0.21608611051066123,10.028622498159606,10.359701346371372,185.98551803409524,186.96673146071802,30.22267690321738,250.0474865306933,40.632757193994856,0.004892380344922802,4.3882447914537354e-05,0.00490115683450571
330,66.19999999999696,1.5080482567709946e-05,0.21608585906903482,10.028616828342612,10.359695319005448,185.98540982607528,186.96662268175265,30.222659319396552,250.0473410508528,40.63273355349713,0.0049074608274905125,4.388244791453302e-05,0.004916237317073419
331,66.39999999999706,1.5080482567709946e-05,0.2160856076277277,10.028611158531353,10.359689291643686,185.9853016181315,186.9665139028618,30.222641735588105,250.04719557111275,40.63270991301574,0.004922541310058221,4.3882447914537354e-05,0.004931317799641129
332,66.59999999999717,1.5080482567709946e-05,0.2160853561867398,10.02860548872583,10.359683264286081,185.98519341026088,186.96640512404556,30.222624151791546,250.04705009147304,40.63268627255064,0.00493762179262593,4.388244791454169e-05,0.004946398282208838
333,66.79999999999727,1.5080482567709946e-05,0.21608510474606987,10.02859981892605,10.35967723693263,185.9850852024657,186.966296345303,30.222606568007247,250.04690461193354,40.632662632101834,0.004952702275193638,4.3882447914550364e-05,0.004961478764776548
334,66.99999999999737,1.5080482567709946e-05,0.2160848533057191,10.028594149132006,10.359671209583322,185.98497699474464,186.96618756663517,30.22258898423499,250.0467591324941,40.63263899166928,0.004967782757761349,4.388244791454169e-05,0.004976559247344257
335,67.19999999999747,1.5080482567709946e-05,0.21608460186568637,10.028588479343705,10.359665182238157,185.98486878709804,186.96607878804116,30.22257140047483,250.0466136531546,40.63261535125297,0.0049828632403290584,4.388244791454169e-05,0.004991639729911967
336,67.39999999999758,1.5080482567709946e-05,0.21608435042597215,10.028582809561144,10.359659154897123,185.9847605795253,186.96597000952164,30.222553816726677,250.04646817391483,40.63259171085287,0.004997943722896767,4.388244791454603e-05,0.005006720212479676
337,67.59999999999768,1.5080482567709946e-05,0.21608409898657513,10.028577139784332,10.359653127560227,185.9846523720269,186.96586123107528,30.222536232990603,250.04632269477494,40.632568070469,0.005013024205464477,4.388244791454603e-05,0.005021800695047386
338,67.79999999999778,1.5080482567709946e-05,0.21608384754749652,10.028571470013258,10.359647100227448,185.9845441646031,186.96575245270358,30.222518649266654,250.04617721573447,40.632544430101284,0.005028104688032187,4.388244791454169e-05,0.005036881177615095
339,67.99999999999788,1.5080482567709946e-05,0.21608359610873526,10.028565800247932,10.359641072898793,185.98443595725269,186.96564367440544,30.222501065554628,250.04603173679348,40.632520789749734,0.005043185170599896,4.388244791454603e-05,0.005051961660182805
340,68.19999999999798,1.5080482567709946e-05,0.2160833446702911,10.028560130488357,10.359635045574255,185.98432774997585,186.96553489618086,30.22248348185456,250.04588625795185,40.63249714941433,0.005058265653167605,4.388244791454603e-05,0.0050670421427505144
341,68.39999999999809,1.5080482567709946e-05,0.2160830932321635,10.028554460734535,10.35962901825383,185.98421954277305,186.96542611802926,30.22246589816652,250.04574077920955,40.632473509095064,0.005073346135735315,4.388244791454603e-05,0.005082122625318224
342,68.59999999999819,1.5080482567709946e-05,0.21608284179435344,10.028548790986456,10.359622990937503,185.9841113356449,186.96531733995195,30.222448314490613,250.04559530056613,40.632449868791866,0.005088426618303022,4.388244791455904e-05,0.0050972031078859335
343,68.79999999999829,1.5080482567709946e-05,0.21608259035685984,10.028543121244132,10.35961696362528,185.98400312858965,186.9652085619478,30.22243073082655,250.04544982202174,40.63242622850476,0.005103507100870732,4.38824479145547e-05,0.005112283590453643
344,68.9999999999984,1.5080482567709946e-05,0.21608233891968237,10.028537451507564,10.359610936317152,185.98389492160763,186.9650997840167,30.222413147174386,250.04530434357622,40.632402588233724,0.005118587583438442,4.38824479145547e-05,0.0051273640730213526
345,69.1999999999985,1.5080482567709946e-05,0.21608208748282207,10.028531781776742,10.359604909013106,185.98378671469942,186.96499100615978,30.22239556353422,250.04515886522924,40.6323789479787,0.005133668066006154,4.388244791454169e-05,0.005142444555589062
346,69.3999999999986,1.5080482567709946e-05,0.2160818360462767,10.028526112051685,10.359598881713152,185.98367850786352,186.96488222837493,30.222377979905804,250.045013386981,40.63235530773972,0.005148748548573865,4.388244791453302e-05,0.005157525038156772
347,69.5999999999987,1.5080482567709946e-05,0.2160815846100477,10.02852044233238,10.359592854417274,185.98357030110182,186.96477345066373,30.222360396289442,250.04486790883115,40.63233166751673,0.005163829031141571,4.3882447914550364e-05,0.005172605520724481
348,69.7999999999988,1.5080482567709946e-05,0.21608133317413422,10.028514772618838,10.359586827125472,185.98346209441314,186.9646646730253,30.22234281268495,250.04472243077967,40.632308027309726,0.0051789095137092815,4.388244791454603e-05,0.005187686003292191
349,69.9999999999989,1.5080482567709946e-05,0.2160810817385354,10.028509102911057,10.359580799837742,185.9833538877981,186.96455589545914,30.222325229092423,250.0445769528265,40.632284387118695,0.005193989996276993,4.3882447914537354e-05,0.0052027664858599
350,70.19999999999901,1.5080482567709946e-05,0.2160808303032521,10.028503433209035,10.359574772554073,185.98324568125486,186.96444711796607,30.222307645511563,250.0444314749713,40.63226074694359,0.005209070478844703,4.388244791453302e-05,0.00521784696842761
351,70.39999999999911,1.5080482567709946e-05,0.21608057886828422,10.028497763512775,10.359568745274457,185.98313747478534,186.96433834054622,30.22229006194268,250.044285997214,40.63223710678438,0.005224150961412413,4.388244791453302e-05,0.005232927450995319
352,70.59999999999921,1.5080482567709946e-05,0.2160803274336308,10.028492093822281,10.359562717998902,185.98302926838852,186.96422956319861,30.222272478385616,250.04414051955465,40.6322134666411,0.0052392314439801205,4.388244791454169e-05,0.005248007933563029
353,70.79999999999932,1.5080482567709946e-05,0.21608007599929127,10.028486424137556,10.359556690727395,185.98292106206424,186.96412078592297,30.222254894840336,250.043995041993,40.632189826513695,0.005254311926547832,4.388244791453302e-05,0.005263088416130738
354,70.99999999999942,1.5080482567709946e-05,0.21607982456526695,10.02848075445859,10.359550663459926,185.98281285581203,186.96401200872054,30.222237311306767,250.04384956452893,40.63216618640214,0.0052693924091155395,4.388244791454169e-05,0.005278168898698448
355,71.19999999999952,1.5080482567709946e-05,0.21607957313155582,10.028475084785402,10.359544636196503,185.98270464963304,186.9639032315896,30.222219727785095,250.0437040871624,40.63214254630644,0.005284472891683248,4.388244791454603e-05,0.005293249381266157
356,71.39999999999962,1.5080482567709946e-05,0.21607932169815902,10.02846941511798,10.359538608937111,185.9825964435262,186.96379445453127,30.222202144275155,250.04355860989318,40.63211890622655,0.005299553374250958,4.388244791454603e-05,0.005308329863833867
357,71.59999999999972,1.5080482567709946e-05,0.2160790702650759,10.028463745456328,10.359532581681743,185.98248823749137,186.96368567754516,30.22218456077691,250.0434131327211,40.632095266162445,0.005314633856818667,4.388244791454603e-05,0.0053234103464015765
358,71.79999999999983,1.5080482567709946e-05,0.21607881883230595,10.02845807580045,10.3595265544304,185.98238003152935,186.9635769006308,30.2221669772905,250.0432676556462,40.63207162611413,0.005329714339386376,4.3882447914550364e-05,0.005338490828969286
359,71.99999999999993,1.5080482567709946e-05,0.2160785673998491,10.028452406150347,10.359520527183077,185.98227182563875,186.9634681237882,30.22214939381569,250.0431221786683,40.63204798608159,0.005344794821954088,4.3882447914537354e-05,0.0053535713115369955
360,72.20000000000003,1.5080482567709946e-05,0.21607831596770583,10.028446736506016,10.359514499939763,185.98216361982062,186.96335934701804,30.222131810352664,250.04297670178715,40.63202434606476,0.005359875304521797,4.388244791454169e-05,0.005368651794104705
361,72.40000000000013,1.5080482567709946e-05,0.21607806453587466,10.028441066867467,10.35950847270046,185.98205541407444,186.96325057031893,30.222114226901326,250.0428312250028,40.632000706063664,0.005374955787089507,4.3882447914537354e-05,0.005383732276672415
362,72.60000000000024,1.5080482567709946e-05,0.21607781310435675,10.02843539723469,10.359502445465155,185.9819472084004,186.96314179369216,30.22209664346171,250.04268574831502,40.63197706607826,0.005390036269657217,4.3882447914537354e-05,0.005398812759240124
363,72.80000000000034,1.5080482567709946e-05,0.21607756167315095,10.028429727607698,10.359496418233851,185.98183900279807,186.96303301713667,30.22207906003375,250.04254027172377,40.63195342610854,0.005405116752224928,4.388244791452868e-05,0.005413893241807834
364,73.00000000000044,1.5080482567709946e-05,0.21607731024225654,10.028424057986488,10.359490391006542,185.98173079726683,186.96292424065197,30.222061476617338,250.04239479522892,40.63192978615449,0.005420197234792636,4.3882447914537354e-05,0.005428973724375543
365,73.20000000000054,1.5080482567709946e-05,0.2160770588116741,10.028418388371062,10.35948436378322,185.98162259180774,186.96281546423862,30.222043893212653,250.04224931883033,40.631906146216075,0.005435277717360345,4.3882447914537354e-05,0.005444054206943253
366,73.40000000000065,1.5080482567709946e-05,0.21607680738140445,10.028412718761412,10.359478336563873,185.98151438641992,186.96270668789762,30.222026309819547,250.04210384252767,40.63188250629325,0.005450358199928052,4.3882447914550364e-05,0.005459134689510962
367,73.60000000000075,1.5080482567709946e-05,0.21607655595144562,10.028407049157552,10.359472309348508,185.98140618110332,186.96259791162714,30.222008726438016,250.0419583663211,40.63185886638605,0.005465438682495764,4.3882447914537354e-05,0.005474215172078672
368,73.80000000000085,1.5080482567709946e-05,0.21607630452179882,10.028401379559476,10.359466282137111,185.98129797585756,186.96248913542848,30.221991143068,250.04181289021034,40.63183522649441,0.005480519165063476,4.388244791452868e-05,0.005489295654646381
369,74.00000000000095,1.5080482567709946e-05,0.21607605309246242,10.028395709967187,10.359460254929681,185.98118977068472,186.96238035930014,30.221973559709827,250.04166741419536,40.63181158661833,0.0054955996476311825,4.388244791454169e-05,0.005504376137214091
370,74.20000000000105,1.5080482567709946e-05,0.21607580166343693,10.028390040380692,10.359454227726218,185.98108156558104,186.96227158324277,30.221955976362896,250.04152193827602,40.631787946757804,0.005510680130198892,4.388244791454169e-05,0.0055194566197818
371,74.40000000000116,1.5080482567709946e-05,0.21607555023472233,10.028384370799985,10.359448200526707,185.9809733605497,186.96216280725642,30.221938393027724,250.04137646245218,40.631764306912785,0.005525760612766599,4.38824479145547e-05,0.00553453710234951
372,74.60000000000126,1.5080482567709946e-05,0.21607529880631698,10.028378701225078,10.359442173331153,185.9808651555888,186.96205403133968,30.221920809703988,250.0412309867238,40.631740667083285,0.005540841095334308,4.388244791455904e-05,0.0055496175849172194
373,74.80000000000136,1.5080482567709946e-05,0.2160750473782232,10.028373031655955,10.359436146139538,185.9807569506991,186.96194525549484,30.221903226391827,250.04108551109053,40.63171702726924,0.00555592157790202,4.388244791454603e-05,0.005564698067484929
374,75.00000000000146,1.5080482567709946e-05,0.21607479595043866,10.02836736209263,10.359430118951868,185.98064874587988,186.96183647971984,30.221885643091124,250.04094003555244,40.63169338747066,0.005571002060469728,4.3882447914550364e-05,0.0055797785500526385
375,75.20000000000157,1.5080482567709946e-05,0.2160745445229644,10.028361692535102,10.359424091768132,185.98054054113152,186.9617277040158,30.221868059801935,250.04079456010925,40.6316697476875,0.005586082543037439,4.388244791454603e-05,0.005594859032620348
376,75.40000000000167,1.5080482567709946e-05,0.21607429309579926,10.028356022983372,10.35941806458833,185.98043233645302,186.9616189283816,30.221850476524093,250.04064908476107,40.631646107919785,0.005601163025605148,4.388244791454603e-05,0.0056099395151880576
377,75.60000000000177,1.5080482567709946e-05,0.21607404166894337,10.028350353437443,10.359412037412453,185.98032413184578,186.96151015281757,30.221832893257833,250.04050360950765,40.631622468167464,0.005616243508172858,4.388244791454603e-05,0.005625019997755767
378,75.80000000000187,1.5080482567709946e-05,0.21607379024239776,10.028344683897306,10.359406010240491,185.9802159273087,186.9614013773248,30.221815310002974,250.04035813434874,40.6315988284305,0.005631323990740568,4.388244791454169e-05,0.005640100480323477
379,76.00000000000198,1.5080482567709946e-05,0.21607353881616023,10.028339014362977,10.359399983072448,185.980107722842,186.96129260190125,30.221797726759554,250.04021265928438,40.6315751887089,0.005646404473308276,4.3882447914550364e-05,0.005655180962891186
380,76.20000000000208,1.5080482567709946e-05,0.21607328739023224,10.028333344834449,10.359393955908315,185.979999518445,186.96118382654842,30.221780143527457,250.0400671843144,40.631551549002644,0.005661484955875986,4.3882447914550364e-05,0.005670261445458896
381,76.40000000000218,1.5080482567709946e-05,0.21607303596461125,10.028327675311731,10.359387928748092,185.97989131411876,186.96107505126412,30.22176256030686,250.0399217094388,40.631527909311714,0.005676565438443695,4.3882447914550364e-05,0.005685341928026605
382,76.60000000000228,1.5080482567709946e-05,0.2160727845392991,10.028322005794818,10.359381901591767,185.9797831098621,186.96096627605013,30.22174497709757,250.03977623465724,40.631504269636075,0.005691645921011407,4.3882447914537354e-05,0.005700422410594315
383,76.80000000000238,1.5080482567709946e-05,0.21607253311429558,10.028316336283709,10.359375874439333,185.97967490567555,186.96085750090637,30.221727393899673,250.0396307599697,40.631480629975705,0.005706726403579117,4.3882447914537354e-05,0.005715502893162024
384,77.00000000000249,1.5080482567709946e-05,0.21607228168959966,10.02831066677841,10.359369847290791,185.97956670155935,186.96074872583193,30.221709810713207,250.039485285376,40.63145699033059,0.005721806886146824,4.3882447914550364e-05,0.005730583375729734
385,77.20000000000259,1.5080482567709946e-05,0.21607203026521102,10.028304997278923,10.359363820146138,185.97945849751213,186.9606399508267,30.22169222753795,250.03933981087619,40.63143335070073,0.005736887368714533,4.3882447914550364e-05,0.005745663858297443
386,77.40000000000269,1.5080482567709946e-05,0.21607177884113046,10.028299327785243,10.359357793005358,185.97935029353408,186.96053117589148,30.221674644373934,250.0391943364699,40.63140971108607,0.005751967851282243,4.3882447914550364e-05,0.005760744340865153
387,77.6000000000028,1.5080482567709946e-05,0.21607152741735644,10.028293658297383,10.359351765868457,185.97924208962684,186.96042240102494,30.22165706122142,250.0390488621572,40.63138607148662,0.005767048333849952,4.3882447914550364e-05,0.005775824823432862
388,77.8000000000029,1.5080482567709946e-05,0.21607127599389003,10.028287988815332,10.359345738735424,185.97913388578834,186.96031362622827,30.221639478080085,250.03890338793784,40.63136243190233,0.005782128816417664,4.388244791454169e-05,0.005790905306000572
389,78.000000000003,1.5080482567709946e-05,0.21607102457073052,10.028282319339095,10.359339711606252,185.97902568201908,186.9602048515008,30.221621894949998,250.0387579138117,40.631338792333196,0.005797209298985374,4.3882447914537354e-05,0.0058059857885682815
390,78.2000000000031,1.5080482567709946e-05,0.216070773147877,10.02827664986868,10.359333684480944,185.9789174783196,186.96009607684184,30.221604311831246,250.03861243977883,40.631315152779216,0.0058122897815530835,4.3882447914537354e-05,0.005821066271135991
391,78.4000000000032,1.5080482567709946e-05,0.21607052172532976,10.028270980404086,10.359327657359493,185.97880927468913,186.95998730225165,30.221586728723715,250.03846696583906,40.63129151324036,0.005827370264120793,4.3882447914537354e-05,0.0058361467537037005
392,78.6000000000033,1.5080482567709946e-05,0.2160702703030894,10.028265310945306,10.359321630241887,185.97870107112857,186.9598785277311,30.22156914562754,250.0383214919921,40.63126787371659,0.005842450746688503,4.3882447914537354e-05,0.00585122723627141
393,78.80000000000341,1.5080482567709946e-05,0.21607001888115468,10.02825964149235,10.359315603128124,185.97859286763577,186.95976975327906,30.221551562542377,250.03817601823783,40.631244234207884,0.005857531229256213,4.388244791453302e-05,0.00586630771883912
394,79.00000000000351,1.5080482567709946e-05,0.2160697674595257,10.028253972045214,10.359309576018198,185.97848466421254,186.95966097889573,30.22153397946852,250.03803054457623,40.631220594714236,0.0058726117118239225,4.388244791453302e-05,0.005881388201406829
395,79.20000000000361,1.5080482567709946e-05,0.2160695160382025,10.028248302603904,10.35930354891211,185.9783764608576,186.95955220458117,30.221516396405757,250.03788507100725,40.63119695523564,0.00588769219439163,4.388244791454169e-05,0.005896468683974539
396,79.40000000000371,1.5080482567709946e-05,0.2160692646171846,10.028242633168418,10.359297521809847,185.97826825757173,186.95944343033517,30.22149881335422,250.0377395975306,40.63117331577204,0.005902772676959342,4.388244791453302e-05,0.005911549166542248
397,79.60000000000382,1.5080482567709946e-05,0.21606901319647143,10.028236963738761,10.359291494711409,185.97816005435482,186.95933465615724,30.22148123031389,250.03759412414627,40.631149676323446,0.005917853159527053,4.388244791452434e-05,0.005926629649109958
398,79.80000000000392,1.5080482567709946e-05,0.21606876177606318,10.028231294314933,10.35928546761679,185.97805185120555,186.9592258820477,30.22146364728455,250.03744865085412,40.63112603688983,0.00593293364209476,4.3882447914537354e-05,0.005941710131677667
399,80.00000000000402,1.5080482567709946e-05,0.21606851035595903,10.028225624896939,10.35927944052599,185.97794364812592,186.95911710800573,30.221446064266527,250.03730317765414,40.631102397471196,0.005948014124662469,4.3882447914537354e-05,0.005956790614245377
400,80.20000000000412,1.5080482567709946e-05,0.2160682589361593,10.028219955484776,10.359273413438995,185.97783544511432,186.95900833403195,30.221428481259558,250.03715770454602,40.63107875806749,0.005963094607230177,4.388244791454603e-05,0.005971871096813086
401,80.40000000000423,1.5080482567709946e-05,0.21606800751666433,10.028214286078441,10.359267386355802,185.9777272421706,186.95889956012667,30.22141089826362,250.03701223152964,40.63105511867869,0.0059781750897978875,4.388244791454169e-05,0.005986951579380796
402,80.60000000000433,1.5080482567709946e-05,0.2160677560974744,10.028208616677935,10.3592613592764,185.97761903929492,186.95879078629034,30.221393315278743,250.0368667586048,40.63103147930476,0.005993255572365599,4.388244791453302e-05,0.006002032061948505
403,80.80000000000443,1.5080482567709946e-05,0.21606750467858699,10.028202947283273,10.3592553322008,185.9775108364877,186.95868201252065,30.221375732304985,250.03672128577168,40.63100783994574,0.006008336054933307,4.388244791454169e-05,0.006017112544516215
404,81.00000000000453,1.5080482567709946e-05,0.216067253260003,10.028197277894446,10.359249305128987,185.97740263374914,186.9585732388186,30.221358149342386,250.03657581302997,40.630984200601574,0.006023416537501016,4.388244791454169e-05,0.0060321930270839244
405,81.20000000000464,1.5080482567709946e-05,0.21606700184172326,10.028191608511454,10.359243278060953,185.97729443107752,186.95846446518496,30.221340566390666,250.0364303403795,40.63096056127223,0.006038497020068726,4.388244791454169e-05,0.006047273509651634
406,81.40000000000474,1.5080482567709946e-05,0.21606675042374582,10.028185939134307,10.359237250996701,185.97718622847398,186.95835569161807,30.221322983450005,250.0362848678203,40.630936921957726,0.006053577502636435,4.388244791454169e-05,0.0060623539922193435
407,81.60000000000484,1.5080482567709946e-05,0.21606649900607292,10.02818026976299,10.359231223936211,185.97707802593817,186.95824691812024,30.221305400520354,250.0361393953519,40.63091328265797,0.0060686579852041456,4.3882447914537354e-05,0.006077434474787053
408,81.80000000000494,1.5080482567709946e-05,0.21606624758870122,10.028174600397525,10.3592251968795,185.9769698234699,186.9581381446883,30.221287817601677,250.03599392297474,40.63088964337304,0.0060837384677718525,4.3882447914550364e-05,0.006092514957354763
409,82.00000000000504,1.5080482567709946e-05,0.21606599617163288,10.0281689310379,10.359219169826545,185.97686162106885,186.95802937132444,30.221270234693925,250.03584845068823,40.63086600410284,0.006098818950339561,4.38824479145547e-05,0.006107595439922472
410,82.20000000000515,1.5080482567709946e-05,0.21606574475486642,10.028163261684123,10.35921314277735,185.9767534187357,186.95792059802739,30.221252651797204,250.03570297849245,40.63084236484739,0.0061138994329072716,4.3882447914550364e-05,0.006122675922490182
411,82.40000000000525,1.5080482567709946e-05,0.21606549333840236,10.028157592336191,10.359207115731905,185.97664521647016,186.95781182479777,30.221235068911472,250.0355575063872,40.630818725606645,0.006128979915474982,4.388244791454603e-05,0.006137756405057891
412,82.60000000000535,1.5080482567709946e-05,0.21606524192223928,10.02815192299411,10.359201088690213,185.97653701427157,186.95770305163427,30.22121748603662,250.03541203437248,40.630795086380616,0.006144060398042691,4.3882447914550364e-05,0.006152836887625601
413,82.80000000000545,1.5080482567709946e-05,0.21606499050637873,10.028146253657876,10.35919506165226,185.9764288121401,186.9575942785385,30.221199903172675,250.03526656244807,40.63077144716926,0.006159140880610398,4.388244791455904e-05,0.00616791737019331
414,83.00000000000556,1.5080482567709946e-05,0.21606473909081975,10.028140584327492,10.359189034618042,185.97632061007582,186.9574855055097,30.22118232031964,250.03512109061376,40.63074780797255,0.0061742213631781106,4.388244791454603e-05,0.00618299785276102
415,83.20000000000566,1.5080482567709946e-05,0.21606448767556133,10.028134915002964,10.359183007587557,185.97621240807834,186.95737673254698,30.22116473747747,250.0349756188696,40.63072416879048,0.006189301845745821,4.388244791454169e-05,0.006198078335328729
416,83.40000000000576,1.5080482567709946e-05,0.21606423626060453,10.028129245684283,10.359176980560795,185.9761042061486,186.95726795965155,30.221147154646303,250.03483014721527,40.63070052962301,0.00620438232831353,4.388244791454603e-05,0.006213158817896439
417,83.60000000000586,1.5080482567709946e-05,0.21606398484594916,10.028123576371456,10.359170953537754,185.97599600428495,186.95715918682316,30.221129571825877,250.03468467565082,40.63067689047015,0.00621946281088124,4.388244791454169e-05,0.006228239300464148
418,83.80000000000597,1.5080482567709946e-05,0.21606373343159418,10.028117907064487,10.35916492651843,185.97588780248748,186.95705041406111,30.221111989016205,250.03453920417599,40.63065325133185,0.0062345432934489495,4.388244791454169e-05,0.006243319783031858
419,84.00000000000607,1.5080482567709946e-05,0.2160634820175391,10.028112237763379,10.359158899502818,185.9757796007576,186.95694164136498,30.221094406217514,250.0343937327908,40.63062961220812,0.00624962377601666,4.3882447914537354e-05,0.006258400265599567
420,84.20000000000617,1.5080482567709946e-05,0.2160632306037839,10.02810656846813,10.359152872490913,185.9756713990937,186.9568328687348,30.22107682342955,250.03424826149512,40.63060597309893,0.0062647042585843695,4.3882447914537354e-05,0.006273480748167277
421,84.40000000000627,1.5080482567709946e-05,0.2160629791903293,10.02810089917874,10.35914684548271,185.9755631974962,186.95672409617137,30.221059240652373,250.03410279028873,40.63058233400425,0.00627978474115208,4.388244791453302e-05,0.0062885612307349865
422,84.60000000000637,1.5080482567709946e-05,0.21606272777717356,10.028095229895218,10.359140818478206,185.9754549959661,186.95661532367328,30.221041657886147,250.0339573191716,40.63055869492408,0.00629486522371979,4.388244791452868e-05,0.006303641713302696
423,84.80000000000648,1.5080482567709946e-05,0.21606247636431825,10.028089560617554,10.35913479147739,185.97534679450106,186.95650655124197,30.221024075130497,250.03381184814359,40.63053505585839,0.006309945706287498,4.3882447914537354e-05,0.0063187221958704055
424,85.00000000000658,1.5080482567709946e-05,0.21606222495176167,10.028083891345757,10.359128764480262,185.9752385931023,186.956397778876,30.221006492385616,250.03366637720453,40.63051141680715,0.006325026188855209,4.388244791452868e-05,0.006333802678438115
425,85.20000000000668,1.5080482567709946e-05,0.21606197353950451,10.028078222079825,10.359122737486812,185.97513039177034,186.9562890065762,30.22098890965159,250.03352090635423,40.63048777777034,0.006340106671422919,4.388244791452868e-05,0.006348883161005825
426,85.40000000000678,1.5080482567709946e-05,0.21606172212754607,10.028072552819761,10.359116710497037,185.975022190504,186.95618023434193,30.22097132692823,250.03337543559266,40.630464138747946,0.006355187153990627,4.3882447914537354e-05,0.006363963643573534
427,85.60000000000689,1.5080482567709946e-05,0.21606147071588705,10.028066883565563,10.359110683510933,185.97491398930342,186.956071462174,30.220953744215553,250.03322996491966,40.63044049973995,0.006370267636558335,4.388244791454169e-05,0.006379044126141244
428,85.80000000000699,1.5080482567709946e-05,0.21606121930452576,10.028061214317239,10.359104656528496,185.97480578816916,186.9559626900709,30.220936161513652,250.0330844943352,40.63041686074634,0.006385348119126045,4.388244791454169e-05,0.006394124608708953
429,86.00000000000709,1.5080482567709946e-05,0.21606096789346296,10.028055545074787,10.359098629549718,185.97469758710005,186.95585391803354,30.22091857882234,250.03293902383908,40.63039322176707,0.006400428601693755,4.3882447914537354e-05,0.006409205091276663
430,86.2000000000072,1.5080482567709946e-05,0.21606071648269765,10.02804987583821,10.359092602574599,185.97458938609668,186.95574514606093,30.220900996141708,250.0327935534312,40.63036958280215,0.006415509084261464,4.388244791454169e-05,0.006424285573844372
431,86.4000000000073,1.5080482567709946e-05,0.21606046507223153,10.0280442066075,10.359086575603124,185.97448118515874,186.95563637415486,30.220883413471707,250.03264808311133,40.63034594385154,0.0064305895668291735,4.388244791454169e-05,0.006439366056412082
432,86.6000000000074,1.5080482567709946e-05,0.21606021366206188,10.028038537382672,10.359080548635296,185.97437298428622,186.955527602313,30.220865830812343,250.0325026128795,40.630322304915225,0.006445670049396883,4.388244791454169e-05,0.006454446538979791
433,86.8000000000075,1.5080482567709946e-05,0.21605996225219076,10.028032868163717,10.359074521671104,185.97426478347901,186.95541883053724,30.220848248163588,250.0323571427354,40.63029866599317,0.0064607505319645925,4.388244791454169e-05,0.006469527021547501
434,87.0000000000076,1.5080482567709946e-05,0.21605971084261574,10.028027198950646,10.359068494710554,185.97415658273738,186.95531005882532,30.22083066552549,250.03221167267924,40.6302750270854,0.006475831014532302,4.388244791454169e-05,0.00648460750411521
435,87.2000000000077,1.5080482567709946e-05,0.21605945943333818,10.028021529743453,10.359062467753631,185.97404838206094,186.95520128717888,30.220813082897987,250.03206620271058,40.63025138819186,0.006490911497100011,4.388244791454603e-05,0.00649968798668292
436,87.40000000000781,1.5080482567709946e-05,0.21605920802435716,10.028015860542142,10.359056440800332,185.97394018144902,186.95509251559702,30.220795500280968,250.03192073282943,40.63022774931253,0.00650599197966772,4.388244791454603e-05,0.0065147684692506294
437,87.60000000000791,1.5080482567709946e-05,0.21605895661567348,10.028010191346711,10.359050413850651,185.97383198090282,186.9549837440806,30.220777917674624,250.03177526303554,40.63020411044739,0.006521072462235429,4.3882447914550364e-05,0.006529848951818339
438,87.80000000000801,1.5080482567709946e-05,0.2160587052072856,10.028004522157168,10.359044386904586,185.9737237804207,186.95487497262823,30.2207603350787,250.031629793329,40.63018047159643,0.006536152944803139,4.388244791454603e-05,0.0065449294343860485
439,88.00000000000811,1.5080482567709946e-05,0.2160584537991933,10.027998852973514,10.359038359962135,185.97361558000404,186.95476620123995,30.22074275249341,250.0314843237096,40.630156832759646,0.00655123342737085,4.388244791454169e-05,0.006560009916953758
440,88.20000000000822,1.5080482567709946e-05,0.21605820239139711,10.027993183795745,10.359032333023285,185.97350737965183,186.9546574299162,30.220725169918595,250.0313388541772,40.63013319393699,0.006566313909938558,4.388244791454603e-05,0.006575090399521468
441,88.40000000000832,1.5080482567709946e-05,0.21605795098389804,10.027987514623856,10.359026306088026,185.9733991793647,186.95454865865827,30.22070758735435,250.03119338473147,40.63010955512842,0.006581394392506267,4.3882447914550364e-05,0.006590170882089177
442,88.60000000000842,1.5080482567709946e-05,0.21605769957669332,10.027981845457866,10.35902027915637,185.97329097914138,186.95443988746345,30.22069000480048,250.03104791537265,40.630085916333975,0.006596474875073977,4.388244791454603e-05,0.006605251364656887
443,88.80000000000852,1.5080482567709946e-05,0.2160574481697835,10.027976176297768,10.359014252228304,185.97318277898285,186.95433111633244,30.220672422257138,250.03090244610053,40.63006227755361,0.006611555357641686,4.3882447914550364e-05,0.006620331847224596
444,89.00000000000863,1.5080482567709946e-05,0.2160571967631694,10.02797050714356,10.359008225303818,185.9730745788885,186.95422234526612,30.22065483972422,250.0307569769148,40.6300386387873,0.006626635840209394,4.388244791455904e-05,0.006635412329792306
445,89.20000000000873,1.5080482567709946e-05,0.21605694535685074,10.027964837995244,10.359002198382907,185.9729663788589,186.9541135742643,30.22063725720183,250.0306115078154,40.630015000035,0.006641716322777105,4.3882447914550364e-05,0.006650492812360015
446,89.40000000000883,1.5080482567709946e-05,0.21605669395082563,10.027959168852831,10.35899617146558,185.97285817889286,186.95400480332538,30.220619674689768,250.03046603880244,40.62999136129676,0.006656796805344816,4.388244791454169e-05,0.006665573294927725
447,89.60000000000893,1.5080482567709946e-05,0.2160564425450958,10.027953499716306,10.35899014455181,185.97274997899117,186.9538960324511,30.22060209218816,250.03032056987539,40.629967722572474,0.006671877287912526,4.388244791454169e-05,0.006680653777495434
448,89.80000000000904,1.5080482567709946e-05,0.2160561911396591,10.02794783058569,10.358984117641615,185.97264177915292,186.95378726163938,30.220584509696863,250.0301751010346,40.629944083862206,0.006686957770480234,4.3882447914550364e-05,0.006695734260063144
449,90.00000000000914,1.5080482567709946e-05,0.21605593973451737,10.027942161460967,10.358978090734972,185.9725335793789,186.95367849089226,30.220566927216,250.0300296322795,40.629920445165865,0.006702038253047944,4.388244791454603e-05,0.006710814742630853
450,90.20000000000924,1.5080482567709946e-05,0.21605568832966962,10.027936492342144,10.35897206383188,185.97242537966898,186.95356972020886,30.220549344745557,250.02988416361015,40.62989680648346,0.006717118735615653,4.3882447914550364e-05,0.006725895225198563
451,90.40000000000934,1.5080482567709946e-05,0.21605543692511467,10.027930823229228,10.358966036932342,185.97231718002317,186.9534609495881,30.22053176228553,250.0297386950266,40.62987316781499,0.006732199218183363,4.388244791454603e-05,0.006740975707766272
452,90.60000000000944,1.5080482567709946e-05,0.2160551855208531,10.027925154122217,10.358960010036347,185.9722089804398,186.9533521790307,30.22051417983565,250.02959322652853,40.62984952916042,0.006747279700751074,4.388244791454169e-05,0.006756056190333982
453,90.80000000000955,1.5080482567709946e-05,0.21605493411688548,10.027919485021107,10.358953983143884,185.9721007809207,186.95324340853736,30.220496597396213,250.02944775811574,40.6298258905197,0.006762360183318783,4.388244791454169e-05,0.0067711366729016915
454,91.00000000000965,1.5080482567709946e-05,0.2160546827132098,10.027913815925912,10.358947956254962,185.9719925814646,186.95313463810618,30.220479014967015,250.0293022897884,40.62980225189287,0.006777440665886493,4.388244791454169e-05,0.006786217155469401
455,91.20000000000975,1.5080482567709946e-05,0.216054431309828,10.027908146836614,10.358941929369559,185.97188438207215,186.95302586773917,30.22046143254816,250.029156821546,40.62977861327984,0.006792521148454201,4.388244791454603e-05,0.0068012976380371105
456,91.40000000000985,1.5080482567709946e-05,0.2160541799067381,10.027902477753232,10.358935902487682,185.97177618274293,186.95291709743458,30.220443850139578,250.02901135338868,40.62975497468064,0.006807601631021913,4.3882447914537354e-05,0.00681637812060482
457,91.60000000000996,1.5080482567709946e-05,0.2160539285039411,10.02789680867576,10.358929875609324,185.97166798347675,186.95280832719334,30.22042626774124,250.02886588531632,40.62973133609524,0.006822682113589623,4.388244791453302e-05,0.00683145860317253
458,91.80000000001006,1.5080482567709946e-05,0.21605367710143575,10.0278911396042,10.358923848734477,185.97155978427395,186.9526995570145,30.220408685353203,250.02872041732874,40.62970769752362,0.006837762596157331,4.388244791454169e-05,0.006846539085740239
459,92.00000000001016,1.5080482567709946e-05,0.21605342569922267,10.027885470538552,10.358917821863136,185.97145158513388,186.95259078689884,30.22039110297536,250.02857494942575,40.62968405896574,0.006852843078725042,4.388244791453302e-05,0.006861619568307949
460,92.20000000001026,1.5080482567709946e-05,0.2160531742973005,10.027879801478825,10.3589117949953,185.97134338605662,186.95248201684498,30.220373520607723,250.02842948160733,40.629660420421615,0.006867923561292749,4.388244791454603e-05,0.006876700050875658
461,92.40000000001037,1.5080482567709946e-05,0.2160529228956701,10.027874132425014,10.358905768130963,185.97123518704225,186.9523732468539,30.220355938250307,250.02828401387342,40.629636781891215,0.006883004043860459,4.388244791454169e-05,0.006891780533443368
462,92.60000000001047,1.5080482567709946e-05,0.2160526714943305,10.027868463377123,10.35889974127012,185.97112698809005,186.95226447692488,30.22033835590299,250.0281385462238,40.62961314337451,0.006898084526428168,4.388244791454603e-05,0.006906861016011077
463,92.80000000001057,1.5080482567709946e-05,0.216052420093283,10.027862794335146,10.358893714412758,185.97101878920103,186.95215570705915,30.22032077356594,250.02799307865823,40.62958950487147,0.006913165008995881,4.388244791452868e-05,0.006921941498578787
464,93.00000000001067,1.5080482567709946e-05,0.21605216869252578,10.027857125299093,10.358887687558882,185.97091059037479,186.95204693725515,30.220303191239093,250.02784761117678,40.629565866382094,0.00692824549156359,4.388244791453302e-05,0.006937021981146496
465,93.20000000001077,1.5080482567709946e-05,0.21605191729205925,10.02785145626896,10.358881660708478,185.97080239161056,186.95193816751345,30.220285608922325,250.02770214377915,40.62954222790634,0.0069433259741312975,4.388244791454169e-05,0.006952102463714206
466,93.40000000001088,1.5080482567709946e-05,0.21605166589188274,10.027845787244758,10.358875633861555,185.9706941929079,186.9518293978334,30.22026802661556,250.02755667646548,40.62951858944423,0.006958406456699007,4.388244791454169e-05,0.006967182946281915
467,93.60000000001098,1.5080482567709946e-05,0.21605141449199666,10.027840118226475,10.358869607018091,185.97058599426833,186.95172062821553,30.22025044431905,250.0274112092354,40.629494950995706,0.006973486939266716,4.388244791454603e-05,0.006982263428849625
468,93.80000000001108,1.5080482567709946e-05,0.21605116309240113,10.027834449214117,10.358863580178088,185.97047779569084,186.95161185866013,30.220232862032624,250.02726574208882,40.629471312560746,0.006988567421834425,4.388244791454603e-05,0.0069973439114173345
469,94.00000000001118,1.5080482567709946e-05,0.2160509116930952,10.027828780207688,10.358857553341544,185.97036959717602,186.95150308916635,30.220215279756385,250.02712027502565,40.62944767413934,0.007003647904402136,4.388244791454169e-05,0.007012424393985044
470,94.20000000001129,1.5080482567709946e-05,0.2160506602940784,10.027823111207194,10.358851526508454,185.97026139872185,186.95139431973382,30.22019769749,250.02697480804594,40.6294240357315,0.007018728386969846,4.3882447914537354e-05,0.0070275048765527535
471,94.40000000001139,1.5080482567709946e-05,0.2160504088953503,10.027817442212633,10.358845499678813,185.97015320033037,186.95128555036234,30.220180115233802,250.0268293411494,40.62940039733718,0.007033808869537555,4.388244791454169e-05,0.007042585359120463
472,94.60000000001149,1.5080482567709946e-05,0.21605015749691267,10.027811773223995,10.358839472852605,185.97004500200134,186.95117678105365,30.220162532987754,250.0266838743358,40.629376758956326,0.007048889352105263,4.388244791454603e-05,0.007057665841688173
473,94.8000000000116,1.5080482567709946e-05,0.21604990609876285,10.027806104241298,10.35883344602984,185.96993680373268,186.95106801180532,30.22014495075151,250.02653840760524,40.62935312058897,0.007063969834672973,4.388244791454603e-05,0.007072746324255882
474,95.0000000000117,1.5080482567709946e-05,0.2160496547009021,10.027800435264535,10.358827419210504,185.96982860552606,186.95095924261864,30.220127368525354,250.02639294095752,40.62932948223508,0.0070790503172406824,4.388244791454603e-05,0.007087826806823592
475,95.2000000000118,1.5080482567709946e-05,0.21604940330333056,10.027794766293702,10.35882139239459,185.96972040738117,186.9508504734939,30.220109786309227,250.02624747439233,40.6293058438946,0.007094130799808393,4.388244791454169e-05,0.007102907289391301
476,95.4000000000119,1.5080482567709946e-05,0.21604915190604687,10.027789097328814,10.358815365582101,185.9696122092975,186.9507417044299,30.22009220410305,250.02610200790983,40.629282205567556,0.0071092112823761015,4.388244791454603e-05,0.007117987771959011
477,95.600000000012,1.5080482567709946e-05,0.21604890050905134,10.027783428369862,10.358809338773026,185.96950401127503,186.95063293542702,30.220074621906818,250.02595654150971,40.6292585672539,0.007124291764943809,4.38824479145547e-05,0.00713306825452672
478,95.8000000000121,1.5080482567709946e-05,0.21604864911234287,10.027777759416855,10.358803311967366,185.9693958133141,186.95052416648443,30.22005703972058,250.02581107519202,40.629234928953636,0.00713937224751152,4.3882447914550364e-05,0.00714814873709443
479,96.00000000001221,1.5080482567709946e-05,0.21604839771592296,10.027772090469787,10.358797285165107,185.96928761541446,186.9504153976035,30.220039457544306,250.02566560895642,40.62921129066671,0.007154452730079231,4.388244791454169e-05,0.007163229219662139
480,96.20000000001231,1.5080482567709946e-05,0.21604814631979058,10.02776642152866,10.358791258366248,185.96917941757508,186.9503066287835,30.220021875377828,250.02552014280292,40.62918765239313,0.007169533212646941,4.3882447914537354e-05,0.007178309702229849
481,96.40000000001241,1.5080482567709946e-05,0.21604789492394447,10.027760752593487,10.358785231570792,185.96907121979748,186.9501978600232,30.220004293221386,250.02537467673153,40.62916401413289,0.007184613695214649,4.388244791454603e-05,0.007193390184797558
482,96.60000000001251,1.5080482567709946e-05,0.2160476435283859,10.027755083664253,10.35877920477872,185.96896302208071,186.95008909132412,30.219986711074828,250.02522921074183,40.629140375885925,0.007199694177782357,4.38824479145547e-05,0.007208470667365268
483,96.80000000001262,1.5080482567709946e-05,0.21604739213311416,10.027749414740969,10.358773177990034,185.9688548244244,186.94998032268555,30.219969128938097,250.02508374483384,40.62911673765224,0.00721477466035007,4.3882447914537354e-05,0.007223551149932977
484,97.00000000001272,1.5080482567709946e-05,0.21604714073812906,10.027743745823635,10.35876715120473,185.96874662682887,186.94987155410732,30.219951546811238,250.0249382790075,40.62909309943182,0.007229855142917778,4.388244791454603e-05,0.007238631632500687
485,97.20000000001282,1.5080482567709946e-05,0.21604688934343008,10.027738076912254,10.358761124422802,185.96863842929417,186.94976278558931,30.21993396469427,250.02479281326262,40.62906946122464,0.007244935625485487,4.388244791454603e-05,0.0072537121150683965
486,97.40000000001292,1.5080482567709946e-05,0.216046637949017,10.027732408006823,10.358755097644247,185.96853023181924,186.94965401713122,30.219916382587012,250.02464734759914,40.62904582303069,0.007260016108053197,4.388244791454603e-05,0.007268792597636106
487,97.60000000001303,1.5080482567709946e-05,0.2160463865548909,10.027726739107342,10.358749070869047,185.9684220344052,186.9495452487343,30.219898800489645,250.02450188201666,40.629022184849894,0.007275096590620906,4.388244791454603e-05,0.0072838730802038155
488,97.80000000001313,1.5080482567709946e-05,0.21604613516104995,10.027721070213818,10.358743044097212,185.96831383705174,186.9494364803969,30.21988121840213,250.02435641651542,40.628998546682304,0.0072901770731886185,4.388244791453302e-05,0.007298953562771525
489,98.00000000001323,1.5080482567709946e-05,0.2160458837674943,10.027715401326255,10.358737017328735,185.96820563975845,186.9493277121192,30.219863636324387,250.0242109510952,40.62897490852788,0.007305257555756327,4.3882447914537354e-05,0.007314034045339235
490,98.20000000001333,1.5080482567709946e-05,0.21604563237422392,10.027709732444647,10.358730990563608,185.96809744252485,186.9492189439013,30.219846054256344,250.02406548575587,40.6289512703866,0.007320338038324034,4.3882447914550364e-05,0.007329114527906944
491,98.40000000001343,1.5080482567709946e-05,0.21604538098123854,10.027704063569,10.358724963801825,185.967989245352,186.94911017574313,30.21982847219817,250.02392002049723,40.62892763225843,0.007335418520891744,4.3882447914550364e-05,0.007344195010474654
492,98.60000000001354,1.5080482567709946e-05,0.21604512958853941,10.027698394699305,10.358718937043374,185.96788104823818,186.94900140764594,30.219810890149596,250.02377455531902,40.628903994143336,0.007350499003459454,4.388244791454603e-05,0.007359275493042363
493,98.80000000001364,1.5080482567709946e-05,0.216044878196124,10.027692725835578,10.358712910288261,185.96777285118435,186.94889263960746,30.219793308110766,250.02362909022136,40.62888035604133,0.007365579486027165,4.3882447914537354e-05,0.007374355975610073
494,99.00000000001374,1.5080482567709946e-05,0.2160446268039928,10.027687056977815,10.358706883536481,185.96766465419108,186.94878387162814,30.219775726081778,250.0234836252042,40.6288567179524,0.007380659968594876,4.388244791453302e-05,0.007389436458177782
495,99.20000000001384,1.5080482567709946e-05,0.21604437541214586,10.02768138812602,10.358700856788026,185.96755645725693,186.9486751037083,30.219758144062396,250.02333816026723,40.62883307987651,0.0073957404511625835,4.388244791454169e-05,0.007404516940745492
496,99.40000000001395,1.5080482567709946e-05,0.21604412402058293,10.02767571928019,10.358694830042891,185.9674482603823,186.9485663358477,30.21974056205269,250.02319269541042,40.62880944181364,0.007410820933730291,4.3882447914550364e-05,0.007419597423313201
497,99.60000000001405,1.5080482567709946e-05,0.21604387262930366,10.02767005044033,10.358688803301073,185.9673400635676,186.94845756804622,30.21972298005272,250.0230472306336,40.62878580376377,0.007425901416298004,4.388244791453302e-05,0.007434677905880911
498,99.80000000001415,1.5080482567709946e-05,0.21604362123830878,10.02766438160643,10.358682776562555,185.9672318668118,186.9483488003046,30.219705398062317,250.02290176593652,40.628762165726855,0.007440981898865714,4.388244791453302e-05,0.00744975838844862
499,100.00000000001425,1.5080482567709946e-05,0.21604336984759667,10.027658712778509,10.358676749827344,185.96712367011634,186.94824003262144,30.219687816081723,250.0227563013193,40.628738527702914,0.007456062381433422,4.388244791454169e-05,0.00746483887101633
