,time,Pitch_increment,Cp,Lambda_i,Lambda,Tem,Tm,Ia,Ea,w,pitch,dpitch,pitch_ref,Vx,actions.pitch,obs.error_wg,obs.pitch,obs.Vx,obs.pitch_ref,reward
0,0.20000000000000004,0.0,0.22392439241019182,9.972826342394919,10.300400282642215,185.6547595397674,196.43781064641527,30.168928594140798,249.61799575557114,40.562964873245186,0.0,0.0,0.0,12.349564517105028,0.0,-0.5629648732451855,0.0,12.349564517105028,0.0,-0.3152882098012888
1,0.4000000000000002,0.0,0.2181940878017793,10.015476416537984,10.34572766219078,186.47950724695562,190.57227545370503,30.30295023058052,250.71645108985865,40.741464043566076,0.0,0.0,0.0,12.349564517105028,0.0,-0.7414640435660758,0.0,12.349564517105028,0.0,-0.5451549101845619
2,0.6000000000000003,0.0,0.21636560788416268,10.02900077835113,10.360103496391762,186.74108215228802,188.71304312600785,30.345456195203,251.06483239758418,40.79807606268349,0.0,0.0,0.0,12.349564517105028,0.0,-0.7980760626834922,0.0,12.349564517105028,0.0,-0.6317700231453673
3,0.8000000000000005,0.0,0.21578438499249974,10.033291370349396,10.36466446857452,186.82407100704225,188.12328318932617,30.358941897586263,251.175362154071,40.816037166073706,0.0,0.0,0.0,12.349564517105028,0.0,-0.8160371660737056,0.0,12.349564517105028,0.0,-0.6633205696636877
4,1.0000000000000007,0.0,0.21559984992729456,10.034652764833908,10.366111679338985,186.85040361714147,187.93616202555245,30.36322095100644,251.2104335921267,40.82173628045687,0.0,0.0,0.0,12.349564517105028,0.0,-0.821736280456868,0.0,12.349564517105028,0.0,-0.6781080513197608
5,1.2000000000000008,-0.017451718550127168,0.21724330803545003,10.02251390275838,10.353208067302276,187.66061510412413,191.73669023421832,30.494880449300624,252.30433990748404,40.99949623446239,0.0,0.0,0.0,12.418799985034646,0.0,-0.9994962344623914,0.0,12.418799985034646,0.0,-0.9966025835448648
6,1.400000000000001,-0.017453168724564497,0.21553141181376492,10.035157558911376,10.366648296497354,187.9629707809514,190.0934190048672,30.5440132959179,252.70783059980434,41.06506353753174,0.0,0.0,0.0,12.422533838368114,0.0,-1.065063537531742,0.0,12.422533838368114,0.0,-1.1358057928260348
7,1.6000000000000012,-0.017453243625970158,0.21495681144326195,10.039393565318466,10.371151414017026,188.10163497810456,189.61781947060558,30.566546250488244,252.89330309280126,41.09520284778306,0.0,0.0,0.0,12.426253458846292,0.0,-1.0952028477830567,0.0,12.426253458846292,0.0,-1.2106146954349477
8,1.8000000000000014,-0.01745326131102427,0.21474183476580797,10.040977384359497,10.372835134714508,188.18846125308016,189.51033424516316,30.58065553428106,253.00973418753014,41.11412291959657,0.0,0.0,0.0,12.42995649707716,0.0,-1.1141229195965678,0.0,12.42995649707716,0.0,-1.2662386308931979
9,2.0000000000000013,-0.017453268593105375,0.2146404592090181,10.041724068409403,10.373628922653367,188.25871599057544,189.51866857550831,30.59207194054045,253.10409126132524,41.129455959421314,0.0,0.0,0.0,12.433640614142407,0.0,-1.129455959421314,0.0,12.433640614142407,0.0,-1.3178673305878785
10,2.199999999999997,-0.01745327275429458,0.21457503620037255,10.04220587847245,10.374141129215472,188.32349781829575,189.56318723808656,30.602598998072057,253.19115497244658,41.143603826626396,0.0,0.0,0.0,12.437303483074729,0.0,-1.1436038266263964,0.0,12.437303483074729,0.0,-1.360991786678568
11,2.399999999999993,-0.017453276915483783,0.21452109451522144,10.042603095798365,10.374563407390465,188.38628032097034,189.6187401913685,30.612801164958846,253.2755509352847,41.15731818430195,0.0,0.0,0.0,12.440942790327599,0.0,-1.1573181843019498,0.0,12.440942790327599,0.0,-1.4017266847062786
12,2.5999999999999885,-0.017453280036375685,0.2144709399089086,10.042972394824195,10.37495600680199,188.44813199684324,189.67736884668446,30.6228520723391,253.35870167539068,41.17083019308118,0.0,0.0,0.0,12.444556237236556,0.0,-1.17083019308118,0.0,12.444556237236556,0.0,-1.4422029758774177
13,2.7999999999999843,-0.017453282116970288,0.214422168192958,10.043331482788762,10.375337751760256,188.5093630737404,189.7365378067952,30.632802132284947,253.44101986029654,41.1842069115051,0.0,0.0,0.0,12.448141541471081,0.0,-1.1842069115051004,0.0,12.448141541471081,0.0,-1.4831640980545364
14,2.99999999999998,-0.01745328419756489,0.2143740425001287,10.043685786745838,10.37571441169073,188.5700449288,189.79542217956205,30.642662943592946,253.52260006171355,41.19746370749216,0.0,0.0,0.0,12.451696438476178,0.0,-1.1974637074921617,0.0,12.451696438476178,0.0,-1.5248739823996518
15,3.1999999999999758,-0.01745328523786219,0.21432635119077284,10.04403686573127,10.376087643973719,188.630173882676,189.85373662076023,30.65243390836876,253.60343689602956,41.21059970620451,0.0,0.0,0.0,12.455218682902702,0.0,-1.210599706204512,0.0,12.455218682902702,0.0,-1.5632779953186775
16,3.3999999999999715,-0.01745328627815949,0.21427904790749241,10.044385061709502,10.376457812130672,188.6897228468673,189.91136613893298,30.662110624726562,253.68349380806487,41.22360896741951,0.0,0.0,0.0,12.45870605002558,0.0,-1.2236089674195085,0.0,12.45870605002558,0.0,-1.6004798274235985
17,3.5999999999999672,-0.01745328731845679,0.21423213815956121,10.044730334791566,10.376824873735572,188.74865761554065,189.96824973520594,30.671687534212893,253.7627247686326,41.236484011386814,0.0,0.0,0.0,12.462156337148992,0.0,-1.236484011386814,0.0,12.462156337148992,0.0,-1.6371710855139985
18,3.799999999999963,-0.01745328835875409,0.21418564358896627,10.045072526365422,10.377188660146691,188.80694201429,190.02434375103257,30.681158758480883,253.84108113187568,41.249216933146734,0.0,0.0,0.0,12.46556736499764,0.0,-1.2492169331467338,0.0,12.46556736499764,0.0,-1.6735641465540254
19,3.9999999999999587,-0.01745328835875409,0.21413959070691285,10.045411442027625,10.377548964670822,188.8645395378056,190.07961033693647,30.690518365411776,253.9185138165827,41.26179975699445,0.0,0.0,0.0,12.468936979093224,0.0,-1.2617997569944492,0.0,12.468936979093224,0.0,-1.709709668233835
20,4.199999999999955,-0.017453289399051393,0.2140940073366859,10.045746877770386,10.377905570402726,188.92141388141934,190.13401383602766,30.6997604554911,253.9949740143817,41.27422455156158,0.0,0.0,0.0,12.472263051115258,0.0,-1.2742245515615807,0.0,12.472263051115258,0.0,-1.7456040655606229
21,4.399999999999951,-0.017453289399051393,0.2140489214828646,10.046078628303835,10.378258259072597,188.97752912414285,190.18751966030462,30.708879191552406,254.0704134337982,41.28648346947568,0.0,0.0,0.0,12.475543480245364,0.0,-1.2864834694756766,0.0,12.475543480245364,0.0,-1.7812257195358174
22,4.599999999999946,-0.017453289399051393,0.21400436096441072,10.046406489754398,10.37860681391478,189.03284980179302,190.24009395168864,30.71786881066018,254.1447843979265,41.29856876323182,0.0,0.0,0.0,12.478776194494193,0.0,-1.2985687632318204,0.0,12.478776194494193,0.0,-1.8165471385741783
23,4.799999999999942,-0.017453290439348693,0.21396035328830906,10.046730260592199,10.378951020653783,189.08734094531025,190.2917034898465,30.726723630336547,254.21803989574525,41.310472793531396,0.0,0.0,0.0,12.48195915201014,0.0,-1.310472793531396,0.0,12.48195915201014,0.0,-1.8515390467342354
24,4.999999999999938,-0.017453290439348693,0.2139169255990988,10.047049741999732,10.379290667896296,189.14096810790363,190.34231567743842,30.735438052972395,254.2901336185462,41.3221880352018,0.0,0.0,0.0,12.485090342369013,0.0,-1.3221880352017976,0.0,12.485090342369013,0.0,-1.8861717734835497
25,5.199999999999934,-0.017453290439348693,0.2138741046524667,10.047364738063328,10.379625547334824,189.19369738844887,190.39189854944757,30.744006569629512,254.36101999137094,41.33370708230486,0.0,0.0,0.0,12.48816778784387,0.0,-1.333707082304862,0.0,12.48816778784387,0.0,-1.9204157447034562
26,5.399999999999929,-0.017453290439348693,0.21383191679663752,10.047675055907145,10.379955453890233,189.24549545346642,190.44042078982784,30.752423763612057,254.43065420254885,41.34502265293684,0.0,0.0,0.0,12.49118954465419,0.0,-1.3450226529368408,0.0,12.49118954465419,0.0,-1.954241674949322
27,5.599999999999925,-0.017453290439348693,0.21379038795642916,10.047980505807468,10.380280185833337,189.29632955839799,190.4878517501667,30.76068431392399,254.49899223230162,41.35612759387661,0.0,0.0,0.0,12.494153704193604,0.0,-1.3561275938766073,0.0,12.494153704193604,0.0,-1.9876206602173678
28,5.799999999999921,-0.017453291479645996,0.21374954361837362,10.048280901299096,10.38059954489812,189.34616756841032,190.53416146869714,30.768782998649677,254.5659908807039,41.36701488512927,0.0,0.0,0.0,12.497058394235417,0.0,-1.3670148851292723,0.0,12.497058394235417,0.0,-2.02052423712731
29,5.9999999999999165,-0.017453291479645996,0.21370940881639014,10.048576059277599,10.38091333639051,189.39497797876837,190.57932068911404,30.77671469826456,254.6316077950777,41.377677644377776,0.0,0.0,0.0,12.499901780115136,0.0,-1.3776776443777763,0.0,12.499901780115136,0.0,-2.0529244302263203
30,6.199999999999912,-0.017453291479645996,0.21367000811787773,10.048865800098435,10.381221369293874,189.44272993480524,190.6233008790404,30.784474398880253,254.69580149683492,41.388109131344805,0.0,0.0,0.0,12.502682065889303,0.0,-1.3881091313448053,0.0,12.502682065889303,0.0,-2.0847937945167034
31,6.399999999999908,-0.017453291479645996,0.21363136561015736,10.049149947673449,10.381523456371694,189.4893932514731,190.66607424805537,30.792057195421574,254.75853140775985,41.39830275206373,0.0,0.0,0.0,12.505397495469827,0.0,-1.398302752063728,0.0,12.505397495469827,0.0,-2.116105455499748
32,6.599999999999904,-0.017453291479645996,0.2135935048872651,10.049428329564742,10.381819414267463,189.53493843246605,190.70761376527207,30.799458294734027,254.8197578757183,41.40825206305629,0.0,0.0,0.0,12.508046353733185,0.0,-1.4082520630562883,0.0,12.508046353733185,0.0,-2.1468331474505415
33,6.7999999999998995,-0.017453291479645996,0.21355644903709523,10.049700777075941,10.382109063601815,189.57933668890786,190.7478931764481,30.806673018620547,254.87944219977686,41.41795077541452,0.0,0.0,0.0,12.510626967603725,0.0,-1.4179507754145178,0.0,12.510626967603725,0.0,-2.176951250123864
34,6.999999999999895,-0.017453291479645996,0.2135202206288864,10.04996712534092,10.382392229066953,189.62255995758588,190.78688702060754,30.813696806804515,254.93754665471775,41.42739275878439,0.0,0.0,0.0,12.513137707110415,0.0,-1.4273927587843929,0.0,12.513137707110415,0.0,-2.206434823925728
35,7.199999999999891,-0.017453291479645996,0.213484841701059,10.050227213409924,10.382668739518301,189.66458091872718,190.8245706461706,30.82052521981839,254.99403451493313,41.43657204524868,0.0,0.0,0.0,12.515576986416367,0.0,-1.4365720452486812,0.0,12.515576986416367,0.0,-2.235259643533266
36,7.399999999999887,-0.017453291479645996,0.21345033374940875,10.050480884333055,10.382938428063369,189.70537301329938,190.86092022658195,30.827153941815094,255.04887007768355,41.44548283310641,0.0,0.0,0.0,12.517943264820492,0.0,-1.4454828331064107,0.0,12.517943264820492,0.0,-2.2634022299312893
37,7.599999999999882,-0.017453291479645996,0.21341671771565102,10.050727985241197,10.383201132147883,189.7449104598289,190.89591277542047,30.833578783300982,255.10201868570556,41.454119490546645,0.0,0.0,0.0,12.52023504773063,0.0,-1.4541194905466455,0.0,12.52023504773063,0.0,-2.2908398808321344
38,7.799999999999878,-0.017453291479645996,0.21338401397632367,10.050968367424304,10.383456693639118,189.78316827072493,190.92952616098623,30.839795683788484,255.15344674915525,41.46247655921429,0.0,0.0,0.0,12.522450887607576,0.0,-1.4624765592142879,0.0,12.522450887607576,0.0,-2.317550699447204
39,7.999999999999874,-0.017453292519943295,0.21335224233204683,10.051201886407064,10.383704958906444,189.82012226809601,190.9617391203529,30.845800714366316,255.20312176687216,41.47054875766548,0.0,0.0,0.0,12.524589384879372,0.0,-1.4705487576654832,0.0,12.524589384879372,0.0,-2.3435136215812884
40,8.19999999999987,-0.017453292519943295,0.21332142199714263,10.051428402021978,10.383945778899104,189.85574909905634,190.99253127287542,30.85159008018674,255.2510123469513,41.478330984710574,0.0,0.0,0.0,12.526649188825301,0.0,-1.4783309847105741,0.0,12.526649188825301,0.0,-2.368708441024952
41,8.399999999999865,-0.017453292519943295,0.21329157158962378,10.051647778479719,10.38417900922113,189.89002625050068,191.02188313315608,30.857160122866485,255.2970882266087,41.48581832264224,0.0,0.0,0.0,12.528628998429047,0.0,-1.4858183226422383,0.0,12.528628998429047,0.0,-2.393115833223062
42,8.599999999999861,-0.017453292519943295,0.21326270912153306,10.05185988443698,10.38440451020356,189.92293206335265,191.0497761234364,30.86250732280213,255.34132029132965,41.49300604034711,0.0,0.0,0.0,12.530527563200428,0.0,-1.4930060403471117,0.0,12.530527563200428,0.0,-2.4167173772025268
43,8.799999999999857,-0.017453292519943295,0.21323485198965392,10.052064593061623,10.384622146973795,189.95444574626342,191.07619258543005,30.867628301396106,255.38368059328656,41.499889596298665,0.0,0.0,0.0,12.532343683965243,0.0,-1.4998895962986651,0.0,12.532343683965243,0.0,-2.4394955757446395
44,8.999999999999853,-0.017453292519943295,0.21320801696658317,10.052261782095222,10.3848317895222,189.98454738876165,191.10111579157677,30.872519823193596,255.42414236901456,41.50646464142951,0.0,0.0,0.0,12.534076213622688,0.0,-1.5064646414295098,0.0,12.534076213622688,0.0,-2.461433873791727
45,9.199999999999848,-0.017453292519943295,0.21318222019217242,10.052451333912973,10.38503331276587,190.01321797384375,191.12452995571758,30.87717879792841,255.46268005633345,41.51272702188121,0.0,0.0,0.0,12.535724057869903,0.0,-1.5127270218812114,0.0,12.535724057869903,0.0,-2.482516675081027
46,9.399999999999844,-0.017453292519943295,0.2131574771653276,10.05263313558102,10.385226596609673,190.04043938999382,191.14642024317124,30.88160228247628,255.49926931050692,41.51867278163016,0.0,0.0,0.0,12.537286175893136,0.0,-1.5186727816301584,0.0,12.537286175893136,0.0,-2.5027293570030706
47,9.59999999999984,-0.017453292519943295,0.21313380273618415,10.052807078911105,10.385411526004438,190.06619444262898,191.16677278022456,30.885787482714694,255.53388701962592,41.52429816498738,0.0,0.0,0.0,12.538761581025168,0.0,-1.5242981649873784,0.0,12.538761581025168,0.0,-2.522058283683711
48,9.799999999999836,-0.017453292519943295,0.21311121109864106,10.052973060512654,10.385587991002415,190.09046686496086,191.18557466301158,30.889731755287897,255.56651131920927,41.529599618971126,0.0,0.0,0.0,12.54014934136849,0.0,-1.529599618971126,0.0,12.54014934136849,0.0,-2.5404908172941667
49,9.999999999999831,-0.017453292519943295,0.21308971578326633,10.053130981842239,10.385755886809946,190.1132413282692,191.20281396578898,30.893432609276356,255.59712160601097,41.53457379555058,0.0,0.0,0.0,12.541448580383928,0.0,-1.5345737955505783,0.0,12.541448580383928,0.0,-2.5580153275955704
50,10.199999999999827,-0.017453292519943295,0.21306932965056263,10.053280749250462,10.38591511383738,190.1345034515767,191.21847974859014,30.896887707768926,255.6256985510258,41.53921755375925,0.0,0.0,0.0,12.542658477444272,0.0,-1.5392175537592507,0.0,12.542658477444272,0.0,-2.574621199728155
51,10.399999999999823,-0.017453292519943295,0.21305006488460734,10.053422274026204,10.386065577746194,190.15423981072212,191.2325620642688,30.900094869337213,255.6522241116838,41.54352796167658,0.0,0.0,0.0,12.543778268352606,0.0,-1.5435279616765811,0.0,12.543778268352606,0.0,-2.590298840257867
52,10.599999999999818,-0.017453292519943295,0.2130319329870558,10.05355547243831,10.386207189493392,190.17243794682503,191.24505196491356,30.90305206941114,255.67668154322823,41.54750229827689,0.0,0.0,0.0,12.544807245824991,0.0,-1.5475022982768891,0.0,12.544807245824991,0.0,-2.6050396814977193
53,10.799999999999814,-0.017453292519943295,0.21301494477150837,10.0536802657747,10.386339865373147,190.1890863741384,191.25594150763243,30.905757441554936,255.69905540926814,41.55113805514413,0.0,0.0,0.0,12.5457447599372,0.0,-1.5511380551441292,0.0,12.5457447599372,0.0,-2.6188361841223347
54,10.99999999999981,-0.017453292519943295,0.21299911035824642,10.053796580378892,10.386463527055698,190.20417458728073,191.2652237597074,30.9082092786424,255.7193315914997,41.55443293805164,0.0,0.0,0.0,12.54659021853523,0.0,-1.5544329380516402,0.0,12.54659021853523,0.0,-2.6316818380985336
55,11.199999999999806,-0.017453292519943295,0.21298443916932794,10.053904347684009,10.386578101623567,190.21769306784697,191.27289280310634,30.910406033931167,255.7374972985904,41.55738486840581,0.0,0.0,0.0,12.547343087609303,0.0,-1.557384868405812,0.0,12.547343087609303,0.0,-2.6435711619568436
56,11.399999999999801,-0.017453292519943295,0.21297093992406163,10.054003504244113,10.38668352160493,190.2296332903905,191.27894373836978,30.91234632203478,255.75354107421845,41.55999198455248,0.0,0.0,0.0,12.54800289163118,0.0,-1.5599919845524823,0.0,12.54800289163118,0.0,-2.654499700431101
57,11.599999999999797,-0.017453292519943295,0.21295862063482804,10.054093991763134,10.38677972500443,190.2399877277772,191.28337268783656,30.914028919792717,255.7674528042668,41.562252642946,0.0,0.0,0.0,12.548569213854497,0.0,-1.5622526429459995,0.0,12.548569213854497,0.0,-2.6644640204981482
58,11.799999999999793,-0.017453292519943295,0.21294748860328092,10.05417575712113,10.386866655331142,190.248749855902,191.28617679824168,30.91545276703684,255.7792237231621,41.56416541917926,0.0,0.0,0.0,12.549041696578001,0.0,-1.564165419179261,0.0,12.549041696578001,0.0,-2.6734617058484815
59,11.999999999999789,-0.017453292519943295,0.21293755041689857,10.054248752398115,10.386944261623954,190.25591415777154,191.28735424265358,30.916616967254843,255.7888464193595,41.565729108875026,0.0,0.0,0.0,12.549420041371476,0.0,-1.5657291088750256,0.0,12.549420041371476,0.0,-2.681491349825124
60,12.199999999999784,-0.017453292519943295,0.2129288119459087,10.05431293489528,10.38701249847417,190.2614761269451,191.2869042217729,30.917520788149368,255.79631483996604,41.56694272843721,0.0,0.0,0.0,12.549704009264241,0.0,-1.566942728437212,0.0,12.549704009264241,0.0,-2.688552546866765
61,12.39999999999978,-0.017453292519943295,0.21292127834056981,10.054368267153741,10.387071326045474,190.26543227033522,191.28482696457738,30.918163662093136,255.80162429450232,41.567805515662144,0.0,0.0,0.0,12.549893420896089,0.0,-1.567805515662144,0.0,12.549893420896089,0.0,-2.694645882495829
62,12.599999999999776,-0.017453292519943295,0.21291495402881871,10.054414716970738,10.387120710091198,190.26778011036527,191.2811237283183,30.91854518647954,255.80477145779975,41.56831693020939,0.0,0.0,0.0,12.549988156630572,0.0,-1.5683169302093916,0.0,12.549988156630572,0.0,-2.699772921893317
63,12.799999999999772,-0.017453292519943295,0.21290984271427346,10.054452257413372,10.387160621968938,190.26851818648174,191.27579679786288,30.91866512396841,255.80575437203066,41.56847665393164,0.0,0.0,0.0,12.549988156630572,0.0,-1.56847665393164,0.0,12.549988156630572,0.0,-2.703936197103631
64,12.999999999999767,-0.017453292519943295,0.21290594737460203,10.054480866829806,10.387191038652508,190.26764605602304,191.26884948438942,30.918523402627148,255.8045724478717,41.568284591063744,0.0,0.0,0.0,12.549893420896089,0.0,-1.568284591063744,0.0,12.549893420896089,0.0,-2.7071391929156725
65,13.199999999999763,-0.017453292519943295,0.21290327026025258,10.054500528857961,10.387211942741184,190.2651642944392,191.26028612343453,30.918120115966484,255.80122646479796,41.56774086827054,0.0,0.0,0.0,12.549704009264241,0.0,-1.5677408682705405,0.0,12.549704009264241,0.0,-2.709386331466882
66,13.399999999999759,-0.017453292519943295,0.21290181289353444,10.054511232431786,10.387223322466387,190.2610744948696,191.25011207228226,30.917455522871833,255.79571857051087,41.56684583455385,0.0,0.0,0.0,12.549420041371476,0.0,-1.5668458345538525,0.0,12.549420041371476,0.0,-2.7106829556200305
67,13.599999999999755,-0.017453292519943295,0.2129015760680707,10.054512971784952,10.38722517169564,190.25537926707324,191.2383337067178,30.91653004742945,255.7880522794964,41.56560006101823,0.0,0.0,0.0,12.549041696578001,0.0,-1.5656000610182303,0.0,12.549041696578001,0.0,-2.7110353111620267
68,13.79999999999975,-0.017453292519943295,0.21290255984859552,10.054505746452165,10.387217489933946,190.24808223571637,191.22495841712188,30.91534427864819,255.77823247071916,41.564004340496204,0.0,0.0,0.0,12.548569213854499,0.0,-1.5640043404962043,0.0,12.548569213854499,0.0,-2.7104505278777222
69,13.999999999999746,-0.017453292519943295,0.2129047635711221,10.054489561267921,10.387200282322476,190.23918803801388,191.2099946039329,30.913898970076225,255.76626538444947,41.56205968703273,0.0,0.0,0.0,12.548002891631182,0.0,-1.562059687032729,0.0,12.548002891631182,0.0,-2.708936599550455
70,14.199999999999742,-0.017453292519943295,0.21290818584345694,10.054464426362857,10.387173559634686,190.22870232073288,191.19345167245797,30.91219503931413,255.75215861823006,41.55976733522972,0.0,0.0,0.0,12.547343087609304,0.0,-1.559767335229722,0.0,12.547343087609304,0.0,-2.706502362944534
71,14.399999999999737,-0.017453292519943295,0.2129128245460801,10.054430357157575,10.387137338269737,190.21663173655412,191.17534002705406,30.910233567423614,255.7359211219808,41.55712873945062,0.0,0.0,0.0,12.546590218535231,0.0,-1.5571287394506186,0.0,12.546590218535231,0.0,-2.70315747582365
72,14.599999999999733,-0.017453292519943295,0.2129186768333755,10.054387374354052,10.387091640243355,190.20298393979633,191.15567106466713,30.9080157982327,255.71756319224892,41.55414557288602,0.0,0.0,0.0,12.545744759937202,0.0,-1.5541455728860214,0.0,12.545744759937202,0.0,-2.6989123940622113
73,14.799999999999729,-0.017453292519943295,0.21292573913521584,10.054335503924584,10.387036493176048,190.1877675815096,191.13445716774046,30.90554313753845,255.69709646560605,41.55081972648071,0.0,0.0,0.0,12.544807245824993,0.0,-1.5508197264807109,0.0,12.544807245824993,0.0,-2.6937783479055657
74,14.999999999999725,-0.017453292519943295,0.21293400715891234,10.05427477709822,10.386971930278678,190.17099230393305,191.1117116965037,30.902817152206275,255.6745339111959,41.547153307722645,0.0,0.0,0.0,12.543778268352607,0.0,-1.5471533077226454,0.0,12.543778268352607,0.0,-2.6877673174362187
75,15.19999999999972,-0.017453292519943295,0.212943475891506,10.054205230344813,10.38689799033546,190.1526687343292,191.08744898062795,30.899839569168066,255.64988982244077,41.54314863929527,0.0,0.0,0.0,12.542658477444276,0.0,-1.5431486392952678,0.0,12.542658477444276,0.0,-2.680892007304859
76,15.399999999999716,-0.017453292519943295,0.21295413960242268,10.054126905356565,10.386814717684313,190.1328084781935,191.06168431027095,30.89661227431872,255.62317980790843,41.53880825759338,0.0,0.0,0.0,12.541448580383932,0.0,-1.5388082575933808,0.0,12.541448580383932,0.0,-2.673165820783133
77,15.599999999999712,-0.017453292519943295,0.2129659918464788,10.054039849027133,10.386722162194625,190.11142411184565,191.0344339265083,30.89313731131223,255.59442078134882,41.5341349111041,0.0,0.0,0.0,12.540149341368494,0.0,-1.534134911104097,0.0,12.540149341368494,0.0,-2.6646028331976606
78,15.799999999999708,-0.017453292519943295,0.21297902546723962,10.053944113428285,10.386620379242373,190.08852917440674,191.00571501115775,30.889416880257976,255.56363095090418,41.52913155865349,0.0,0.0,0.0,12.53876158102517,0.0,-1.5291315586534893,0.0,12.53876158102517,0.0,-2.6552177648030457
79,15.999999999999703,-0.017453292519943295,0.21299323260073244,10.053839755784091,10.386509429682654,190.06413815916832,190.97554567600423,30.88545333631819,255.53082980750193,41.523801367520434,0.0,0.0,0.0,12.53728617589314,0.0,-1.5238013675204343,0.0,12.53728617589314,0.0,-2.6450259531532003
80,16.199999999999733,-0.017453292519943295,0.2130086046795095,10.053726838442685,10.386389379819605,190.03826650435732,190.94394495142944,30.881249188207253,255.49603811243696,41.51814771141872,0.0,0.0,0.0,12.535724057869906,0.0,-1.5181477114187203,0.0,12.535724057869906,0.0,-2.6340433250292348
81,16.399999999999764,-0.017453292519943295,0.2130251324370661,10.053605428845533,10.386260301373682,190.01093058330744,190.9109327744584,30.876807096594558,255.45927788415096,41.5121741683487,0.0,0.0,0.0,12.534076213622692,0.0,-1.5121741683487002,0.0,12.534076213622692,0.0,-2.6222863679822908
82,16.599999999999795,-0.017453292519943295,0.2130428059126077,10.053475599494286,10.386122271446366,189.9821476940358,190.8765299762234,30.872129872410692,255.42057238421862,41.505884518320045,0.0,0.0,0.0,12.532343683965246,0.0,-1.5058845183200447,0.0,12.532343683965246,0.0,-2.6097721015496687
83,16.799999999999827,-0.017453292519943295,0.21306161445616809,10.053337427915169,10.385975372482235,189.95193604823848,190.8407582688572,30.867220475059227,255.37994610254876,41.49928274094692,0.0,0.0,0.0,12.530527563200431,0.0,-1.4992827409469172,0.0,12.530527563200431,0.0,-2.596518048201722
84,16.999999999999858,-0.017453292519943295,0.21308154673408336,10.05319099662087,10.385819692228388,189.9203147597088,190.80364023182833,30.86208201053469,255.3374247418098,41.492373012917106,0.0,0.0,0.0,12.528628998429049,0.0,-1.4923730129171062,0.0,12.528628998429049,0.0,-2.5825422040766988
85,17.19999999999989,-0.017453292519943295,0.21310259073480664,10.053036393070045,10.385655323691312,189.88730383218717,190.76519929771175,30.856717729448146,255.29303520109133,41.48515970533705,0.0,0.0,0.0,12.526649188825305,0.0,-1.4851597053370469,0.0,12.526649188825305,0.0,-2.56786300956066
86,17.39999999999992,-0.017453292519943295,0.21312473377508204,10.0528737096243,10.385482365091097,189.85292414664832,190.7254597374233,30.85113102496138,255.24680555881025,41.477647380954046,0.0,0.0,0.0,12.524589384879373,0.0,-1.4776473809540462,0.0,12.524589384879373,0.0,-2.552499319767729
87,17.59999999999995,-0.017453292519943295,0.21314796250645965,10.052703043502762,10.38530091981304,189.81719744803763,190.6844466449108,30.845325430631547,255.1987650548742,41.46984079125785,0.0,0.0,0.0,12.52245088760758,0.0,-1.4698407912578517,0.0,12.52245088760758,0.0,-2.536470374976411
88,17.799999999999983,-0.017453292519943295,0.2131722629221658,10.052524496734138,10.385111096356626,189.78014633146054,190.64218592132278,30.839304618166956,255.14894407211267,41.46174487346318,0.0,0.0,0.0,12.520235047730633,0.0,-1.4617448734631822,0.0,12.520235047730633,0.0,-2.519795771075831
89,18.000000000000014,-0.017453292519943295,0.21319762036431586,10.05233817610636,10.38491300828188,189.7417942278387,190.59870425865728,30.833072395096185,255.0973741169879,41.45336474737528,0.0,0.0,0.0,12.517943264820493,0.0,-1.4533647473752822,0.0,12.517943264820493,0.0,-2.5024954300753888
90,18.200000000000045,-0.017453291479645996,0.21322401953147804,10.052144193113735,10.384706774153123,189.70216538903944,190.5540291229062,30.826632702351613,255.0440877995994,41.44470571214062,0.0,0.0,0.0,12.515576986416368,0.0,-1.4447057121406175,0.0,12.515576986416368,0.0,-2.484589570730236
91,18.400000000000077,-0.017453291479645996,0.21325144448658068,10.051942663901638,10.38449251748008,189.66128487248653,190.50818873670138,30.819989611768673,254.98911881299261,41.435773242884544,0.0,0.0,0.0,12.513137707110415,0.0,-1.4357732428845438,0.0,12.513137707110415,0.0,-2.466098679333278
92,18.600000000000108,-0.017453291479645996,0.21327987866516682,10.051733709208753,10.384270366656372,189.61917852526756,190.46121206147708,30.8131473235033,254.93250191178677,41.42657298723834,0.0,0.0,0.0,12.510626967603725,0.0,-1.4265729872383375,0.0,12.510626967603725,0.0,-2.4470434807239467
93,18.80000000000014,-0.017453291479645996,0.21330930488399266,10.051517454306826,10.384040454895395,189.5758729677407,190.41312877915857,30.80611016336803,254.87427289013516,41.417110761757726,0.0,0.0,0.0,12.508046353733185,0.0,-1.4171107617577263,0.0,12.508046353733185,0.0,-2.427444909562207
94,19.00000000000017,-0.017453291479645996,0.21333970534996813,10.051294028937994,10.383802920163584,189.53139557666012,190.3639692733858,30.798882580089852,254.8144685590324,41.407392548235315,0.0,0.0,0.0,12.505397495469825,0.0,-1.4073925482353147,0.0,12.505397495469825,0.0,-2.4073240819151893
95,19.200000000000202,-0.017453291479645996,0.21337106166944608,10.051063567249582,10.38355790511101,189.48577446782113,190.3137646102944,30.79146914249008,254.75312672298136,41.397424489908964,0.0,0.0,0.0,12.502682065889301,0.0,-1.397424489908964,0.0,12.502682065889301,0.0,-2.386702267201753
96,19.400000000000233,-0.017453291479645996,0.2134033548578429,10.05082620772652,10.383305556999423,189.43903847824478,190.2625465188478,30.783874536589316,254.69028615603773,41.38721288756902,0.0,0.0,0.0,12.499901780115135,0.0,-1.3872128875690208,0.0,12.499901780115135,0.0,-2.3656008605400105
97,19.600000000000264,-0.017453291479645996,0.21343656534960842,10.050582093121236,10.383046027627632,189.39121714790855,190.21034737075294,30.776103562638703,254.625986577245,41.37676419556651,0.0,0.0,0.0,12.497058394235413,0.0,-1.3767641955665084,0.0,12.497058394235413,0.0,-2.344041355539964
98,19.800000000000296,-0.017453291479645996,0.21347067300852843,10.050331370381139,10.382779473254306,189.3423407010368,190.15720015995862,30.768161132079612,254.56026862547674,41.36608501772499,0.0,0.0,0.0,12.494153704193602,0.0,-1.3660850177249912,0.0,12.494153704193602,0.0,-2.322045317582594
99,20.000000000000327,-0.017453291479645996,0.21350565713836647,10.05007419057361,10.382506054518137,189.2924400269579,190.10313848175497,30.760052264432925,254.49317383370223,41.35518210315872,0.0,0.0,0.0,12.491189544654187,0.0,-1.3551821031587181,0.0,12.491189544654187,0.0,-2.29963435762484
100,20.200000000000358,-0.017453291479645996,0.2135414964938428,10.049810708808572,10.382225936355407,189.24154666055247,190.04819651148995,30.751782084121864,254.42474460269074,41.34406234199959,0.0,0.0,0.0,12.488167787843865,0.0,-1.3440623419995887,0.0,12.488167787843865,0.0,-2.276830106567959
101,20.40000000000039,-0.017453290439348693,0.2135781692919396,10.04954108415862,10.381939287914998,189.18969276228927,189.9924089829053,30.743355817227826,254.35502417417376,41.332732761036,0.0,0.0,0.0,12.485090342369007,0.0,-1.3327327610359987,0.0,12.485090342369007,0.0,-2.253654190225703
102,20.60000000000042,-0.017453290439348693,0.21361565322354847,10.049265479576686,10.381646282470737,189.13691109787337,189.9358111661249,30.734778788183213,254.28405660347875,41.321200519265815,0.0,0.0,0.0,12.481959152010134,0.0,-1.3212005192658154,0.0,12.481959152010134,0.0,-2.230128204925629
103,20.800000000000452,-0.017453290439348693,0.21365392546543335,10.048984061811346,10.381347097331277,189.08323501751644,189.87843884528473,30.72605641640284,254.21188673165588,41.30947290336699,0.0,0.0,0.0,12.478776194494188,0.0,-1.3094729033669879,0.0,12.478776194494188,0.0,-2.2062736937767684
104,21.000000000000483,-0.017453290439348693,0.21369296269253574,10.048697001319606,10.381041913747262,189.02869843483694,189.8203282958488,30.71719421285522,254.13856015711076,41.29755732308782,0.0,0.0,0.0,12.475543480245356,0.0,-1.2975573230878226,0.0,12.475543480245356,0.0,-2.182112123632769
105,21.200000000000514,-0.017453290439348693,0.21373274109058918,10.04840447217739,10.380730916816074,188.97333580541454,189.76151626159358,30.70819777657764,254.0641232067664,41.28546130656085,0.0,0.0,0.0,12.472263051115249,0.0,-1.2854613065608476,0.0,12.472263051115249,0.0,-2.1576648627803587
106,21.400000000000546,-0.017453289399051393,0.21377323636906584,10.04810665198756,10.380414295383943,188.91718210499945,189.70203993130306,30.699072791135205,253.9886229067681,41.27319249554231,0.0,0.0,0.0,12.468936979093215,0.0,-1.273192495542311,0.0,12.468936979093215,0.0,-2.13295315937827
107,21.600000000000577,-0.017453289399051393,0.21381442377443133,10.047803721785627,10.380092241945619,188.86027280740296,189.6419369151673,30.689825021028003,253.91210695275367,41.260758640581116,0.0,0.0,0.0,12.46556736499763,0.0,-1.2607586405811162,0.0,12.46556736499763,0.0,-2.1079981206721854
108,21.80000000000061,-0.017453289399051393,0.2138562781037272,10.047495865943006,10.379764952541409,188.80264386207273,189.58124522092362,30.680460308047127,253.83462367970415,41.24816759611952,0.0,0.0,0.0,12.462156337148983,0.0,-1.2481675961195222,0.0,12.462156337148983,0.0,-2.082820693007202
109,22.00000000000064,-0.01745328835875409,0.21389877371845237,10.04718327206802,10.379432626651857,188.7443316713748,189.52000322972924,30.670984567582973,253.7562220313976,41.23542731552943,0.0,0.0,0.0,12.45870605002557,0.0,-1.235427315529428,0.0,12.45870605002557,0.0,-2.057441642659203
110,22.20000000000067,-0.01745328835875409,0.21394188455875926,10.046866130904528,10.379095467089861,188.68537306759046,189.45824967180113,30.661403784887234,253.67695152948292,41.222545846086824,0.0,0.0,0.0,12.455218682902691,0.0,-1.222545846086824,0.0,12.455218682902691,0.0,-2.031881537502863
111,22.400000000000702,-0.01745328731845679,0.2139855841579527,10.046544636228251,10.378753679890389,188.62580528965057,189.39602360183085,30.65172401129223,253.59686224219453,41.20953132388794,0.0,0.0,0.0,12.451696438476166,0.0,-1.209531323887937,0.0,12.451696438476166,0.0,-2.006160729533096
112,22.600000000000733,-0.01745328627815949,0.214029845657285,10.046218984740856,10.378407474197758,188.56566595961112,189.3333643741883,30.64195136038817,253.51600475272704,41.19639196871012,0.0,0.0,0.0,12.448141541471069,0.0,-1.1963919687101168,0.0,12.448141541471069,0.0,-1.980299338254102
113,22.800000000000765,-0.01745328523786219,0.2140746418210497,10.045889375961734,10.378057062150523,188.50499305889454,189.2703116179355,30.632092004162367,253.4344301272906,41.1831360788208,0.0,0.0,0.0,12.444556237236542,0.0,-1.1831360788208016,0.0,12.444556237236542,0.0,-1.9543172349484017
114,23.000000000000796,-0.017453283157267588,0.2141199450519637,10.045556012117592,10.37770265876401,188.44382490430823,189.20690521166364,30.622152169102257,253.35218988286584,41.16977202573773,0.0,0.0,0.0,12.440942790327584,0.0,-1.1697720257377284,0.0,12.440942790327584,0.0,-1.9282340278360173
115,23.200000000000827,-0.017453282116970288,0.21416572740683404,10.045219098029829,10.3773444818105,188.3822001238542,189.14318525816984,30.61213813226444,253.26933595468057,41.156308248943844,0.0,0.0,0.0,12.437303483074714,0.0,-1.1563082489438443,0.0,12.437303483074714,0.0,-1.9020690481321525
116,23.40000000000086,-0.017453278996078386,0.21421196061250253,10.044878840999777,10.376982751697144,188.32015763234622,189.07919205898756,30.60205621731248,253.18592066342714,41.14275325056016,0.0,0.0,0.0,12.433640614142393,0.0,-1.1427532505601619,0.0,12.433640614142393,0.0,-1.8758413370094966
117,23.60000000000089,-0.017453276915483783,0.2142586160820722,10.044535450691747,10.376617691341572,188.25773660685024,189.01496608879899,30.591912790525956,253.1019966822416,41.129115589979854,0.0,0.0,0.0,12.429956497077146,0.0,-1.129115589979854,0.0,12.429956497077146,0.0,-1.8495696334692182
118,23.80000000000092,-0.01745327275429458,0.21430566493138797,10.044189139014076,10.37624952604535,188.19497646196257,188.95054796972255,30.581714256783176,253.0176170034664,41.11540387846717,0.0,0.0,0.0,12.426253458846276,0.0,-1.1154038784671698,0.0,12.426253458846276,0.0,-1.8232723631231122
119,24.000000000000952,-0.017453268593105375,0.2143530779957882,10.043840119998077,10.375878483365222,188.13191682494408,188.88597844551595,30.57146705552047,252.93283490521654,41.10162677372446,0.0,0.0,0.0,12.422533838368096,0.0,-1.1016267737244618,0.0,12.422533838368096,0.0,-1.796967627886927
120,24.200000000000983,-0.017453263391618873,0.21440082584711065,10.043488609674963,10.375504792982216,188.06859751072108,188.82129835570163,30.561177656669834,252.84770391776982,41.08779297443057,0.0,0.0,0.0,12.418799985034628,0.0,-1.0877929744305703,0.0,12.418799985034628,0.0,-1.7706731965829698
121,24.400000000001015,-0.017453257149835068,0.2144488788109425,10.043134825950842,10.375128686568685,188.00505849677376,188.75654860962786,30.550852556578292,252.76227778980345,41.073911214754276,0.0,0.0,0.0,12.415054257227665,0.0,-1.0739112147542755,0.0,12.415054257227665,0.0,-1.744406496448597
122,24.600000000001046,-0.017453249867753963,0.21449720698411018,10.04277898847981,10.374750397653328,187.94133989792368,188.6917701604854,30.540498273910874,252.67661045449833,41.05999025884624,0.0,0.0,0.0,12.411299020829171,0.0,-1.0599902588462413,0.0,12.411299020829171,0.0,-1.718184605545014
123,24.800000000001077,-0.017453240505078255,0.21454578025240448,10.04242131853515,10.37437016148423,187.8774819410411,188.62700397929987,30.530121345540525,252.59075599553086,41.04603889531266,0.0,0.0,0.0,12.407536647726946,0.0,-1.0460388953126625,0.0,12.407536647726946,0.0,-1.6920242460586696
124,25.00000000000111,-0.017453229061807945,0.2145945683085308,10.042062038878727,10.373988214889959,187.8135249396815,188.56229102891442,30.51972832242657,252.5047686129744,41.032065931674275,0.0,0.0,0.0,12.403769514316481,0.0,-1.0320659316742749,0.0,12.403769514316481,0.0,-1.6659417784862172
125,25.20000000000114,-0.017453214497645735,0.2146435406702698,10.041701373628678,10.373604796138865,187.74950926867405,188.49767223797258,30.509325765485297,252.41870258913312,41.018080188814324,0.0,0.0,0.0,12.399999999999979,0.0,-1.0180801888143236,0.0,12.399999999999979,0.0,-1.6399531966921153
126,25.40000000000117,-0.017453197852888923,0.2146926666988511,10.041339548125356,10.373220144796537,187.68547533867277,188.43318847493168,30.498920241454567,252.33261225432693,41.00409049541862,0.0,0.0,0.0,12.396230485683478,0.0,-1.0040904954186232,0.0,12.396230485683478,0.0,-1.6140741238257406
127,25.600000000001202,-0.017453176006645605,0.2147419156175211,10.040976788795685,10.372834501581556,187.62146357068897,188.36888052211035,30.48851831875528,252.24655195265132,40.990105682411524,0.0,0.0,0.0,12.392463352273014,0.0,-0.9901056824115244,0.0,12.392463352273014,0.0,-1.5883198090838866
128,25.800000000001234,-0.017453151039510385,0.21479125653030107,10.040613323015958,10.372448108219622,187.5575143706205,188.30478904979566,30.478126563352397,252.16057600773271,40.97613457739114,0.0,0.0,0.0,12.388700979170787,0.0,-0.976134577391143,0.0,12.388700979170787,0.0,-1.5627051253023936
129,26.000000000001265,-0.01745311983059136,0.21484065844092404,10.040249378973101,10.372061207296037,187.4936681037926,188.2409545904241,30.467751534617832,252.07473868849965,40.962185999067195,0.0,0.0,0.0,12.384945742772295,0.0,-0.962185999067195,0.0,12.384945742772295,0.0,-1.5372445673590645
130,26.200000000001296,-0.017453081339591232,0.2148900902719389,10.03988518552458,10.371674042106761,187.42996506952827,188.17741751284998,30.457399781198127,251.98909417499405,40.948268751705285,0.0,0.0,0.0,12.381200014965332,0.0,-0.9482687517052852,0.0,12.381200014965332,0.0,-1.5119522513689925
131,26.400000000001327,-0.017453035566509994,0.21493952088397245,10.039520972056925,10.371286856507993,187.36644547576182,188.11421799672203,30.447077836889136,251.90369652424027,40.934391619580666,0.0,0.0,0.0,12.377466161631862,0.0,-0.9343916195806656,0.0,12.377466161631862,0.0,-1.486841914651129
132,26.60000000000136,-0.01745297835015845,0.2149889190951384,10.03915696834301,10.370899894764445,187.30314941371455,188.05139600698269,30.436792216520832,251.81859963619695,40.92056336144537,0.0,0.0,0.0,12.373746541153684,0.0,-0.9205633614453674,0.0,12.373746541153684,0.0,-1.4619269164443394
133,26.80000000000139,-0.0174529096905366,0.21503825370058216,10.038793404398133,10.37051340139635,187.24011683264308,187.98899126850674,30.426549411853912,251.73385721980955,40.90679270501176,0.0,0.0,0.0,12.370043502922814,0.0,-0.9067927050117603,0.0,12.370043502922814,0.0,-1.4372202393490792
134,27.00000000000142,-0.017452827507049833,0.21508749349214815,10.038430510335033,10.370127621025318,187.1773875146833,187.92704324089544,30.416355887491925,251.649522759188,40.89308834145639,0.0,0.0,0.0,12.366359385857567,0.0,-0.8930883414563908,0.0,12.366359385857567,0.0,-1.4127344914702538
135,27.200000000001452,-0.017452726598211656,0.21513660727816075,10.038068516217857,10.369742798219125,187.11500104980036,187.86559109344373,30.406218076810635,251.56564947992746,40.87945891994713,0.0,0.0,0.0,12.362696516925245,0.0,-0.8794589199471332,0.0,12.362696516925245,0.0,-1.3884819092348473
136,27.400000000001484,-0.01745260488342746,0.21518556390330462,10.037707651915227,10.369359177335506,187.05299681085864,187.80467368029605,30.39614237790691,251.48229031559555,40.86591304219732,0.0,0.0,0.0,12.359057209672375,0.0,-0.8659130421973202,0.0,12.359057209672375,0.0,-1.3644743608573626
137,27.600000000001515,-0.017452458201508043,0.21523433226858674,10.037348146952509,10.36897700236514,186.99141392883735,187.74432951580107,30.38613514957122,251.3994978744063,40.852459257050285,0.0,0.0,0.0,12.355443762763418,0.0,-0.8524592570502847,0.0,12.355443762763418,0.0,-1.340723350424789
138,27.800000000001546,-0.017452281350966905,0.21528288135138018,10.036990230363307,10.368596516773797,186.9302912681926,187.68459675009439,30.37620270728401,251.3173244061009,40.83910605509745,0.0,0.0,0.0,12.351858458528891,0.0,-0.839106055097453,0.0,12.351858458528891,0.0,-1.3172400225715801
139,28.000000000001577,-0.017452069130317542,0.2153311802255222,10.036634130540355,10.368217963343858,186.8696674023948,187.62551314491068,30.366351319240476,251.23582176905643,40.825861863333536,0.0,0.0,0.0,12.348303561523796,0.0,-0.825861863333536,0.0,12.348303561523796,0.0,-1.2940351677145439
140,28.20000000000161,-0.01745181425747884,0.2153791980814604,10.036280075085887,10.36784158401528,186.80958058964657,187.5671160496493,30.35658720240477,251.1550413976431,40.81273503985204,0.0,0.0,0.0,12.34478131709727,0.0,-0.8127350398520434,0.0,12.34478131709727,0.0,-1.2711192278163908
141,28.40000000000164,-0.017451510490667003,0.2154269042464293,10.035928290661603,10.367467619726146,186.75006874880518,187.5094423777028,30.34691651859736,251.07503426985141,40.799733868584724,0.0,0.0,0.0,12.341293949974393,0.0,-0.799733868584724,0.0,12.341293949974393,0.0,-1.2485023026462603
142,28.60000000000167,-0.017451150547800925,0.21547426820465326,10.035579002838247,10.367096310252801,186.69116943551356,187.45252858307583,30.337345370616326,250.9958508752056,40.78686655408747,0.0,0.0,0.0,12.337843662850979,0.0,-0.7868665540874673,0.0,12.337843662850979,0.0,-1.2261941565039458
143,28.800000000001702,-0.017450724025907593,0.2155212596175405,10.0352324359451,10.366727894049902,186.6329198185675,187.39641063728843,30.32787979839702,250.91754118298905,40.77414121637694,0.0,0.0,0.0,12.334432635002331,0.0,-0.7741412163769397,0.0,12.334432635002331,0.0,-1.2042042253753253
144,29.000000000001734,-0.017450218441419394,0.2155678483438776,10.034888812919272,10.366362608090265,186.5753566565225,187.34112400660067,30.31852577521068,250.84015461079605,40.76156588582025,0.0,0.0,0.0,12.331063020906749,0.0,-0.7615658858202465,0.0,12.331063020906749,0.0,-1.1825416244843887
145,29.200000000001765,-0.01744962131076873,0.2156140044599888,10.034548355155115,10.366000687704842,186.51851627456182,187.28670362955572,30.3092892039055,250.76373999343335,40.74914849808142,0.0,0.0,0.0,12.327736948884715,0.0,-0.7491484980814178,0.0,12.327736948884715,0.0,-1.161215156207976
146,29.400000000001796,-0.01744891806979338,0.21565969827986184,10.034211282353697,10.365642366422763,186.46243454163738,187.23318389487005,30.30017591319199,250.68834555218788,40.73689688912742,0.0,0.0,0.0,12.324456519754607,0.0,-0.7368968891274221,0.0,12.324456519754607,0.0,-1.140233318318118
147,29.600000000001828,-0.017448092073736536,0.2157049003752079,10.033877812372614,10.365287875811758,186.40714684789907,187.18059861967012,30.291191653975254,250.61401886448294,40.72481879029727,0.0,0.0,0.0,12.321223805505777,0.0,-0.7248187902972703,0.0,12.321223805505777,0.0,-1.1196043125171915
148,29.80000000000186,-0.01744712459724678,0.2157495815954561,10.033548161076128,10.36493744531891,186.35268808242336,187.12898102810348,30.282342095735892,250.5408068339381,40.712921823436766,0.0,0.0,0.0,12.318040847989831,0.0,-0.7129218234367656,0.0,12.318040847989831,0.0,-1.0993360532301972
149,30.00000000000189,-0.0174459969149727,0.2157937130876526,10.033222542185873,10.364591302112023,186.29909261125863,187.0783637303262,30.27363282296235,250.46875566085487,40.70121349610241,0.0,0.0,0.0,12.314909657630958,0.0,-0.7012134961024117,0.0,12.314909657630958,0.0,-1.0794361766189637
150,30.20000000000192,-0.017444686140373675,0.2158372663162621,10.032901167132128,10.364249670921614,186.24639425580165,187.02877870189175,30.2650693316371,250.3979108131437,40.68970119683705,0.0,0.0,0.0,12.3118322121561,0.0,-0.6897011968370492,0.0,12.3118322121561,0.0,-1.0599120497824128
151,30.400000000001953,-0.01744316730631449,0.21588021308283784,10.032584244905927,10.363912773883769,186.19462627151376,186.9802572635393,30.25665702577801,250.3283169977125,40.678392190520476,0.0,0.0,0.0,12.30881045534578,0.0,-0.6783921905204764,0.0,12.30881045534578,0.0,-1.0407707801074504
152,30.600000000001984,-0.01744141440536262,0.2159225255455637,10.032271981911997,10.363580830383905,186.14382132699234,186.9328300614113,30.248401214037468,250.26001813233293,40.66729361379772,0.0,0.0,0.0,12.305846295806367,0.0,-0.6672936137977175,0.0,12.305846295806367,0.0,-1.0220192247348716
153,30.800000000002015,-0.017439400389788248,0.21596417623863198,10.031964581822773,10.36325405690167,186.09401148341436,186.88652704769595,30.240307106361943,250.19305731800307,40.65641247058797,0.0,0.0,0.0,12.302941605764556,0.0,-0.6564124705879735,0.0,12.302941605764556,0.0,-1.0036640001049555
154,31.000000000002046,-0.01743709405067235,0.21600513809145838,10.031662245433518,10.36293266685703,186.04522817435932,186.84137746172314,30.2323798107132,250.1274768118228,40.645755627676834,0.0,0.0,0.0,12.300098219884834,0.0,-0.6457556276768344,0.0,12.300098219884834,0.0,-0.9857114915475267
155,31.200000000002078,-0.017434465219393194,0.21604538444770377,10.03136517051875,10.362616870457739,185.99750218602563,186.79740981151292,30.224624329853498,250.0633180003992,40.63532981039468,0.0,0.0,0.0,12.29731793411067,0.0,-0.6353298103946798,0.0,12.29731793411067,0.0,-0.9681678628817397
156,31.40000000000211,-0.017431481646734467,0.21608488908409176,10.031073551690099,10.362306874548333,185.95086363785484,186.75465185579324,30.21704555819697,250.00062137379868,40.625141598383884,0.0,0.0,0.0,12.294602504530145,0.0,-0.625141598383884,0.0,12.294602504530145,0.0,-0.9510390659911372
157,31.60000000000214,-0.017428109002885234,0.21612362622900447,10.030787580255687,10.362002882460756,185.90534196357424,186.71313058649915,30.209648278729095,249.93942650006144,40.61519742145741,0.0,0.0,0.0,12.291953646266787,0.0,-0.6151974214574096,0.0,12.291953646266787,0.0,-0.9343308503399494
158,31.80000000000217,-0.01742431607892647,0.21616157058084048,10.030507444081216,10.361705093866785,185.8609658926676,186.67287221176332,30.202437159995643,249.8797720002946,40.60550355555143,0.0,0.0,0.0,12.289373032396247,0.0,-0.6055035555514294,0.0,12.289373032396247,0.0,-0.9180487723972841
159,32.0000000000022,-0.017420069585344557,0.21619869732611602,10.030233327452862,10.361413704632406,185.81776343229257,186.63390213940733,30.195416753164295,249.82169552435963,40.59606611877456,0.0,0.0,0.0,12.286862292889557,0.0,-0.5960661187745586,0.0,12.286862292889557,0.0,-0.9021982049364075
160,32.20000000000216,-0.017415338313220462,0.21623498215729434,10.029965410942122,10.361128906674232,185.77576184964383,186.59624496094685,30.18859148915861,249.76523372716812,40.58689106755589,0.0,0.0,0.0,12.284423013583606,0.0,-0.5868910675558894,0.0,12.284423013583606,0.0,-0.8867843461768716
161,32.40000000000212,-0.01741009521482437,0.21627040129032105,10.02970387127278,10.360850887818193,185.73498765478814,186.5599244361133,30.18196567586875,249.71042224560304,40.57798419289469,0.0,0.0,0.0,12.282056735179482,0.0,-0.5779841928946894,0.0,12.282056735179482,0.0,-0.871812228738377
162,32.60000000000208,-0.017404314282723758,0.21630493148186514,10.029448881190017,10.360579831660528,185.69546658396735,186.52496347791924,30.17554349543819,249.65729567607627,40.56935111671351,0.0,0.0,0.0,12.279764952269344,0.0,-0.5693511167135128,0.0,12.279764952269344,0.0,-0.85728672837553
163,32.80000000000204,-0.017397974710972607,0.21633855004622213,10.02920060933197,10.36031591743133,185.6572235833909,186.4913841382503,30.169329001630025,249.60588755274017,40.560997288317566,0.0,0.0,0.0,12.2775491123924,0.0,-0.5609972883175658,0.0,12.2775491123924,0.0,-0.8432125724641688
164,33.000000000002004,-0.017391061935408708,0.21637123487189083,10.028959220103689,10.360059319860698,185.6202827935227,186.4592075940187,30.16332611727356,249.5562303263639,40.55292798096212,0.0,0.0,0.0,12.275410615120608,0.0,-0.5529279809621173,0.0,12.275410615120608,0.0,-0.829594348210384
165,33.200000000001964,-0.017383565553059057,0.2164029644377839,10.028724873553791,10.359810209047698,185.58466753387003,186.4284541338655,30.157538631792512,249.50835534388978,40.54514828853038,0.0,0.0,0.0,12.273350811174678,0.0,-0.5451482885303776,0.0,12.273350811174678,0.0,-0.816436510554738
166,33.400000000001924,-0.017375483483329048,0.2164337178290789,10.028497725253768,10.359568750332203,185.55040028829256,186.39914314544086,30.15197019881774,249.4622928286803,40.53766312232367,0.0,0.0,0.0,12.271371001570934,0.0,-0.5376631223236714,0.0,12.271371001570934,0.0,-0.8037433897450037
167,33.600000000001884,-0.01736682716948899,0.2164634747526704,10.028277926180245,10.359335104169825,185.51750269082902,186.3712931032478,30.146624333884052,249.4180718614701,40.5304772079661,0.0,0.0,0.0,12.269472436799553,0.0,-0.5304772079661007,0.0,12.269472436799553,0.0,-0.7915191985521214
168,33.800000000001845,-0.017357613256295697,0.21649221555222445,10.028065622600206,10.359109426010026,185.48599551206087,186.34492155707326,30.141504412214303,249.37572036203434,40.523595082425665,0.0,0.0,0.0,12.26765631603474,0.0,-0.5235950824256648,0.0,12.26765631603474,0.0,-0.7797680391051897
169,34.000000000001805,-0.017347869831776285,0.21651992122281538,10.027860955959332,10.358891866177512,185.45589864601513,186.32004512100846,30.136613666591128,249.33526507158336,40.51702109115339,0.0,0.0,0.0,12.265923786377295,0.0,-0.5170210911533886,0.0,12.265923786377295,0.0,-0.7684939093223793
170,34.200000000001765,-0.01733762498395789,0.21654657342512487,10.027664062773615,10.358682569757148,185.42723109761712,186.29667946306165,30.13195518531797,249.29673153589755,40.51075938534274,0.0,0.0,0.0,12.264275942130084,0.0,-0.5107593853427375,0.0,12.264275942130084,0.0,-0.7577007089163881
171,34.400000000001725,-0.01732694633216505,0.21657215449919842,10.02747507452429,10.358481676482349,185.40001097069964,186.2748392953781,30.1275319102706,249.26014408920946,40.50481391931046,0.0,0.0,0.0,12.26271382410685,0.0,-0.5048139193104575,0.0,12.26271382410685,0.0,-0.7473922449538403
172,34.600000000001685,-0.017315899415127727,0.21659664747773216,10.027294117556298,10.35828932062726,185.37425545657797,186.25453836506102,30.123346635040555,249.22552583884726,40.49918844800113,0.0,0.0,0.0,12.26123841897482,0.0,-0.49918844800112794,0.0,12.26123841897482,0.0,-0.7375722369500843
173,34.800000000001646,-0.017304562255143475,0.2166200360988884,10.027121312980315,10.358105630902713,185.3499808231954,186.23578944561166,30.11940200317126,249.19289865064582,40.49388652461647,0.0,0.0,0.0,12.259850658631498,0.0,-0.493886524616471,0.0,12.259850658631498,0.0,-0.7282443214816723
174,35.000000000001606,-0.01729302639837477,0.2166423048186181,10.026956776578478,10.357930730356108,185.32720240484852,186.21860432898555,30.11570050648839,249.1622831351358,40.48891149837107,0.0,0.0,0.0,12.25855141961606,0.0,-0.48891149837106695,0.0,12.25855141961606,0.0,-0.7194120563006339
175,35.200000000001566,-0.017281393793957087,0.21666343882247682,10.026800618713978,10.357764736275396,185.30593459249903,186.20299381826862,30.112244483525576,249.13369863452115,40.4842665123762,0.0,0.0,0.0,12.257341522555718,0.0,-0.4842665123762018,0.0,12.257341522555718,0.0,-0.7110789239362326
176,35.400000000001526,-0.017269775753701616,0.21668342403693042,10.026652944244493,10.35760776009716,185.28619082467264,186.18896772098776,30.109036118045424,249.10716321044956,40.47995450165256,0.0,0.0,0.0,12.256221731647386,0.0,-0.47995450165255704,0.0,12.256221731647386,0.0,-0.703248334771021
177,35.60000000000149,-0.017258291911797948,0.21670224714012684,10.02651385243969,10.357459907319011,185.2679835789594,186.1765348430474,30.10607743765834,249.08269363258714,40.475978191273605,0.0,0.0,0.0,12.255192754175003,0.0,-0.4759781912736045,0.0,12.255192754175003,0.0,-0.6959236295801263
178,35.80000000000145,-0.01724707126511139,0.21671989557212665,10.026383436902842,10.357321277416334,185.2513243641156,186.16570298330092,30.1033703125391,249.06030536800318,40.472340094640614,0.0,0.0,0.0,12.254255240062793,0.0,-0.47234009464061444,0.0,12.254255240062793,0.0,-0.6891080815239122
179,36.00000000000141,-0.017236242810507237,0.21673635754458273,10.02626178549664,10.357191963763515,185.23622371277054,186.15647892876132,30.10091645424167,249.04001257137125,40.46904251189034,0.0,0.0,0.0,12.253409781464766,0.0,-0.4690425118903434,0.0,12.253409781464766,0.0,-0.6828048975859192
180,36.20000000000137,-0.017225940746337293,0.21675162204986034,10.02614898027327,10.357072053559696,185.2226911747496,186.1488684504556,30.098717414614224,249.02182807599328,40.46608752843644,0.0,0.0,0.0,12.252656912390693,0.0,-0.4660875284364394,0.0,12.252656912390693,0.0,-0.6770172194495884
181,36.40000000000133,-0.017216296150061462,0.21676567886957498,10.026045097408941,10.356961627759242,185.21073531101072,186.14287629991358,30.09677458481383,249.00576338565364,40.46347701364573,0.0,0.0,0.0,12.251997108368816,0.0,-0.46347701364572913,0.0,12.251997108368816,0.0,-0.6717481238091001
182,36.60000000000129,-0.01720743905884235,0.21677851858255512,10.025950207142808,10.356860761006878,185.20036368820325,186.13850620630922,30.095089194422222,248.9918286673061,40.461212619649864,0.0,0.0,0.0,12.2514307861455,0.0,-0.4612126196498636,0.0,12.2514307861455,0.0,-0.6670006221109843
183,36.80000000000125,-0.017199490147166843,0.21679013257221158,10.025864373720427,10.356769521577661,185.1915828738471,186.13576087424698,30.093662310662463,248.98003274459992,40.45929578029327,0.0,0.0,0.0,12.250958303421996,0.0,-0.45929578029326734,0.0,12.250958303421996,0.0,-0.662777659725115
184,37.00000000000121,-0.017192561767143434,0.21680051303330075,10.02578765534187,10.35668797132187,185.18439843214534,186.13464198218978,30.092494837718455,248.97038309225016,40.457727710218364,0.0,0.0,0.0,12.250579958628522,0.0,-0.45772771021836434,0.0,12.250579958628522,0.0,-0.6590821145454365
185,37.20000000000117,-0.0171867548276103,0.21680965297808505,10.025720104114445,10.3566161656148,185.17881492042127,186.1351501815409,30.091587516155975,248.9628858312532,40.45650940408805,0.0,0.0,0.0,12.250295990735758,0.0,-0.4565094040880524,0.0,12.250295990735758,0.0,-0.6559167950219997
186,37.40000000000113,-0.017182154632946107,0.21681754624187918,10.025661766010131,10.356554153311578,185.17483588618833,186.1372850963752,30.090940922446528,248.95754572495272,40.455641635946456,0.0,0.0,0.0,12.25010657910391,0.0,-0.45564163594645635,0.0,12.25010657910391,0.0,-0.6532844376281123
187,37.60000000000109,-0.01717882880247541,0.21682418748796053,10.025612680827898,10.356501976707131,185.1724638648576,186.1410453238056,30.090555468594832,248.95436617596027,40.45512495871851,0.0,0.0,0.0,12.250011843369428,0.0,-0.4551249587185069,0.0,12.250011843369428,0.0,-0.6511877037678594
188,37.80000000000105,-0.01717682935106325,0.2168295722118706,10.025572882160699,10.356459671501147,185.17170037807765,186.14642843501485,30.090431401869022,248.95334922392718,40.45495970384787,0.0,0.0,0.0,12.250011843369428,0.0,-0.45495970384786943,0.0,12.250011843369428,0.0,-0.6496291761305212
189,38.00000000000101,-0.017176185407034045,0.2168336967450689,10.025542397367436,10.356427266768307,185.1725459327126,186.15343097692127,30.090568804634604,248.95449554417542,40.45514598107449,0.0,0.0,0.0,12.250106579103912,0.0,-0.45514598107448734,0.0,12.250106579103912,0.0,-0.6486113545008062
190,38.20000000000097,-0.01717690737336081,0.2168365582579532,10.025521247549811,10.356404784933696,185.17500002045696,186.16204847449256,30.09096759429185,248.95780444718582,40.45568367835138,0.0,0.0,0.0,12.250295990735761,0.0,-0.45568367835137735,0.0,12.250295990735761,0.0,-0.6481366510348442
191,38.40000000000093,-0.01717898484707053,0.2168381547622381,10.025509447534084,10.356392241753436,185.1790611180923,186.1722754337038,30.091627523317523,248.96327387894297,40.4565724619007,0.0,0.0,0.0,12.250579958628526,0.0,-0.45657246190069856,0.0,12.250579958628526,0.0,-0.6482073850135923
192,38.60000000000089,-0.01718238453864959,0.21683848511268783,10.025507005857818,10.356389646300608,185.18472668837705,186.1841053451355,30.09254817940945,248.97090042213955,40.45781177640946,0.0,0.0,0.0,12.250958303422001,0.0,-0.45781177640945714,0.0,12.250958303422001,0.0,-0.6488257770871351
193,38.80000000000085,-0.017187056513827535,0.21683754900820265,10.025513924761599,10.356397000956457,185.1919931815776,186.19753068821078,30.093728985735346,248.98067929823756,40.45940084536445,0.0,0.0,0.0,12.251430786145505,0.0,-0.45940084536444914,0.0,12.251430786145505,0.0,-0.6499939430245877
194,39.00000000000081,-0.01719293107268522,0.21683534699225168,10.025530200185758,10.356414301406918,185.20085603763576,186.2125429360644,30.095169201285014,248.99260437038657,40.46133867152649,0.0,0.0,0.0,12.251997108368823,0.0,-0.4613386715264909,0.0,12.251997108368823,0.0,-0.6517138869860104
195,39.20000000000077,-0.017199920830249377,0.2168318804526657,10.025555821772048,10.356441536644382,185.2113096889719,186.22913256105284,30.09686792132586,249.0066681471958,40.463624037543354,0.0,0.0,0.0,12.2526569123907,0.0,-0.46362403754335446,0.0,12.2526569123907,0.0,-0.6539874943340531
196,39.40000000000073,-0.01720792591797913,0.21682715162076424,10.025590772870416,10.35647868897489,185.22334756392263,186.24728904087834,30.098824077961506,249.0228617873609,40.46625550670166,0.0,0.0,0.0,12.253409781464775,0.0,-0.46625550670165694,0.0,12.253409781464775,0.0,-0.6568165240048068
197,39.60000000000069,-0.017216832943468683,0.21682116356984868,10.025635030550667,10.356525734030521,185.23696209080927,186.26700086535186,30.10103644079295,249.04117510513936,40.469231423816574,0.0,0.0,0.0,12.254255240062802,0.0,-0.46923142381657357,0.0,12.254255240062802,0.0,-0.6602026004581828
198,39.80000000000065,-0.017226519151636543,0.2168139202130345,10.025688565619198,10.35658264078715,185.25214470264055,186.2882555437648,30.10350361768271,249.06159657667362,40.47254991625938,0.0,0.0,0.0,12.255192754175013,0.0,-0.47254991625938203,0.0,12.255192754175013,0.0,-0.6641472052300609
199,40.00000000000061,-0.017236856585914714,0.21680542630044292,10.025751342640664,10.35664937158746,185.2688858424376,186.31103961288002,30.10622405562017,249.0841133471575,40.47620889512199,0.0,0.0,0.0,12.256221731647397,0.0,-0.47620889512199227,0.0,12.256221731647397,0.0,-0.6686516681093262
200,40.20000000000057,-0.01724771208824869,0.21679568741574756,10.025823319964594,10.356725882169195,185.2871749691875,186.33533864553232,30.10919604168901,249.10871123884206,40.48020605651789,0.0,0.0,0.0,12.25734152255573,0.0,-0.4802060565178934,0.0,12.25734152255573,0.0,-0.6737171579643487
201,40.40000000000053,-0.017258953540881267,0.21678470997207788,10.025904449756945,10.356812121698665,185.30700056441333,186.3611372598296,30.11241770413487,249.1353747598748,40.48453888301854,0.0,0.0,0.0,12.258551419616074,0.0,-0.4845388830185371,0.0,12.258551419616074,0.0,-0.6793446732445153
202,40.60000000000049,-0.017270449866352542,0.2167725012072909,10.02599467803652,10.356908032809422,185.32835013936477,186.38841912895646,30.11588701353379,249.1640871139694,40.489204645224675,0.0,0.0,0.0,12.259850658631512,0.0,-0.48920464522467455,0.0,12.259850658631512,0.0,-0.6855350321837441
203,40.80000000000045,-0.017282073108094518,0.21675906917860607,10.026093944716244,10.35701355164607,185.3512102428178,186.41716699156424,30.11960178405968,249.19483021089744,40.49420040347124,0.0,0.0,0.0,12.261238418974836,0.0,-0.4942004034712397,0.0,12.261238418974836,0.0,-0.6922888627336613
204,41.00000000000041,-0.0172937057125122,0.21674442275661596,10.02620218364925,10.357128607913218,185.37556646948474,186.44736266274722,30.123559674850945,249.2275846777982,40.49952300966522,0.0,0.0,0.0,12.262713824106866,0.0,-0.4995230096652179,0.0,12.262713824106866,0.0,-0.6996065922554683
205,41.20000000000037,-0.0173052342871998,0.2167285716186757,10.026319322679706,10.35725312492944,185.40140346902706,186.4789870455955,30.12775819147509,249.26232987129825,40.50516910925508,0.0,0.0,0.0,12.264275942130102,0.0,-0.5051691092550783,0.0,12.264275942130102,0.0,-0.7074884370001865
206,41.40000000000033,-0.01731655792331914,0.21671152624168524,10.026445283698305,10.357387019686195,185.42870495566075,186.51202014332236,30.13219468748956,249.29904389043313,40.51113514333053,0.0,0.0,0.0,12.265923786377314,0.0,-0.5111351433305273,0.0,12.265923786377314,0.0,-0.7159343914078297
207,41.60000000000029,-0.017327587155302353,0.2166932978942544,10.026579982702449,10.35753020291174,185.45745371836006,186.54644107194403,30.136866366099877,249.33770359036532,40.517417350851716,0.0,0.0,0.0,12.26765631603476,0.0,-0.5174173508517157,0.0,12.26765631603476,0.0,-0.7249442172571516
208,41.80000000000025,-0.017338245001149173,0.21667389862828376,10.026723329860921,10.357682579139796,185.48763163164045,186.5822280735251,30.141770281911857,249.3782845968876,40.52401177100601,0.0,0.0,0.0,12.269472436799575,0.0,-0.524011771006009,0.0,12.269472436799575,0.0,-0.7345174326978489
209,42.00000000000021,-0.01734846280123775,0.21665334126994443,10.026875229583124,10.357844046783072,185.51921966692333,186.61935852995708,30.146903342778383,249.42076132170538,40.53091424569137,0.0,0.0,0.0,12.271371001570955,0.0,-0.5309142456913705,0.0,12.271371001570955,0.0,-0.7446533011982063
210,42.20000000000017,-0.017358178137730034,0.21663163941009012,10.02703558059265,10.358014498211393,185.55219790447117,186.6578089772855,30.152262311738877,249.46510697848598,40.53812042212439,0.0,0.0,0.0,12.2733508111747,0.0,-0.5381204221243934,0.0,12.2733508111747,0.0,-0.7553508204413103
211,42.400000000000134,-0.017367360842004305,0.21660880739409408,10.027204276005223,10.358193819834469,185.5865455458868,186.69755512055747,30.157843809050416,249.51129359966754,40.545625755571734,0.0,0.0,0.0,12.27541061512063,0.0,-0.5456257555717343,0.0,12.27541061512063,0.0,-0.766608711203808
212,42.600000000000094,-0.017375985946925337,0.21658486031112473,10.02738120341092,10.358381892189186,185.6222409271712,186.73857184918492,30.163644314309636,249.55929205401625,40.553425512203155,0.0,0.0,0.0,12.277549112392425,0.0,-0.5534255122031553,0.0,12.277549112392425,0.0,-0.7784254062513498
213,42.800000000000054,-0.017384034727141725,0.21655981398288296,10.027566244960449,10.358578590031254,185.6592615323255,186.78083325282455,30.169660168663064,249.60907206492016,40.5615147720643,0.0,0.0,0.0,12.27976495226937,0.0,-0.5615147720642994,0.0,12.27976495226937,0.0,-0.7907990392852157
214,43.000000000000014,-0.01739149781997775,0.21653368495179764,10.027759277455546,10.358783782431189,185.6975840074991,186.8243126377496,30.17588757710618,249.66060222940956,40.56988843216749,0.0,0.0,0.0,12.282056735179507,0.0,-0.5698884321674882,0.0,12.282056735179507,0.0,-0.8037274339749028
215,43.199999999999974,-0.017398377306028022,0.21650649046869822,10.027960172443334,10.358997332874525,185.73718417566286,186.86898254370936,30.18232261086783,249.71385003789254,40.57854120969875,0.0,0.0,0.0,12.284423013583632,0.0,-0.5785412096987486,0.0,12.284423013583632,0.0,-0.8172080931116698
216,43.399999999999935,-0.017404683588265545,0.2164782484799812,10.028168796314473,10.359219099366037,185.77803705181054,186.91481476126972,30.188961209880425,249.7687818945911,40.5874676453387,0.0,0.0,0.0,12.286862292889584,0.0,-0.5874676453386982,0.0,12.286862292889584,0.0,-0.8312381879178422
217,43.599999999999895,-0.017410432271149832,0.21644897761427748,10.028385010405087,10.359448934537996,185.8201168586687,186.96178034961852,30.195799185332852,249.82536313866794,40.596662106695646,0.0,0.0,0.0,12.289373032396274,0.0,-0.5966621066956463,0.0,12.289373032396274,0.0,-0.8458145475470007
218,43.799999999999855,-0.0174156452009242,0.21641869716863443,10.028608671102328,10.359686685762277,185.86339704291237,187.00984965482235,30.20283222230548,249.88355806602993,40.60611879184866,0.0,0.0,0.0,12.291953646266814,0.0,-0.6061187918486581,0.0,12.291953646266814,0.0,-0.8609336488099018
219,43.999999999999815,-0.017420346304426574,0.21638742709423459,10.02883962995342,10.35993219526617,185.90785029187217,187.05899232853352,30.21005588248511,249.94332995179334,40.61583173299815,0.0,0.0,0.0,12.294602504530172,0.0,-0.6158317329981529,0.0,12.294602504530172,0.0,-0.8765916061606579
220,44.199999999999775,-0.017424564709981365,0.2163551879816537,10.029077733778136,10.360185300251823,185.95344855072625,187.10917734712189,30.217465606958623,250.00464107339917,40.62579480022217,0.0,0.0,0.0,12.297317934110694,0.0,-0.6257948002221667,0.0,12.297317934110694,0.0,-0.8927841619778021
221,44.399999999999736,-0.017428331626507608,0.21632200104568616,10.029322824784494,10.360445833019133,186.00016304016114,187.16037303123323,30.225056719082907,250.0674527343618,40.6360017053355,0.0,0.0,0.0,12.300098219884859,0.0,-0.6360017053355023,0.0,12.300098219884859,0.0,-0.9095066771740505
222,44.599999999999696,-0.01743167930322162,0.21628788810974026,10.029574740687666,10.360713621092033,186.04796427449702,187.2125470657488,30.232824427430195,250.1317252886387,40.646446005849796,0.0,0.0,0.0,12.30294160576458,0.0,-0.6464460058497963,0.0,12.30294160576458,0.0,-0.9267541221685787
223,44.799999999999656,-0.017434641029637033,0.21625287158982995,10.029833314831857,10.36098848734794,186.09682208026135,187.26566652014432,30.240763828806298,250.19741816560344,40.65712110903167,0.0,0.0,0.0,12.305846295806392,0.0,-0.6571211090316709,0.0,12.305846295806392,0.0,-0.944521068254727
224,44.999999999999616,-0.017437250095267472,0.21621697447817187,10.030098376315111,10.361270250150316,186.14670561519821,187.3196978692292,30.24886991133962,250.26448989560845,40.66802027605665,0.0,0.0,0.0,12.308810455345805,0.0,-0.6680202760566516,0.0,12.308810455345805,0.0,-0.9628016793957112
225,45.19999999999958,-0.017439536668734653,0.21618022032640966,10.030369750116845,10.361558723484121,186.19758338770743,187.37460701425806,30.257137557640014,250.33289813611972,40.67913662625608,0.0,0.0,0.0,12.311832212156123,0.0,-0.6791366262560814,0.0,12.311832212156123,0.0,-0.9815897044800026
226,45.39999999999954,-0.017441534039552214,0.2161426332284747,10.030647257228047,10.36185371709412,186.24942327669663,187.4303593043942,30.265561548024753,250.40259969840938,40.690463141454664,0.0,0.0,0.0,12.31490965763098,0.0,-0.6904631414546643,0.0,12.31490965763098,0.0,-1.0008784700675915
227,45.5999999999995,-0.017443271336044574,0.21610423780310833,10.030930714783945,10.362155036625786,186.30219255183326,187.48691955851902,30.27413656380947,250.4735505747865,40.70199267039548,0.0,0.0,0.0,12.318040847989852,0.0,-0.7019926703954766,0.0,12.318040847989852,0.0,-1.020660873657028
228,45.79999999999946,-0.017444776646238846,0.2160650591760545,10.031219936199061,10.362462483768779,186.35585789418815,187.54425208736868,30.282857190662764,250.54570596635236,40.713717933250194,0.0,0.0,0.0,12.321223805505799,0.0,-0.7137179332501944,0.0,12.321223805505799,0.0,-1.0409293775027588
229,45.99999999999942,-0.01744607597756756,0.21602512296194976,10.031514731304446,10.362775856402695,186.41038541725192,187.60232071598946,30.29171792202136,250.61902031125896,40.72563152621111,0.0,0.0,0.0,12.324456519754628,0.0,-0.7256315262111102,0.0,12.324456519754628,0.0,-1.0616760030106887
230,46.19999999999938,-0.017447193256868634,0.21598445524591717,10.031814906487035,10.36309494874513,186.46574068831524,187.6610888064916,30.30071316256439,250.69344731345683,40.73772592616266,0.0,0.0,0.0,12.327736948884734,0.0,-0.7377259261626605,0.0,12.327736948884734,0.0,-1.0828923257394303
231,46.39999999999934,-0.01744815033038538,0.21594308256488526,10.032120264830967,10.363419551501776,186.52188875020255,187.720519281088,30.309837231745146,250.76893997191155,40.74999349542912,0.0,0.0,0.0,12.331063020906766,0.0,-0.7499934954291234,0.0,12.331063020906766,0.0,-1.104569471033073
232,46.5999999999993,-0.01744896800406382,0.21590103188866147,10.032430606260627,10.36374945201839,186.57879414333195,187.78057464541732,30.319084367375808,250.84545061027055,40.76242648659545,0.0,0.0,0.0,12.334432635002349,0.0,-0.7624264865954515,0.0,12.334432635002349,0.0,-1.1266981103101905
233,46.79999999999926,-0.01744966396295806,0.2158583306007521,10.032745727685466,10.364084434434641,186.63642092810642,187.84121701210995,30.328448729266025,250.9229309069635,40.77501704739862,0.0,0.0,0.0,12.337843662850995,0.0,-0.7750170473986202,0.0,12.337843662850995,0.0,-1.1492684580328671
234,46.99999999999922,-0.017450254851824925,0.21581500647897264,10.03306542314628,10.364424279839517,186.69473270760614,187.90240812461002,30.337924402910403,251.00133192571548,40.78775722568599,0.0,0.0,0.0,12.341293949974407,0.0,-0.7877572256859935,0.0,12.341293949974407,0.0,-1.17227026937767
235,47.19999999999918,-0.017450755234826615,0.2157710876758514,10.033389483962887,10.364768766428213,186.7536926505773,187.96410938122244,30.347505403224215,251.08060414645337,40.800638974437646,0.0,0.0,0.0,12.344781317097285,0.0,-0.8006389744376463,0.0,12.344781317097285,0.0,-1.1956928386293597
236,47.39999999999914,-0.017451176555233445,0.21572660269884605,10.03371769888309,10.365117669660389,186.81326351469752,188.02628185937368,30.357185678324026,251.16069749658809,40.81365415684972,0.0,0.0,0.0,12.348303561523808,0.0,-0.8136541568497222,0.0,12.348303561523808,0.0,-1.2195249983167622
237,47.5999999999991,-0.01745153233691032,0.2156815803903913,10.034049854232736,10.365470762419612,186.87340767010645,188.08888634007002,30.36695911335141,251.24156138265116,40.826794551475366,0.0,0.0,0.0,12.351858458528904,0.0,-0.8267945514753663,0.0,12.351858458528904,0.0,-1.2437551191084768
238,47.79999999999906,-0.01745183298283026,0.2156360499078033,10.034385734066728,10.365827815173798,186.93408712318484,188.15188333254795,30.376819534337073,251.32314472226474,40.84005185741988,0.0,0.0,0.0,12.355443762763429,0.0,-0.8400518574198799,0.0,12.355443762763429,0.0,-1.2683711104844888
239,47.99999999999902,-0.01745208473477705,0.21559004070304366,10.03472512032091,10.366188596136599,186.99526354056823,188.2152330990852,30.38676071210305,251.4053959764281,40.85341769958727,0.0,0.0,0.0,12.359057209672384,0.0,-0.8534176995872684,0.0,12.359057209672384,0.0,-1.2933604221986135
240,48.19999999999898,-0.017452294874831818,0.21554358250236608,10.035067792964686,10.366552871429553,187.0568982733784,188.27889567996502,30.39677636620036,251.48826318209686,40.866883633974375,0.0,0.0,0.0,12.362696516925254,0.0,-0.8668836339743748,0.0,12.362696516925254,0.0,-1.3187100465443544
241,48.39999999999894,-0.01745246964477835,0.21549670528587475,10.035413530154132,10.366920405244796,187.11895238165883,188.34283091858714,30.406860168879728,251.57169398503518,40.88044115300937,0.0,0.0,0.0,12.366359385857574,0.0,-0.8804411530093716,0.0,12.366359385857574,0.0,-1.344406521435456
242,48.5999999999989,-0.017452614246103167,0.21544943926699137,10.035762108385633,10.367290960008312,187.18138665899775,188.40699848669243,30.417005749092887,251.65563567292216,40.89408169093154,0.0,0.0,0.0,12.37004350292282,0.0,-0.894081690931543,0.0,12.37004350292282,0.0,-1.3704359343108663
243,48.79999999999886,-0.01745273388029276,0.21540181487186305,10.036113302649776,10.367664296543458,187.24416165732367,188.47135790969955,30.427206696521797,251.7400352086871,40.907796629208285,0.0,0.0,0.0,12.373746541153688,0.0,-0.9077966292082849,0.0,12.373746541153688,0.0,-1.396783926871321
244,48.99999999999882,-0.01745283374883364,0.2153538627187216,10.036466886585458,10.368040174234748,187.30723771185703,188.5358685921318,30.437456565633333,251.8248392640579,40.921577301986716,0.0,0.0,0.0,12.377466161631865,0.0,-0.9215773019867157,0.0,12.377466161631865,0.0,-1.4234357006540166
245,49.19999999999878,-0.0174529159323204,0.2153056135972087,10.036822632634053,10.368418351191671,187.37057496620332,188.60048984311706,30.44774887975692,251.9099942532961,40.93541500157562,0.0,0.0,0.0,12.381200014965332,0.0,-0.9354150015756204,0.0,12.381200014965332,0.0,-1.450376023448893
246,49.39999999999874,-0.017452983551644954,0.21525709844769012,10.037180312193492,10.368798584412453,187.4341333975691,188.66518090195137,30.458077135182116,251.9954463671007,40.94930098395485,0.0,0.0,0.0,12.384945742772295,0.0,-0.9493009839548492,0.0,12.384945742772295,0.0,-1.4775892365591168
247,49.5999999999987,-0.0174530386874019,0.21520834834057037,10.03753969577217,10.369180629947618,187.49787284208924,188.72990096370597,30.46843480527431,252.08114160665733,40.96322647430829,0.0,0.0,0.0,12.388700979170787,0.0,-0.9632264743082928,0.0,12.388700979170787,0.0,-1.505059262905857
248,49.79999999999866,-0.01745308446048313,0.21515939445562013,10.037900553142553,10.36956424306324,187.56175302024363,188.79460920485857,30.478815344604936,252.1670258178119,40.97718267257711,0.0,0.0,0.0,12.39246335227301,0.0,-0.9771826725771078,0.0,12.39246335227301,0.0,-1.532769615975969
249,49.99999999999862,-0.017453121911185962,0.21511026806134306,10.038262653494334,10.369949178403736,187.6257335623536,188.85926480894418,30.48921219309465,252.25304472534646,40.99116075902956,0.0,0.0,0.0,12.396230485683475,0.0,-0.9911607590295617,0.0,12.396230485683475,0.0,-1.5607034096090497
250,50.19999999999858,-0.017453153120104987,0.21506100049438212,10.038625765587105,10.370335190154139,187.68977403413336,188.92382699219334,30.499618780165452,252.33914396733653,41.00515189984409,0.0,0.0,0.0,12.399999999999974,0.0,-1.005151899844087,0.0,12.399999999999974,0.0,-1.5888433686186767
251,50.39999999999854,-0.017453178087240208,0.21501162313899475,10.03898965790232,10.3707220322016,187.75383396229245,188.9882550291598,30.510028528901053,252.42526912956555,41.01914725270166,0.0,0.0,0.0,12.403769514316474,0.0,-1.0191472527016572,0.0,12.403769514316474,0.0,-1.6171718402403676
252,50.5999999999985,-0.017453198893186223,0.21496216740660348,10.039354098794533,10.371109458296184,187.81787286015796,189.0525082783084,30.520434860210532,252.5113657799778,41.03313797238437,0.0,0.0,0.0,12.407536647726939,0.0,-1.0331379723843668,0.0,12.407536647726939,0.0,-1.6456708063974639
253,50.79999999999846,-0.017453215537943035,0.21491266471543663,10.039718856641773,10.371497222210683,187.88185025331344,189.11654620755348,30.530831196994633,252.59737950314462,41.04711521637622,0.0,0.0,0.0,12.411299020829162,0.0,-1.0471152163762198,0.0,12.411299020829162,0.0,-1.6743218967736944
254,50.99999999999842,-0.017453230102105248,0.2148631464702721,10.040083699994966,10.371885077899485,187.94572570522894,189.18032841972683,30.541210968310672,252.68325593472522,41.061070150463,0.0,0.0,0.0,12.415054257227654,0.0,-1.061070150463003,0.0,12.415054257227654,0.0,-1.703106402679863
255,51.19999999999838,-0.017453241545375555,0.21481364404230585,10.04044839772626,10.372272779656234,188.00945884287202,189.24381467796957,30.551567613534317,252.7689407958963,41.074993954327105,0.0,0.0,0.0,12.418799985034617,0.0,-1.0749939543271054,0.0,12.418799985034617,0.0,-1.732005291699595
256,51.39999999999834,-0.017453249867753963,0.21476418874914688,10.040812719176218,10.372660082270322,188.07300938228033,189.30696493102045,30.56189458651514,252.85437992773169,41.088877827134226,0.0,0.0,0.0,12.422533838368084,0.0,-1.088877827134226,0.0,12.422533838368084,0.0,-1.7609992230979759
257,51.5999999999983,-0.017453258190132367,0.21471481183496072,10.041176434299748,10.37304674118203,188.13633715407545,189.36973933839366,30.57218535972262,252.9395193255086,41.10271299310814,0.0,0.0,0.0,12.426253458846261,0.0,-1.1027129931081419,0.0,12.426253458846261,0.0,-1.7900685639746174
258,51.79999999999826,-0.017453264431916176,0.21466554445076652,10.041539313810697,10.373432512636265,188.1994021289151,189.43209829542397,30.58243342838213,253.02430517291882,41.116490707090016,0.0,0.0,0.0,12.42995649707713,0.0,-1.1164907070900156,0.0,12.42995649707713,0.0,-1.8191934061410955
259,51.999999999998224,-0.017453269633402678,0.21461641763490463,10.041901129325018,10.373817153834771,188.2621644428497,189.49400245816767,30.59263231459539,253.10868387616284,41.130202260078725,0.0,0.0,0.0,12.433640614142377,0.0,-1.1302022600787254,0.0,12.433640614142377,0.0,-1.8483535837009843
260,52.199999999998184,-0.01745327379459188,0.21456746229369036,10.042261653502388,10.374200423086714,188.32458442257825,189.5554127681484,30.60277557144454,253.19260209790485,41.14383898474853,0.0,0.0,0.0,12.437303483074697,0.0,-1.1438389847485269,0.0,12.437303483074697,0.0,-1.8775286913088665
261,52.399999999998144,-0.017453276915483783,0.21451870918224816,10.042620660186317,10.37458207995765,188.38662261058906,189.61629047691562,30.612856787077508,253.2760067910686,41.15739226094091,0.0,0.0,0.0,12.440942790327567,0.0,-1.1573922609409095,0.0,12.440942790327567,0.0,-1.9066981030835284
262,52.599999999998104,-0.017453280036375685,0.21447018888556263,10.042977924542491,10.374961885416646,188.44823979015956,189.67659717042508,30.62286958877052,253.35884523244945,41.17085352112656,0.0,0.0,0.0,12.444556237236522,0.0,-1.1708535211265598,0.0,12.444556237236522,0.0,-1.9358409921480995
263,52.799999999998064,-0.017453282116970288,0.21442193179973337,10.04333322319543,10.375339601981588,188.5093970102085,189.7362947932041,30.63280764696653,253.441065056124,41.184214255834405,0.0,0.0,0.0,12.448141541471047,0.0,-1.184214255834405,0.0,12.448141541471047,0.0,-1.9649363507692503
264,52.999999999998025,-0.01745328419756489,0.214373968113456,10.04368633436335,10.37571499386261,188.57005560997854,189.7953456722972,30.642664679286195,253.52261428663493,41.1974660190442,0.0,0.0,0.0,12.451696438476144,0.0,-1.1974660190441995,0.0,12.451696438476144,0.0,-1.9939630110656057
265,53.199999999997985,-0.01745328523786219,0.21432632778973842,10.044037037991096,10.376087827103442,188.6301772435375,189.85371254097814,30.6524344545093,253.60344137192854,41.21060043353882,0.0,0.0,0.0,12.455218682902668,0.0,-1.210600433538822,0.0,12.455218682902668,0.0,-2.0228996662538536
266,53.399999999997945,-0.01745328627815949,0.21427904054786104,10.044385115881148,10.376457869720769,188.68972390407902,189.91135856221146,30.66211079652364,253.68349521602602,41.223609196213424,0.0,0.0,0.0,12.458706050025546,0.0,-1.223609196213424,0.0,12.458706050025546,0.0,-2.051724892400417
267,53.599999999997905,-0.01745328731845679,0.21423213584558226,10.044730351822666,10.376824891841443,188.74865794801192,189.9682473518431,30.67168758823953,253.76272521140655,41.23648408333765,0.0,0.0,0.0,12.462156337148958,0.0,-1.2364840833376505,0.0,12.462156337148958,0.0,-2.0804171706445045
268,53.799999999997866,-0.01745328835875409,0.21418564286161085,10.045072531718425,10.377188665837513,188.80694211881698,190.02434300151694,30.681158775466535,253.84108127108075,41.24921695576758,0.0,0.0,0.0,12.465567364997606,0.0,-1.2492169557675794,0.0,12.465567364997606,0.0,-2.1089549098573754
269,53.999999999997826,-0.01745328835875409,0.21413959047834333,10.045411443709668,10.377548966459019,188.8645395706591,190.07961010129372,30.690518370750475,253.9185138603357,41.26179976410432,0.0,0.0,0.0,12.468936979093188,0.0,-1.2617997641043175,0.0,12.468936979093188,0.0,-2.137316469701801
270,54.199999999997786,-0.017453289399051393,0.2140940072648782,10.045746878298779,10.377905570964467,188.92141389174228,190.13401376196347,30.69976045716858,253.9949740281294,41.274224553795584,0.0,0.0,0.0,12.472263051115222,0.0,-1.2742245537955839,0.0,12.472263051115222,0.0,-2.1654801840539957
271,54.399999999997746,-0.017453289399051393,0.2140489214603111,10.046078628469783,10.37825825924902,188.97752912738525,190.18751963703113,30.708879192079298,254.0704134381165,41.2864834701774,0.0,0.0,0.0,12.475543480245328,0.0,-1.2864834701774015,0.0,12.475543480245328,0.0,-2.193424384749947
272,54.599999999997706,-0.017453289399051393,0.2140043609573284,10.046406489806506,10.378606813970178,189.0328498028109,190.24009394437624,30.717868810825582,254.14478439928234,41.298568763452145,0.0,0.0,0.0,12.47877619449416,0.0,-1.2985687634521454,0.0,12.47877619449416,0.0,-2.2211274256163556
273,54.79999999999767,-0.017453290439348693,0.21396035328608684,10.046730260608546,10.378951020671163,189.08734094562934,190.29170348755036,30.7267236303884,254.21803989617024,41.31047279360046,0.0,0.0,0.0,12.481959152010104,0.0,-1.3104727936004608,0.0,12.481959152010104,0.0,-2.2485677067466243
274,54.99999999999763,-0.017453290439348693,0.21391692559840172,10.047049742004859,10.379290667901746,189.14096810800322,190.34231567671713,30.735438052988577,254.29013361867902,41.32218803522338,0.0,0.0,0.0,12.485090342368977,0.0,-1.3221880352233768,0.0,12.485090342368977,0.0,-2.275723698980462
275,55.19999999999759,-0.017453290439348693,0.21387410465224846,10.047364738064934,10.37962554733653,189.19369738848002,190.39189854922088,30.744006569634575,254.36101999141204,41.33370708231154,0.0,0.0,0.0,12.488167787843835,0.0,-1.3337070823115411,0.0,12.488167787843835,0.0,-2.302573968545511
276,55.39999999999755,-0.017453290439348693,0.2138319167965692,10.047675055907648,10.379955453890766,189.24549545347563,190.44042078975616,30.752423763613553,254.43065420256113,41.34502265293884,0.0,0.0,0.0,12.491189544654155,0.0,-1.3450226529388374,0.0,12.491189544654155,0.0,-2.329097201819033
277,55.59999999999751,-0.017453290439348693,0.21379038795640865,10.047980505807619,10.380280185833499,189.2963295584006,190.48785175014444,30.76068431392441,254.4989922323049,41.35612759387714,0.0,0.0,0.0,12.49415370419357,0.0,-1.3561275938771402,0.0,12.49415370419357,0.0,-2.355272230166733
278,55.79999999999747,-0.017453291479645996,0.21374954361836676,10.048280901299146,10.380599544898171,189.34616756841055,190.534161468689,30.768782998649712,254.56599088070445,41.36701488512936,0.0,0.0,0.0,12.497058394235381,0.0,-1.3670148851293575,0.0,12.497058394235381,0.0,-2.381078054815698
279,55.99999999999743,-0.017453291479645996,0.21370940881638825,10.048576059277611,10.380913336390522,189.3949779787678,190.57932068911117,30.776714698264467,254.6316077950773,41.377677644377705,0.0,0.0,0.0,12.499901780115103,0.0,-1.3776776443777052,0.0,12.499901780115103,0.0,-2.406493871717823
280,56.19999999999739,-0.017453291479645996,0.21367000811787773,10.048865800098435,10.381221369293874,189.4427299348049,190.6233008790394,30.784474398880196,254.6958014968342,41.38810913134469,0.0,0.0,0.0,12.50268206588927,0.0,-1.3881091313446916,0.0,12.50268206588927,0.0,-2.4314990963604113
281,56.39999999999735,-0.017453291479645996,0.2136313656101575,10.049149947673447,10.38152345637169,189.48939325147268,190.6660742480545,30.792057195421506,254.75853140775905,41.3983027520636,0.0,0.0,0.0,12.505397495469794,0.0,-1.3983027520636,0.0,12.505397495469794,0.0,-2.456073388479704
282,56.59999999999731,-0.017453291479645996,0.21359350488726572,10.049428329564737,10.381819414267458,189.53493843246562,190.70761376527165,30.79945829473396,254.8197578757175,41.40825206305616,0.0,0.0,0.0,12.508046353733151,0.0,-1.4082520630561604,0.0,12.508046353733151,0.0,-2.4801966766339776
283,56.79999999999727,-0.017453291479645996,0.21355644903709523,10.049700777075941,10.382109063601815,189.57933668890723,190.74789317644704,30.806673018620447,254.87944219977618,41.417950775414404,0.0,0.0,0.0,12.510626967603692,0.0,-1.417950775414404,0.0,12.510626967603692,0.0,-2.503849182592068
284,56.99999999999723,-0.017453291479645996,0.21352022062888687,10.049967125340917,10.38239222906695,189.62255995758522,190.78688702060703,30.813696806804405,254.93754665471695,41.427392758784265,0.0,0.0,0.0,12.513137707110381,0.0,-1.427392758784265,0.0,12.513137707110381,0.0,-2.527011445493904
285,57.19999999999719,-0.017453291479645996,0.21348484170105964,10.050227213409919,10.382668739518296,189.66458091872687,190.82457064617026,30.82052521981834,254.9940345149324,41.43657204524856,0.0,0.0,0.0,12.515576986416335,0.0,-1.4365720452485604,0.0,12.515576986416335,0.0,-2.549664345739917
286,57.39999999999715,-0.017453291479645996,0.21345033374940925,10.050480884333052,10.382938428063365,189.70537301329892,190.8609202265815,30.827153941815016,255.0488700776828,41.44548283310629,0.0,0.0,0.0,12.51794326482046,0.0,-1.4454828331062899,0.0,12.51794326482046,0.0,-2.5717891285657095
287,57.59999999999711,-0.017453291479645996,0.21341671771565188,10.050727985241192,10.383201132147878,189.74491045982853,190.8959127754204,30.833578783300922,255.10201868570482,41.454119490546525,0.0,0.0,0.0,12.5202350477306,0.0,-1.4541194905465247,0.0,12.5202350477306,0.0,-2.5933674272601186
288,57.79999999999707,-0.017453291479645996,0.21338401397632425,10.050968367424298,10.383456693639113,189.78316827072453,190.92952616098597,30.83979568378842,255.1534467491545,41.46247655921417,0.0,0.0,0.0,12.522450887607546,0.0,-1.462476559214167,0.0,12.522450887607546,0.0,-2.6143812859843005
289,57.99999999999703,-0.017453292519943295,0.21335224233204683,10.051201886407064,10.383704958906444,189.82012226809573,190.96173912035198,30.845800714366273,255.2031217668715,41.47054875766538,0.0,0.0,0.0,12.524589384879341,0.0,-1.4705487576653766,0.0,12.524589384879341,0.0,-2.6348131821505216
290,58.19999999999699,-0.017453292519943295,0.21332142199714327,10.051428402021973,10.383945778899099,189.85574909905577,190.99253127287523,30.851590080186647,255.2510123469506,41.47833098471046,0.0,0.0,0.0,12.526649188825273,0.0,-1.4783309847104604,0.0,12.526649188825273,0.0,-2.65464604831998
291,58.39999999999695,-0.017453292519943295,0.21329157158962428,10.051647778479715,10.384179009221127,189.89002625050037,191.02188313315577,30.857160122866432,255.297088226608,41.485818322642125,0.0,0.0,0.0,12.528628998429019,0.0,-1.4858183226421247,0.0,12.528628998429019,0.0,-2.6738632935798514
292,58.59999999999691,-0.017453292519943295,0.213262709121534,10.051859884436974,10.384404510203552,189.92293206335236,191.04977612343657,30.862507322802085,255.3413202913289,41.49300604034699,0.0,0.0,0.0,12.530527563200401,0.0,-1.493006040346991,0.0,12.530527563200401,0.0,-2.6924488243605484
293,58.79999999999687,-0.017453292519943295,0.21323485198965453,10.052064593061617,10.38462214697379,189.95444574626293,191.07619258542988,30.86762830139603,255.38368059328587,41.49988959629855,0.0,0.0,0.0,12.532343683965216,0.0,-1.4998895962985515,0.0,12.532343683965216,0.0,-2.710387064655412
294,58.99999999999683,-0.017453292519943295,0.21320801696658412,10.052261782095215,10.384831789522194,189.9845473887612,191.101115791577,30.87251982319352,255.4241423690139,41.5064646414294,0.0,0.0,0.0,12.534076213622663,0.0,-1.5064646414294032,0.0,12.534076213622663,0.0,-2.7276629756056714
295,59.19999999999679,-0.017453292519943295,0.2131822201921729,10.05245133391297,10.385033312765866,190.01321797384352,191.1245299557173,30.877178797928373,255.46268005633289,41.51272702188112,0.0,0.0,0.0,12.535724057869878,0.0,-1.512727021881119,0.0,12.535724057869878,0.0,-2.74426207441508
296,59.39999999999675,-0.017453292519943295,0.21315747716532796,10.052633135581019,10.38522659660967,190.04043938999345,191.1464202431709,30.88160228247622,255.49926931050635,41.518672781630066,0.0,0.0,0.0,12.537286175893113,0.0,-1.518672781630066,0.0,12.537286175893113,0.0,-2.760170452559852
297,59.59999999999671,-0.017453292519943295,0.21313380273618426,10.052807078911103,10.385411526004434,190.06619444262853,191.16677278022402,30.88578748271462,255.53388701962535,41.524298164987286,0.0,0.0,0.0,12.538761581025145,0.0,-1.524298164987286,0.0,12.538761581025145,0.0,-2.7753747932604114
298,59.79999999999667,-0.017453292519943295,0.21311121109864106,10.052973060512654,10.385587991002415,190.0904668649603,191.185574663011,30.889731755287805,255.56651131920881,41.529599618971055,0.0,0.0,0.0,12.54014934136847,0.0,-1.529599618971055,0.0,12.54014934136847,0.0,-2.7898623881833573
299,59.99999999999663,-0.017453292519943295,0.21308971578326633,10.053130981842239,10.385755886809946,190.11324132826894,191.20281396578835,30.893432609276314,255.59712160601057,41.534573795550514,0.0,0.0,0.0,12.541448580383909,0.0,-1.5345737955505143,0.0,12.541448580383909,0.0,-2.803621153343174
300,60.19999999999659,-0.017453292519943295,0.21306932965056263,10.053280749250462,10.38591511383738,190.1345034515767,191.2184797485896,30.896887707768926,255.62569855102544,41.53921755375919,0.0,0.0,0.0,12.542658477444254,0.0,-1.5392175537591868,0.0,12.542658477444254,0.0,-2.816639644175087
301,60.39999999999655,-0.017453292519943295,0.21305006488460734,10.053422274026204,10.386065577746194,190.15423981072183,191.23256206426828,30.90009486933717,255.6522241116834,41.54352796167652,0.0,0.0,0.0,12.543778268352588,0.0,-1.5435279616765172,0.0,12.543778268352588,0.0,-2.8289070697512515
302,60.59999999999651,-0.017453292519943295,0.21303193298705594,10.053555472438308,10.386207189493389,190.17243794682472,191.24505196491327,30.90305206941109,255.67668154322786,41.547502298276825,0.0,0.0,0.0,12.544807245824975,0.0,-1.5475022982768252,0.0,12.544807245824975,0.0,-2.840413306115307
303,60.79999999999647,-0.017453292519943295,0.21301494477150854,10.053680265774698,10.386339865373145,190.1890863741382,191.25594150763223,30.9057574415549,255.6990554092678,41.55113805514407,0.0,0.0,0.0,12.545744759937186,0.0,-1.5511380551440723,0.0,12.545744759937186,0.0,-2.8511489087109365
304,60.99999999999643,-0.017453292519943295,0.21299911035824642,10.053796580378892,10.386463527055696,190.20417458728033,191.26522375970703,30.908209278642335,255.71933159149935,41.55443293805158,0.0,0.0,0.0,12.546590218535215,0.0,-1.5544329380515833,0.0,12.546590218535215,0.0,-2.861105123882506
305,61.19999999999639,-0.017453292519943295,0.21298443916932822,10.053904347684007,10.386578101623563,190.21769306784716,191.27289280310637,30.9104060339312,255.73749729859006,41.557384868405755,0.0,0.0,0.0,12.547343087609292,0.0,-1.5573848684057552,0.0,12.547343087609292,0.0,-2.870273899427447
306,61.39999999999635,-0.017453292519943295,0.2129709399240621,10.05400350424411,10.386683521604926,190.2296332903903,191.27894373836995,30.912346322034747,255.75354107421813,41.55999198455243,0.0,0.0,0.0,12.54800289163117,0.0,-1.5599919845524326,0.0,12.54800289163117,0.0,-2.8786478941814173
307,61.599999999996314,-0.017453292519943295,0.21295862063482812,10.054093991763132,10.386779725004429,190.23998772777716,191.2833726878364,30.91402891979271,255.76745280426658,41.562252642945964,0.0,0.0,0.0,12.548569213854488,0.0,-1.562252642945964,0.0,12.548569213854488,0.0,-2.886220486620504
308,61.799999999996274,-0.017453292519943295,0.21294748860328136,10.054175757121126,10.386866655331138,190.2487498559021,191.28617679824194,30.91545276703686,255.77922372316186,41.564165419179226,0.0,0.0,0.0,12.549041696577994,0.0,-1.5641654191792256,0.0,12.549041696577994,0.0,-2.892985782464735
309,61.999999999996234,-0.017453292519943295,0.21293755041689907,10.054248752398111,10.38694426162395,190.2559141577716,191.28735424265383,30.916616967254853,255.78884641935926,41.56572910887499,0.0,0.0,0.0,12.54942004137147,0.0,-1.56572910887499,0.0,12.54942004137147,0.0,-2.8989386212712245
310,62.199999999996194,-0.017453292519943295,0.2129288119459087,10.05431293489528,10.38701249847417,190.26147612694524,191.28690422177274,30.917520788149393,255.7963148399659,41.56694272843719,0.0,0.0,0.0,12.549704009264236,0.0,-1.5669427284371906,0.0,12.549704009264236,0.0,-2.9040745820052396
311,62.399999999996155,-0.017453292519943295,0.21292127834057034,10.054368267153738,10.38707132604547,190.2654322703352,191.2848269645778,30.918163662093132,255.80162429450223,41.56780551566213,0.0,0.0,0.0,12.549893420896087,0.0,-1.5678055156621298,0.0,12.549893420896087,0.0,-2.908389987580989
312,62.599999999996115,-0.017453292519943295,0.21291495402881916,10.054414716970735,10.387120710091194,190.267780110365,191.2811237283187,30.918545186479502,255.80477145779972,41.568316930209384,0.0,0.0,0.0,12.549988156630572,0.0,-1.5683169302093845,0.0,12.549988156630572,0.0,-2.911881908365538
313,62.799999999996075,-0.017453292519943295,0.21290984271427346,10.054452257413372,10.387160621968938,190.2685181864822,191.27579679786297,30.918665123968484,255.80575437203066,41.56847665393164,0.0,0.0,0.0,12.549988156630574,0.0,-1.56847665393164,0.0,12.549988156630574,0.0,-2.9145481646406544
314,62.999999999996035,-0.017453292519943295,0.21290594737460253,10.054480866829802,10.387191038652505,190.267646056023,191.26884948439005,30.91852340262714,255.8045724478717,41.568284591063744,0.0,0.0,0.0,12.549893420896092,0.0,-1.568284591063744,0.0,12.549893420896092,0.0,-2.91638732802045
315,63.199999999995995,-0.017453292519943295,0.21290327026025305,10.054500528857957,10.387211942741178,190.26516429443942,191.26028612343518,30.918120115966524,255.80122646479802,41.56774086827055,0.0,0.0,0.0,12.549704009264246,0.0,-1.5677408682705476,0.0,12.549704009264246,0.0,-2.917398721823881
316,63.399999999995956,-0.017453292519943295,0.2129018128935348,10.054511232431784,10.387223322466385,190.26107449486983,191.25011207228286,30.917455522871872,255.79571857051096,41.56684583455387,0.0,0.0,0.0,12.549420041371484,0.0,-1.5668458345538667,0.0,12.549420041371484,0.0,-2.9175824204039786
317,63.599999999995916,-0.017453292519943295,0.2129015760680707,10.054512971784952,10.38722517169564,190.2553792670732,191.2383337067181,30.916530047429447,255.78805227949658,41.56560006101826,0.0,0.0,0.0,12.54904169657801,0.0,-1.5656000610182588,0.0,12.54904169657801,0.0,-2.9169392474368703
318,63.799999999995876,-0.017453292519943295,0.21290255984859535,10.054505746452167,10.387217489933947,190.24808223571625,191.22495841712194,30.91534427864817,255.77823247071936,41.56400434049624,0.0,0.0,0.0,12.548569213854508,0.0,-1.5640043404962398,0.0,12.548569213854508,0.0,-2.9154707731766862
319,63.999999999995836,-0.017453292519943295,0.2129047635711221,10.054489561267921,10.387200282322476,190.2391880380137,191.20999460393318,30.913898970076197,255.76626538444975,41.56205968703277,0.0,0.0,0.0,12.548002891631192,0.0,-1.5620596870327716,0.0,12.548002891631192,0.0,-2.9131793106834247
320,64.19999999999594,-0.017453292519943295,0.21290818584345694,10.054464426362857,10.387173559634686,190.2287023207334,191.19345167245845,30.912195039314216,255.7521586182303,41.559767335229765,0.0,0.0,0.0,12.547343087609319,0.0,-1.5597673352297647,0.0,12.547343087609319,0.0,-2.9100679110338232
321,64.39999999999604,-0.017453292519943295,0.2129128245460801,10.054430357157575,10.387137338269737,190.21663173655415,191.17534002705452,30.910233567423617,255.73592112198105,41.55712873945066,0.0,0.0,0.0,12.546590218535245,0.0,-1.5571287394506612,0.0,12.546590218535245,0.0,-2.9061403575264007
322,64.59999999999614,-0.017453292519943295,0.2129186768333755,10.054387374354052,10.387091640243355,190.2029839397962,191.15567106466767,30.908015798232686,255.7175631922493,41.554145572886085,0.0,0.0,0.0,12.54574475993722,0.0,-1.5541455728860853,0.0,12.54574475993722,0.0,-2.901401158894651
323,64.79999999999625,-0.017453292519943295,0.21292573913521573,10.054335503924586,10.387036493176051,190.18776758151037,191.13445716774083,30.905543137538572,255.69709646560648,41.55081972648078,0.0,0.0,0.0,12.54480724582501,0.0,-1.550819726480782,0.0,12.54480724582501,0.0,-2.8958555415434484
324,64.99999999999635,-0.017453292519943295,0.21293400715891234,10.05427477709822,10.386971930278678,190.1709923039332,191.1117116965043,30.902817152206296,255.6745339111963,41.54715330772271,0.0,0.0,0.0,12.543778268352627,0.0,-1.5471533077227093,0.0,12.543778268352627,0.0,-2.889509440826128
325,65.19999999999645,-0.017453292519943295,0.21294347589150556,10.054205230344817,10.386897990335463,190.15266873432947,191.08744898062812,30.89983956916811,255.64988982244122,41.54314863929534,0.0,0.0,0.0,12.542658477444295,0.0,-1.5431486392953389,0.0,12.542658477444295,0.0,-2.8823694913817155
326,65.39999999999655,-0.017453292519943295,0.2129541396024222,10.054126905356568,10.386814717684317,190.1328084781936,191.06168431027103,30.896612274318734,255.6231798079089,41.53880825759346,0.0,0.0,0.0,12.541448580383951,0.0,-1.538808257593459,0.0,12.541448580383951,0.0,-2.874443016552625
327,65.59999999999665,-0.017453292519943295,0.2129659918464786,10.054039849027134,10.386722162194626,190.11142411184568,191.03443392650877,30.893137311312238,255.5944207813493,41.534134911104175,0.0,0.0,0.0,12.540149341368515,0.0,-1.534134911104175,0.0,12.540149341368515,0.0,-2.865738016906324
328,65.79999999999676,-0.017453292519943295,0.21297902546723918,10.053944113428289,10.386620379242377,190.0885291744074,191.005715011158,30.889416880258082,255.56363095090475,41.52913155865358,0.0,0.0,0.0,12.538761581025193,0.0,-1.5291315586535816,0.0,12.538761581025193,0.0,-2.8562631578847415
329,65.99999999999686,-0.017453292519943295,0.21299323260073244,10.053839755784091,10.386509429682654,190.06413815916872,190.97554567600488,30.885453336318253,255.5308298075024,41.52380136752051,0.0,0.0,0.0,12.537286175893163,0.0,-1.5238013675205124,0.0,12.537286175893163,0.0,-2.8460277566077608
330,66.19999999999696,-0.017453292519943295,0.213008604679509,10.053726838442689,10.386389379819608,190.03826650435732,190.94394495142964,30.881249188207256,255.49603811243745,41.5181477114188,0.0,0.0,0.0,12.535724057869928,0.0,-1.5181477114187985,0.0,12.535724057869928,0.0,-2.835041767858602
331,66.39999999999706,-0.017453292519943295,0.21302513243706583,10.053605428845534,10.386260301373683,190.01093058330787,190.91093277445887,30.87680709659463,255.45927788415145,41.51217416834878,0.0,0.0,0.0,12.534076213622715,0.0,-1.5121741683487784,0.0,12.534076213622715,0.0,-2.823315769279681
332,66.59999999999717,-0.017453292519943295,0.2130428059126072,10.05347559949429,10.38612227144637,189.98214769403597,190.87652997622365,30.87212987241072,255.42057238421913,41.50588451832013,0.0,0.0,0.0,12.53234368396527,0.0,-1.50588451832013,0.0,12.53234368396527,0.0,-2.810860945810152
333,66.79999999999727,-0.017453292519943295,0.21306161445616795,10.05333742791517,10.385975372482239,189.95193604823845,190.84075826885785,30.867220475059224,255.3799461025493,41.499282740947,0.0,0.0,0.0,12.530527563200456,0.0,-1.4992827409470024,0.0,12.530527563200456,0.0,-2.797689073396616
334,66.99999999999737,-0.017453292519943295,0.2130815467340829,10.053190996620874,10.38581969222839,189.92031475970933,190.80364023182864,30.862082010534778,255.33742474181037,41.4923730129172,0.0,0.0,0.0,12.528628998429074,0.0,-1.4923730129171986,0.0,12.528628998429074,0.0,-2.78381250201041
335,67.19999999999747,-0.017453292519943295,0.21310259073480614,10.053036393070048,10.385655323691315,189.8873038321881,190.765199297712,30.8567177294483,255.2930352010919,41.48515970533714,0.0,0.0,0.0,12.52664918882533,0.0,-1.4851597053371393,0.0,12.52664918882533,0.0,-2.7692441380060107
336,67.39999999999758,-0.017453292519943295,0.21312473377508154,10.052873709624304,10.3854823650911,189.8529241466483,190.72545973742362,30.851131024961376,255.24680555881082,41.47764738095414,0.0,0.0,0.0,12.524589384879398,0.0,-1.4776473809541386,0.0,12.524589384879398,0.0,-2.7539974258559994
337,67.59999999999768,-0.017453292519943295,0.21314796250645965,10.052703043502762,10.385300919813043,189.81719744803772,190.6844466449115,30.84532543063156,255.19876505487477,41.469840791257944,0.0,0.0,0.0,12.522450887607604,0.0,-1.469840791257944,0.0,12.522450887607604,0.0,-2.738086329299361
338,67.79999999999778,-0.017453292519943295,0.2131722629221653,10.052524496734142,10.38511109635663,189.78014633146103,190.642185921323,30.839304618167034,255.14894407211324,41.461744873463275,0.0,0.0,0.0,12.520235047730658,0.0,-1.4617448734632745,0.0,12.520235047730658,0.0,-2.721525311940621
339,67.99999999999788,-0.017453292519943295,0.21319762036431536,10.052338176106364,10.384913008281885,189.74179422783908,190.59870425865748,30.83307239509625,255.0973741169885,41.45336474737538,0.0,0.0,0.0,12.517943264820518,0.0,-1.4533647473753817,0.0,12.517943264820518,0.0,-2.704329317338411
340,68.19999999999798,-0.017453291479645996,0.21322401953147804,10.052144193113735,10.384706774153123,189.70216538904012,190.55402912290694,30.826632702351723,255.04408779959994,41.4447057121407,0.0,0.0,0.0,12.515576986416393,0.0,-1.4447057121407028,0.0,12.515576986416393,0.0,-2.686513748622772
341,68.39999999999809,-0.017453291479645996,0.21325144448658054,10.05194266390164,10.384492517480082,189.66128487248713,190.50818873670195,30.819989611768772,254.98911881299318,41.435773242884636,0.0,0.0,0.0,12.51313770711044,0.0,-1.4357732428846361,0.0,12.51313770711044,0.0,-2.668094447681196
342,68.59999999999819,-0.017453291479645996,0.21327987866516634,10.051733709208756,10.384270366656375,189.6191785252683,190.46121206147737,30.813147323503422,254.93250191178734,41.42657298723843,0.0,0.0,0.0,12.51062696760375,0.0,-1.4265729872384298,0.0,12.51062696760375,0.0,-2.649087673953813
343,68.79999999999829,-0.017453291479645996,0.21330930488399255,10.051517454306827,10.384040454895397,189.57587296774074,190.41312877915922,30.806110163368036,254.87427289013567,41.41711076175781,0.0,0.0,0.0,12.50804635373321,0.0,-1.4171107617578116,0.0,12.50804635373321,0.0,-2.629510082879242
344,68.9999999999984,-0.017453291479645996,0.21333970534996805,10.051294028937996,10.383802920163586,189.5313955766602,190.3639692733865,30.798882580089863,254.81446855903292,41.4073925482354,0.0,0.0,0.0,12.50539749546985,0.0,-1.4073925482354,0.0,12.50539749546985,0.0,-2.609378704032457
345,69.1999999999985,-0.017453291479645996,0.21337106166944556,10.051063567249585,10.383557905111013,189.48577446782187,190.31376461029467,30.791469142490197,254.753126722982,41.39742448990906,0.0,0.0,0.0,12.502682065889326,0.0,-1.3974244899090635,0.0,12.502682065889326,0.0,-2.58871091899631
346,69.3999999999986,-0.017453291479645996,0.21340335485784245,10.050826207726523,10.383305556999426,189.43903847824518,190.2625465188481,30.78387453658938,254.6902861560383,41.38721288756911,0.0,0.0,0.0,12.49990178011516,0.0,-1.3872128875691132,0.0,12.49990178011516,0.0,-2.5675244390092926
347,69.5999999999987,-0.017453291479645996,0.21343656534960825,10.050582093121237,10.383046027627634,189.39121714790897,190.21034737075345,30.776103562638774,254.62598657724547,41.37676419556659,0.0,0.0,0.0,12.497058394235436,0.0,-1.3767641955665866,0.0,12.497058394235436,0.0,-2.54583728243158
348,69.7999999999988,-0.017453291479645996,0.21347067300852804,10.05033137038114,10.38277947325431,189.34234070103705,190.15720015995893,30.76816113207965,254.5602686254773,41.366085017725084,0.0,0.0,0.0,12.494153704193625,0.0,-1.3660850177250836,0.0,12.494153704193625,0.0,-2.5236677520715514
349,69.9999999999989,-0.017453291479645996,0.21350565713836647,10.05007419057361,10.382506054518137,189.29244002695737,190.10313848175562,30.760052264432836,254.49317383370268,41.35518210315879,0.0,0.0,0.0,12.491189544654208,0.0,-1.3551821031587892,0.0,12.491189544654208,0.0,-2.5010344124150703
350,70.19999999999901,-0.017453291479645996,0.2135414964938428,10.049810708808572,10.382225936355407,189.24154666055276,190.0481965114907,30.75178208412191,254.42474460269116,41.34406234199966,0.0,0.0,0.0,12.488167787843889,0.0,-1.3440623419996598,0.0,12.488167787843889,0.0,-2.4779560667998832
351,70.39999999999911,-0.017453290439348693,0.2135781692919396,10.04954108415862,10.381939287914998,189.18969276228964,189.9924089829059,30.743355817227886,254.35502417417425,41.33273276103608,0.0,0.0,0.0,12.485090342369029,0.0,-1.3327327610360769,0.0,12.485090342369029,0.0,-2.454451734576611
352,70.59999999999921,-0.017453290439348693,0.21361565322354797,10.04926547957669,10.381646282470742,189.13691109787388,189.93581116612503,30.734778788183295,254.28405660347926,41.3212005192659,0.0,0.0,0.0,12.481959152010155,0.0,-1.3212005192659007,0.0,12.481959152010155,0.0,-2.430540628297992
353,70.79999999999932,-0.017453290439348693,0.21365392546543335,10.048984061811346,10.381347097331279,189.08323501751642,189.87843884528527,30.726056416402834,254.21188673165636,41.309472903367066,0.0,0.0,0.0,12.478776194494207,0.0,-1.309472903367066,0.0,12.478776194494207,0.0,-2.4062421309777213
354,70.99999999999942,-0.017453290439348693,0.21369296269253582,10.048697001319605,10.38104191374726,189.02869843483722,189.82032829584946,30.71719421285526,254.1385601571112,41.297557323087894,0.0,0.0,0.0,12.475543480245376,0.0,-1.2975573230878936,0.0,12.475543480245376,0.0,-2.3815757734587946
355,71.19999999999952,-0.017453290439348693,0.21373274109058926,10.048404472177388,10.380730916816072,188.97333580541425,189.7615162615942,30.708197776577595,254.06412320676674,41.285461306560904,0.0,0.0,0.0,12.472263051115267,0.0,-1.2854613065609044,0.0,12.472263051115267,0.0,-2.356561211932103
356,71.39999999999962,-0.017453289399051393,0.21377323636906495,10.048106651987565,10.380414295383948,188.91718210499968,189.70203993130266,30.69907279113524,253.9886229067685,41.27319249554238,0.0,0.0,0.0,12.46893697909323,0.0,-1.2731924955423821,0.0,12.46893697909323,0.0,-2.331218205643839
357,71.59999999999972,-0.017453289399051393,0.21381442377443047,10.047803721785632,10.380092241945622,188.86027280740288,189.64193691516695,30.68982502102799,253.91210695275407,41.26075864058118,0.0,0.0,0.0,12.465567364997646,0.0,-1.2607586405811801,0.0,12.465567364997646,0.0,-2.305566594830573
358,71.79999999999983,-0.017453289399051393,0.2138562781037272,10.047495865943006,10.379764952541409,188.80264386207313,189.58124522092405,30.68046030804719,253.83462367970446,41.24816759611957,0.0,0.0,0.0,12.462156337148997,0.0,-1.248167596119572,0.0,12.462156337148997,0.0,-2.279626278919371
359,71.99999999999993,-0.01745328835875409,0.2138987737184517,10.047183272068025,10.379432626651862,188.74433167137477,189.52000322972893,30.670984567582966,253.756222031398,41.23542731552949,0.0,0.0,0.0,12.458706050025583,0.0,-1.235427315529492,0.0,12.458706050025583,0.0,-2.2534171950297925
360,72.20000000000003,-0.01745328835875409,0.21394188455875926,10.046866130904528,10.379095467089861,188.6853730675907,189.45824967180147,30.661403784887273,253.6769515294832,41.22254584608687,0.0,0.0,0.0,12.455218682902704,0.0,-1.2225458460868666,0.0,12.455218682902704,0.0,-2.22695929681294
361,72.40000000000013,-0.01745328731845679,0.2139855841579527,10.046544636228251,10.378753679890389,188.625805289651,189.39602360183127,30.651724011292302,253.59686224219476,41.20953132388797,0.0,0.0,0.0,12.451696438476178,0.0,-1.2095313238879726,0.0,12.451696438476178,0.0,-2.200272533662709
362,72.60000000000024,-0.01745328627815949,0.21402984565728536,10.046218984740854,10.378407474197756,188.56566595961127,189.333364374189,30.64195136038819,253.51600475272724,41.196391968710145,0.0,0.0,0.0,12.44814154147108,0.0,-1.1963919687101452,0.0,12.44814154147108,0.0,-2.1733768303317937
363,72.80000000000034,-0.01745328523786219,0.2140746418210497,10.045889375961734,10.378057062150523,188.50499305889454,189.2703116179358,30.632092004162367,253.43443012729077,41.18313607882083,0.0,0.0,0.0,12.44455623723655,0.0,-1.18313607882083,0.0,12.44455623723655,0.0,-2.1462920669850547
364,73.00000000000044,-0.017453283157267588,0.2141199450519637,10.045556012117592,10.377702658764012,188.4438249043079,189.2069052116639,30.622152169102204,253.35218988286607,41.169772025737764,0.0,0.0,0.0,12.440942790327593,0.0,-1.169772025737764,0.0,12.440942790327593,0.0,-2.119038059720626
365,73.20000000000054,-0.017453282116970288,0.21416572740683404,10.045219098029829,10.3773444818105,188.38220012385463,189.14318525817,30.612138132264512,253.26933595468066,41.15630824894386,0.0,0.0,0.0,12.43730348307472,0.0,-1.1563082489438585,0.0,12.43730348307472,0.0,-2.0916345415882445
366,73.40000000000065,-0.017453278996078386,0.21421196061250306,10.044878840999774,10.37698275169714,188.3201576323466,189.07919205898824,30.60205621731254,253.18592066342723,41.142753250560176,0.0,0.0,0.0,12.433640614142398,0.0,-1.142753250560176,0.0,12.433640614142398,0.0,-2.0641011441327777
367,73.60000000000075,-0.017453276915483783,0.21425861608207283,10.044535450691741,10.376617691341567,188.25773660684993,189.01496608879972,30.591912790525907,253.10199668224158,41.12911558997985,0.0,0.0,0.0,12.42995649707715,0.0,-1.1291155899798468,0.0,12.42995649707715,0.0,-2.0364573794888825
368,73.80000000000085,-0.01745327275429458,0.21430566493138758,10.044189139014078,10.376249526045351,188.19497646196243,188.9505479697222,30.58171425678315,253.01761700346646,41.11540387846718,0.0,0.0,0.0,12.426253458846277,0.0,-1.115403878467177,0.0,12.426253458846277,0.0,-2.0087226230523307
369,74.00000000000095,-0.017453268593105375,0.21435307799578854,10.043840119998075,10.37587848336522,188.131916824944,188.88597844551632,30.571467055520458,252.93283490521654,41.10162677372446,0.0,0.0,0.0,12.422533838368098,0.0,-1.1016267737244618,0.0,12.422533838368098,0.0,-1.9809160967504944
370,74.20000000000105,-0.017453263391618873,0.21440082584711065,10.043488609674963,10.375504792982216,188.06859751072136,188.82129835570166,30.56117765666988,252.84770391776976,41.08779297443056,0.0,0.0,0.0,12.418799985034628,0.0,-1.0877929744305632,0.0,12.418799985034628,0.0,-1.9530568529340915
371,74.40000000000116,-0.017453257149835068,0.21444887881094285,10.04313482595084,10.375128686568681,188.00505849677378,188.75654860962817,30.5508525565783,252.76227778980336,41.07391121475426,0.0,0.0,0.0,12.415054257227663,0.0,-1.0739112147542613,0.0,12.415054257227663,0.0,-1.925163758909684
372,74.60000000000126,-0.017453249867753963,0.2144972069841098,10.042778988479812,10.37475039765333,187.94133989792337,188.69177016048494,30.54049827391082,252.67661045449833,41.05999025884624,0.0,0.0,0.0,12.41129902082917,0.0,-1.0599902588462413,0.0,12.41129902082917,0.0,-1.8972554821314356
373,74.80000000000136,-0.017453240505078255,0.21454578025240398,10.042421318535153,10.374370161484233,187.8774819410408,188.62700397929933,30.530121345540476,252.59075599553083,41.046038895312655,0.0,0.0,0.0,12.407536647726943,0.0,-1.0460388953126554,0.0,12.407536647726943,0.0,-1.869350476068094
374,75.00000000000146,-0.017453229061807945,0.21459456830853063,10.04206203887873,10.373988214889962,187.81352493968132,188.562291028914,30.519728322426538,252.50476861297432,41.03206593167426,0.0,0.0,0.0,12.403769514316474,0.0,-1.0320659316742606,0.0,12.403769514316474,0.0,-1.8414669667602006
375,75.20000000000157,-0.017453214497645735,0.2146435406702698,10.041701373628678,10.373604796138865,187.74950926867433,188.4976722379724,30.509325765485343,252.41870258913295,41.018080188814295,0.0,0.0,0.0,12.399999999999972,0.0,-1.0180801888142952,0.0,12.399999999999972,0.0,-1.8136229400800907
376,75.40000000000167,-0.017453197852888923,0.2146926666988511,10.041339548125356,10.373220144796536,187.68547533867255,188.43318847493143,30.49892024145453,252.3326122543267,41.00409049541859,0.0,0.0,0.0,12.39623048568347,0.0,-1.0040904954185876,0.0,12.39623048568347,0.0,-1.785836129705619
377,75.60000000000177,-0.017453176006645605,0.2147419156175211,10.040976788795685,10.372834501581556,187.6214635706884,188.36888052211003,30.488518318755187,252.24655195265112,40.99010568241149,0.0,0.0,0.0,12.392463352273003,0.0,-0.9901056824114889,0.0,12.392463352273003,0.0,-1.7581240058168597
378,75.80000000000187,-0.017453151039510385,0.21479125653030107,10.040613323015958,10.372448108219622,187.55751437062074,188.30478904979535,30.478126563352433,252.16057600773243,40.9761345773911,0.0,0.0,0.0,12.388700979170777,0.0,-0.9761345773911003,0.0,12.388700979170777,0.0,-1.730503764522965
379,76.00000000000198,-0.01745311983059136,0.21484065844092468,10.040249378973096,10.372061207296033,187.4936681037923,188.2409545904244,30.467751534617783,252.0747386884993,40.96218599906714,0.0,0.0,0.0,12.384945742772283,0.0,-0.9621859990671382,0.0,12.384945742772283,0.0,-1.7029923180245397
380,76.20000000000208,-0.017453081339591232,0.21489009027193903,10.039885185524579,10.37167404210676,187.42996506952815,188.17741751284967,30.457399781198106,251.98909417499374,40.948268751705236,0.0,0.0,0.0,12.381200014965318,0.0,-0.9482687517052355,0.0,12.381200014965318,0.0,-1.6756062855152687
381,76.40000000000218,-0.017453035566509994,0.21493952088397328,10.03952097205692,10.371286856507988,187.36644547576148,188.11421799672243,30.44707783688908,251.90369652423988,40.9343916195806,0.0,0.0,0.0,12.377466161631848,0.0,-0.9343916195806017,0.0,12.377466161631848,0.0,-1.6483619848241369
382,76.60000000000228,-0.01745297835015845,0.21498891909513906,10.039156968343004,10.37089989476444,187.30314941371387,188.05139600698288,30.436792216520722,251.81859963619647,40.92056336144529,0.0,0.0,0.0,12.373746541153668,0.0,-0.9205633614452893,0.0,12.373746541153668,0.0,-1.6212754247985846
383,76.80000000000238,-0.0174529096905366,0.21503825370058283,10.038793404398128,10.370513401396344,187.24011683264266,187.9889912685069,30.426549411853845,251.73385721980912,40.90679270501169,0.0,0.0,0.0,12.370043502922798,0.0,-0.9067927050116893,0.0,12.370043502922798,0.0,-1.5943622984261077
384,77.00000000000249,-0.017452827507049833,0.21508749349214829,10.038430510335031,10.370127621025317,187.17738751468318,187.92704324089505,30.416355887491907,251.6495227591876,40.89308834145633,0.0,0.0,0.0,12.36635938585755,0.0,-0.8930883414563269,0.0,12.36635938585755,0.0,-1.5676379766908783
385,77.20000000000259,-0.017452726598211656,0.2151366072781617,10.03806851621785,10.369742798219118,187.11500104979945,187.86559109344404,30.406218076810486,251.56564947992692,40.87945891994705,0.0,0.0,0.0,12.362696516925226,0.0,-0.879458919947048,0.0,12.362696516925226,0.0,-1.5411175031595972
386,77.40000000000269,-0.01745260488342746,0.21518556390330512,10.037707651915223,10.369359177335502,187.05299681085805,187.80467368029593,30.396142377906813,251.482290315595,40.865913042197235,0.0,0.0,0.0,12.359057209672354,0.0,-0.865913042197235,0.0,12.359057209672354,0.0,-1.514815589289381
387,77.6000000000028,-0.017452458201508043,0.2152343322685871,10.037348146952507,10.368977002365138,186.9914139288369,187.7443295158008,30.386135149571146,251.3994978744058,40.8524592570502,0.0,0.0,0.0,12.355443762763397,0.0,-0.8524592570501994,0.0,12.355443762763397,0.0,-1.4887466104484472
388,77.8000000000029,-0.017452281350966905,0.215282881351381,10.036990230363301,10.368596516773792,186.9302912681923,187.68459675009447,30.376202707283955,251.31732440610034,40.83910605509736,0.0,0.0,0.0,12.351858458528868,0.0,-0.8391060550973606,0.0,12.351858458528868,0.0,-1.462924602638954
389,78.000000000003,-0.017452069130317542,0.21533118022552236,10.036634130540353,10.368217963343856,186.86966740239473,187.62551314491014,30.366351319240465,251.23582176905586,40.825861863333444,0.0,0.0,0.0,12.348303561523771,0.0,-0.8258618633334436,0.0,12.348303561523771,0.0,-1.4373632599095139
390,78.2000000000031,-0.01745181425747884,0.21537919808146078,10.036280075085886,10.367841584015279,186.80958058964652,187.56711604964892,30.356587202404764,251.15504139764252,40.81273503985195,0.0,0.0,0.0,12.344781317097246,0.0,-0.8127350398519511,0.0,12.344781317097246,0.0,-1.4120759324432584
391,78.4000000000032,-0.017451510490667003,0.21542690424642993,10.035928290661598,10.367467619726142,186.7500687488045,187.50944237770258,30.34691651859725,251.0750342698508,40.799733868584624,0.0,0.0,0.0,12.341293949974366,0.0,-0.7997338685846245,0.0,12.341293949974366,0.0,-1.3870756253061398
392,78.6000000000033,-0.017451150547800925,0.21547426820465376,10.035579002838244,10.367096310252798,186.69116943551302,187.4525285830756,30.337345370616237,250.99585087520495,40.78686655408736,0.0,0.0,0.0,12.337843662850952,0.0,-0.7868665540873607,0.0,12.337843662850952,0.0,-1.362374997837819
393,78.80000000000341,-0.017450724025907593,0.21552125961754112,10.035232435945094,10.366727894049896,186.63291981856648,187.39641063728823,30.327879798396854,250.9175411829884,40.77414121637683,0.0,0.0,0.0,12.334432635002305,0.0,-0.7741412163768331,0.0,12.334432635002305,0.0,-1.3379863636671792
394,79.00000000000351,-0.017450218441419394,0.2155678483438776,10.034888812919272,10.366362608090265,186.57535665652173,187.34112400659978,30.31852577521056,250.84015461079548,40.761565885820154,0.0,0.0,0.0,12.33106302090672,0.0,-0.7615658858201542,0.0,12.33106302090672,0.0,-1.3139216913319722
395,79.20000000000361,-0.01744962131076873,0.21561400445998924,10.034548355155112,10.366000687704839,186.518516274561,187.28670362955523,30.309289203905365,250.76373999343264,40.749148498081304,0.0,0.0,0.0,12.327736948884684,0.0,-0.7491484980813041,0.0,12.327736948884684,0.0,-1.290192605481587
396,79.40000000000371,-0.01744891806979338,0.21565969827986234,10.034211282353693,10.36564236642276,186.4624345416365,187.23318389486963,30.300175913191843,250.68834555218717,40.73689688912731,0.0,0.0,0.0,12.324456519754577,0.0,-0.7368968891273084,0.0,12.324456519754577,0.0,-1.2668103886402577
397,79.60000000000382,-0.017448092073736536,0.21570490037520845,10.033877812372609,10.365287875811754,186.40714684789856,187.1805986196697,30.291191653975172,250.6140188644822,40.72481879029715,0.0,0.0,0.0,12.321223805505745,0.0,-0.7248187902971495,0.0,12.321223805505745,0.0,-1.2437859835068612
398,79.80000000000392,-0.01744712459724678,0.21574958159545618,10.033548161076126,10.364937445318906,186.3526880824219,187.1289810281027,30.282342095735657,250.54080683393735,40.712921823436645,0.0,0.0,0.0,12.3180408479898,0.0,-0.7129218234366448,0.0,12.3180408479898,0.0,-1.2211299957664574
399,80.00000000000402,-0.0174459969149727,0.21579371308765355,10.033222542185866,10.364591302112018,186.2990926112578,187.07836373032612,30.273632822962217,250.4687556608541,40.70121349610229,0.0,0.0,0.0,12.314909657630926,0.0,-0.7012134961022909,0.0,12.314909657630926,0.0,-1.1988526973875748
400,80.20000000000412,-0.017444686140373675,0.21583726631626265,10.032901167132124,10.36424967092161,186.24639425580122,187.02877870189135,30.26506933163703,250.39791081314294,40.68970119683693,0.0,0.0,0.0,12.311832212156068,0.0,-0.6897011968369284,0.0,12.311832212156068,0.0,-1.1769640303782172
401,80.40000000000423,-0.01744316730631449,0.21588021308283836,10.032584244905923,10.363912773883765,186.19462627151307,186.98025726353882,30.2566570257779,250.32831699771177,40.678392190520356,0.0,0.0,0.0,12.308810455345748,0.0,-0.6783921905203556,0.0,12.308810455345748,0.0,-1.1554736109727748
402,80.60000000000433,-0.01744141440536262,0.21592252554556418,10.032271981911993,10.363580830383901,186.14382132699194,186.93283006141073,30.248401214037408,250.26001813233214,40.66729361379759,0.0,0.0,0.0,12.305846295806333,0.0,-0.6672936137975896,0.0,12.305846295806333,0.0,-1.1343907342211144
403,80.80000000000443,-0.017439400389788248,0.21596417623863245,10.03196458182277,10.363254056901667,186.0940114834136,186.8865270476954,30.24030710636182,250.1930573180023,40.656412470587846,0.0,0.0,0.0,12.302941605764522,0.0,-0.6564124705878456,0.0,12.302941605764522,0.0,-1.1137243789504536
404,81.00000000000453,-0.01743709405067235,0.21600513809145883,10.031662245433514,10.362932666857025,186.04522817435887,186.84137746172263,30.232379810713127,250.12747681182196,40.6457556276767,0.0,0.0,0.0,12.3000982198848,0.0,-0.6457556276766994,0.0,12.3000982198848,0.0,-1.0934832130698116
405,81.20000000000464,-0.017434465219393194,0.2160453844477044,10.031365170518745,10.362616870457732,185.99750218602514,186.79740981151247,30.224624329853416,250.0633180003983,40.63532981039454,0.0,0.0,0.0,12.297317934110634,0.0,-0.6353298103945377,0.0,12.297317934110634,0.0,-1.0736755991865252
406,81.40000000000474,-0.017431481646734467,0.21608488908409226,10.031073551690096,10.362306874548329,185.95086363785458,186.75465185579264,30.21704555819693,250.00062137379788,40.625141598383756,0.0,0.0,0.0,12.294602504530111,0.0,-0.625141598383756,0.0,12.294602504530111,0.0,-1.0543096005035686
407,81.60000000000484,-0.017428109002885234,0.21612362622900477,10.030787580255685,10.362002882460752,185.90534196357362,186.71313058649847,30.209648278728995,249.93942650006062,40.615197421457275,0.0,0.0,0.0,12.291953646266752,0.0,-0.6151974214572746,0.0,12.291953646266752,0.0,-1.0353929869661123
408,81.80000000000494,-0.01742431607892647,0.2161615705808413,10.030507444081211,10.361705093866782,185.86096589266674,186.672872211763,30.202437159995508,249.87977200029385,40.60550355555131,0.0,0.0,0.0,12.289373032396213,0.0,-0.6055035555513086,0.0,12.289373032396213,0.0,-1.016933241625631
409,82.00000000000504,-0.017420069585344557,0.21619869732611696,10.030233327452855,10.361413704632401,185.81776343229174,186.6339021394072,30.195416753164164,249.8216955243588,40.596066118774424,0.0,0.0,0.0,12.286862292889523,0.0,-0.5960661187744236,0.0,12.286862292889523,0.0,-0.9989375671892564
410,82.20000000000515,-0.017415338313220462,0.2162349821572948,10.029965410942118,10.361128906674226,185.77576184964303,186.59624496094625,30.188591489158483,249.76523372716733,40.58689106755576,0.0,0.0,0.0,12.284423013583572,0.0,-0.5868910675557615,0.0,12.284423013583572,0.0,-0.9814128927223875
411,82.40000000000525,-0.01741009521482437,0.21627040129032155,10.029703871272776,10.36085088781819,185.73498765478777,186.5599244361127,30.18196567586869,249.71042224560225,40.57798419289456,0.0,0.0,0.0,12.282056735179447,0.0,-0.5779841928945615,0.0,12.282056735179447,0.0,-0.9643658804721768
412,82.60000000000535,-0.017404314282723758,0.21630493148186572,10.029448881190012,10.360579831660523,185.69546658396646,186.52496347791876,30.175543495438045,249.65729567607545,40.56935111671338,0.0,0.0,0.0,12.279764952269309,0.0,-0.5693511167133778,0.0,12.279764952269309,0.0,-0.947802932779753
413,82.80000000000545,-0.017397974710972607,0.21633855004622268,10.029200609331964,10.360315917431326,185.65722358339025,186.4913841382498,30.16932900162992,249.6058875527393,40.560997288317424,0.0,0.0,0.0,12.277549112392364,0.0,-0.5609972883174237,0.0,12.277549112392364,0.0,-0.9317301990491835
414,83.00000000000556,-0.017391061935408708,0.21637123487189097,10.028959220103687,10.360059319860694,185.62028279352177,186.45920759401778,30.163326117273407,249.55623032636302,40.552927980961975,0.0,0.0,0.0,12.27541061512057,0.0,-0.5529279809619752,0.0,12.27541061512057,0.0,-0.9161535827412708
415,83.20000000000566,-0.017383565553059057,0.21640296443778484,10.028724873553784,10.35981020904769,185.5846675338692,186.42845413386533,30.15753863179238,249.5083553438889,40.545148288530235,0.0,0.0,0.0,12.273350811174643,0.0,-0.5451482885302354,0.0,12.273350811174643,0.0,-0.9010787483607731
416,83.40000000000576,-0.017375483483329048,0.216433717829079,10.028497725253766,10.3595687503322,185.55040028829214,186.39914314543995,30.151970198817672,249.46229282867947,40.537663122323536,0.0,0.0,0.0,12.271371001570898,0.0,-0.5376631223235364,0.0,12.271371001570898,0.0,-0.8865111284058804
417,83.60000000000586,-0.01736682716948899,0.21646347475267097,10.02827792618024,10.35933510416982,185.51750269082834,186.37129310324735,30.14662433388394,249.41807186146923,40.53047720796596,0.0,0.0,0.0,12.269472436799518,0.0,-0.5304772079659585,0.0,12.269472436799518,0.0,-0.8724559302493925
418,83.80000000000597,-0.017357613256295697,0.21649221555222498,10.028065622600202,10.35910942601002,185.48599551206004,186.34492155707272,30.14150441221417,249.37572036203352,40.52359508242553,0.0,0.0,0.0,12.267656316034705,0.0,-0.5235950824255298,0.0,12.267656316034705,0.0,-0.8589181429216384
419,84.00000000000607,-0.017347869831776285,0.21651992122281624,10.027860955959326,10.358891866177508,185.45589864601445,186.32004512100823,30.136613666591018,249.33526507158257,40.51702109115326,0.0,0.0,0.0,12.265923786377261,0.0,-0.5170210911532607,0.0,12.265923786377261,0.0,-0.8459025437655562
420,84.20000000000617,-0.01733762498395789,0.21654657342512532,10.027664062773612,10.358682569757145,185.4272310976165,186.29667946306105,30.131955185317867,249.2967315358967,40.5107593853426,0.0,0.0,0.0,12.264275942130048,0.0,-0.5107593853426025,0.0,12.264275942130048,0.0,-0.8334137049355947
421,84.40000000000627,-0.01732694633216505,0.21657215449919873,10.027475074524288,10.358481676482345,185.40001097069919,186.27483929537735,30.127531910270527,249.26014408920867,40.50481391931033,0.0,0.0,0.0,12.262713824106816,0.0,-0.5048139193103296,0.0,12.262713824106816,0.0,-0.8214559997123653
422,84.60000000000637,-0.017315899415127727,0.21659664747773266,10.027294117556295,10.358289320627255,185.37425545657774,186.25453836506048,30.12334663504052,249.22552583884647,40.499188448001,0.0,0.0,0.0,12.261238418974786,0.0,-0.49918844800100004,0.0,12.261238418974786,0.0,-0.8100336086063229
423,84.80000000000648,-0.017304562255143475,0.21662003609888902,10.02712131298031,10.358105630902708,185.34998082319444,186.23578944561132,30.119402003171103,249.19289865064502,40.49388652461634,0.0,0.0,0.0,12.259850658631466,0.0,-0.4938865246163431,0.0,12.259850658631466,0.0,-0.7991505252244406
424,85.00000000000658,-0.01729302639837477,0.21664230481861874,10.026956776578473,10.357930730356102,185.32720240484787,186.21860432898526,30.115700506488285,249.16228313513506,40.488911498370946,0.0,0.0,0.0,12.25855141961603,0.0,-0.48891149837094616,0.0,12.25855141961603,0.0,-0.7888105618749359
425,85.20000000000668,-0.017281393793957087,0.21666343882247732,10.026800618713974,10.35776473627539,185.30593459249826,186.2029938182683,30.11224448352545,249.13369863452044,40.48426651237609,0.0,0.0,0.0,12.25734152255569,0.0,-0.4842665123760881,0.0,12.25734152255569,0.0,-0.7790173548864068
426,85.40000000000678,-0.017269775753701616,0.21668342403693125,10.026652944244487,10.357607760097157,185.28619082467173,186.18896772098773,30.109036118045275,249.1071632104489,40.47995450165245,0.0,0.0,0.0,12.256221731647358,0.0,-0.47995450165245046,0.0,12.256221731647358,0.0,-0.7697743696185405
427,85.60000000000689,-0.017258291911797948,0.21670224714012765,10.026513852439685,10.357459907319006,185.26798357895896,186.1765348430474,30.10607743765827,249.08269363258648,40.4759781912735,0.0,0.0,0.0,12.255192754174976,0.0,-0.47597819127349794,0.0,12.255192754174976,0.0,-0.761084905143202
428,85.80000000000699,-0.01724707126511139,0.21671989557212715,10.026383436902838,10.357321277416329,185.25132436411437,186.1657029833007,30.1033703125389,249.0603053680026,40.472340094640515,0.0,0.0,0.0,12.254255240062768,0.0,-0.47234009464051496,0.0,12.254255240062768,0.0,-0.7529520985757269
429,86.00000000000709,-0.017236242810507237,0.21673635754458317,10.026261785496636,10.35719196376351,185.2362237127703,186.15647892876106,30.10091645424163,249.04001257137068,40.46904251189025,0.0,0.0,0.0,12.253409781464743,0.0,-0.46904251189025103,0.0,12.253409781464743,0.0,-0.7453789290376759
430,86.2000000000072,-0.017225940746337293,0.21675162204986087,10.026148980273266,10.357072053559692,185.22269117474914,186.1488684504555,30.09871741461415,249.02182807599277,40.466087528436354,0.0,0.0,0.0,12.252656912390671,0.0,-0.46608752843635415,0.0,12.252656912390671,0.0,-0.7383682212337167
431,86.4000000000073,-0.017216296150061462,0.21676567886957537,10.02604509740894,10.356961627759238,185.21073531101058,186.14287629991338,30.096774584813804,249.00576338565318,40.46347701364566,0.0,0.0,0.0,12.251997108368798,0.0,-0.4634770136456581,0.0,12.251997108368798,0.0,-0.7319226486268529
432,86.6000000000074,-0.01720743905884235,0.21677851858255523,10.025950207142806,10.356860761006875,185.20036368820277,186.13850620630893,30.095089194422147,248.99182866730573,40.4612126196498,0.0,0.0,0.0,12.251430786145484,0.0,-0.46121261964979965,0.0,12.251430786145484,0.0,-0.7260447361974507
433,86.8000000000075,-0.017199490147166843,0.21679013257221222,10.025864373720422,10.356769521577656,185.19158287384653,186.1357608742472,30.093662310662374,248.98003274459955,40.45929578029321,0.0,0.0,0.0,12.250958303421983,0.0,-0.4592957802932105,0.0,12.250958303421983,0.0,-0.7207368627733082
434,87.0000000000076,-0.017192561767143434,0.2168005130333012,10.025787655341867,10.356687971321866,185.18439843214534,186.13464198218992,30.092494837718455,248.97038309224988,40.457727710218315,0.0,0.0,0.0,12.250579958628512,0.0,-0.4577277102183146,0.0,12.250579958628512,0.0,-0.7160012629195777
435,87.2000000000077,-0.0171867548276103,0.2168096529780852,10.025720104114443,10.356616165614799,185.17881492042116,186.13515018154084,30.091587516155958,248.962885831253,40.45650940408802,0.0,0.0,0.0,12.25029599073575,0.0,-0.4565094040880169,0.0,12.25029599073575,0.0,-0.7118400283786438
436,87.40000000000781,-0.017182154632946107,0.21681754624187935,10.02566176601013,10.356554153311576,185.1748358861877,186.13728509637528,30.090940922446425,248.9575457249526,40.455641635946435,0.0,0.0,0.0,12.250106579103907,0.0,-0.45564163594643503,0.0,12.250106579103907,0.0,-0.7082551090521012
437,87.60000000000791,-0.01717882880247541,0.21682418748796067,10.025612680827896,10.35650197670713,185.1724638648578,186.14104532380568,30.09055546859486,248.95436617596025,40.4551249587185,0.0,0.0,0.0,12.250011843369427,0.0,-0.4551249587184998,0.0,12.250011843369427,0.0,-0.7052483135185188
438,87.80000000000801,-0.01717682935106325,0.21682957221187074,10.025572882160697,10.356459671501145,185.17170037807787,186.14642843501503,30.090431401869058,248.95334922392718,40.45495970384787,0.0,0.0,0.0,12.25001184336943,0.0,-0.45495970384786943,0.0,12.25001184336943,0.0,-0.702821309081944
439,88.00000000000811,-0.017176185407034045,0.21683369674506875,10.025542397367438,10.356427266768309,185.17254593271278,186.1534309769213,30.090568804634632,248.95449554417556,40.45514598107451,0.0,0.0,0.0,12.250106579103917,0.0,-0.45514598107450865,0.0,12.250106579103917,0.0,-0.700975621348518
440,88.20000000000822,-0.01717690737336081,0.2168365582579532,10.025521247549811,10.356404784933696,185.17500002045728,186.16204847449282,30.090967594291904,248.95780444718596,40.4556836783514,0.0,0.0,0.0,12.250295990735768,0.0,-0.45568367835139867,0.0,12.250295990735768,0.0,-0.6997126333296537
441,88.40000000000832,-0.01717898484707053,0.2168381547622381,10.025509447534084,10.356392241753435,185.17906111809256,186.17227543370421,30.091627523317566,248.9632738789432,40.456572461900734,0.0,0.0,0.0,12.250579958628538,0.0,-0.4565724619007341,0.0,12.250579958628538,0.0,-0.6990335840722133
442,88.60000000000842,-0.01718238453864959,0.21683848511268766,10.02550700585782,10.35638964630061,185.1847266883771,186.18410534513575,30.092548179409462,248.97090042213995,40.45781177640952,0.0,0.0,0.0,12.250958303422017,0.0,-0.4578117764095211,0.0,12.250958303422017,0.0,-0.6989395668177781
443,88.80000000000852,-0.017187056513827535,0.21683754900820265,10.025513924761599,10.356397000956457,185.1919931815774,186.19753068821132,30.093728985735314,248.980679298238,40.45940084536452,0.0,0.0,0.0,12.251430786145525,0.0,-0.4594008453645202,0.0,12.251430786145525,0.0,-0.6994315266947961
444,89.00000000000863,-0.01719293107268522,0.21683534699225168,10.025530200185758,10.356414301406918,185.20085603763616,186.21254293606506,30.095169201285078,248.99260437038706,40.46133867152657,0.0,0.0,0.0,12.251997108368846,0.0,-0.46133867152656904,0.0,12.251997108368846,0.0,-0.7005102579491448
445,89.20000000000873,-0.017199920830249377,0.2168318804526657,10.025555821772048,10.356441536644382,185.211309688972,186.2291325610537,30.09686792132587,249.00666814719636,40.46362403754345,0.0,0.0,0.0,12.252656912390728,0.0,-0.46362403754344683,0.0,12.252656912390728,0.0,-0.7021764007200981
446,89.40000000000883,-0.01720792591797913,0.2168271516207644,10.025590772870414,10.356478688974889,185.2233475639233,186.24728904087942,30.098824077961616,249.02286178736156,40.46625550670176,0.0,0.0,0.0,12.253409781464807,0.0,-0.4662555067017635,0.0,12.253409781464807,0.0,-0.7044304373707965
447,89.60000000000893,-0.017216832943468683,0.21682116356984832,10.025635030550669,10.356525734030523,185.2369620908095,186.26700086535266,30.101036440792985,249.04117510514016,40.4692314238167,0.0,0.0,0.0,12.25425524006284,0.0,-0.46923142381670147,0.0,12.25425524006284,0.0,-0.7072726883833892
448,89.80000000000904,-0.017226519151636543,0.21681392021303403,10.025688565619202,10.356582640787154,185.25214470264117,186.28825554376564,30.10350361768281,249.0615965766745,40.472549916259524,0.0,0.0,0.0,12.255192754175054,0.0,-0.47254991625952414,0.0,12.255192754175054,0.0,-0.7107033078311462
449,90.00000000000914,-0.017236856585914714,0.21680542630044247,10.025751342640667,10.356649371587464,185.26888584243827,186.31103961288105,30.106224055620274,249.08411334715856,40.47620889512216,0.0,0.0,0.0,12.256221731647443,0.0,-0.4762088951221628,0.0,12.256221731647443,0.0,-0.7147222784411114
450,90.20000000000924,-0.01724771208824869,0.21679568741574673,10.0258233199646,10.3567258821692,185.28717496918827,186.335338645533,30.109196041689138,249.1087112388432,40.48020605651808,0.0,0.0,0.0,12.25734152255578,0.0,-0.48020605651807813,0.0,12.25734152255578,0.0,-0.7193294062624902
451,90.40000000000934,-0.017258953540881267,0.21678470997207738,10.025904449756949,10.35681212169867,185.30700056441395,186.36113725983074,30.112417704134973,249.13537475987602,40.484538883018736,0.0,0.0,0.0,12.25855141961613,0.0,-0.48453888301873604,0.0,12.25855141961613,0.0,-0.7245243149575183
452,90.60000000000944,-0.017270449866352542,0.2167725012072899,10.025994678036527,10.356908032809429,185.32835013936534,186.38841912895728,30.115887013533882,249.16408711397077,40.489204645224895,0.0,0.0,0.0,12.25985065863157,0.0,-0.4892046452248948,0.0,12.25985065863157,0.0,-0.7303064397330257
453,90.80000000000955,-0.017282073108094518,0.21675906917860527,10.02609394471625,10.357013551646075,185.3512102428185,186.4171669915654,30.119601784059792,249.19483021089886,40.49420040347147,0.0,0.0,0.0,12.2612384189749,0.0,-0.4942004034714671,0.0,12.2612384189749,0.0,-0.7366750209321827
454,91.00000000000965,-0.0172937057125122,0.21674442275661507,10.026202183649255,10.357128607913223,185.37556646948602,186.4473626627485,30.123559674851155,249.2275846777997,40.49952300966547,0.0,0.0,0.0,12.262713824106935,0.0,-0.4995230096654666,0.0,12.262713824106935,0.0,-0.7436290973075712
455,91.20000000000975,-0.0173052342871998,0.21672857161867473,10.026319322679713,10.357253124929448,185.401403469028,186.47898704559674,30.12775819147524,249.26232987129995,40.505169109255355,0.0,0.0,0.0,12.264275942130174,0.0,-0.5051691092553554,0.0,12.264275942130174,0.0,-0.7511674989977113
456,91.40000000000985,-0.01731655792331914,0.216711526241684,10.026445283698314,10.357387019686204,185.4287049556619,186.5120201433235,30.13219468748975,249.29904389043492,40.51113514333082,0.0,0.0,0.0,12.265923786377392,0.0,-0.5111351433308187,0.0,12.265923786377392,0.0,-0.7592888402305696
457,91.60000000000996,-0.017327587155302353,0.2166932978942539,10.026579982702453,10.357530202911743,185.45745371836153,186.5464410719461,30.136866366100115,249.33770359036714,40.517417350852014,0.0,0.0,0.0,12.267656316034845,0.0,-0.5174173508520141,0.0,12.267656316034845,0.0,-0.7679915117789606
458,91.80000000001006,-0.017338245001149173,0.21667389862828282,10.026723329860928,10.357682579139803,185.48763163164188,186.58222807352678,30.141770281912088,249.3782845968896,40.524011771006336,0.0,0.0,0.0,12.269472436799663,0.0,-0.5240117710063359,0.0,12.269472436799663,0.0,-0.7772736731934388
459,92.00000000001016,-0.01734846280123775,0.21665334126994296,10.026875229583135,10.357844046783084,185.51921966692493,186.61935852995845,30.146903342778646,249.42076132170757,40.530914245691726,0.0,0.0,0.0,12.27137100157105,0.0,-0.5309142456917257,0.0,12.27137100157105,0.0,-0.7871332448397509
460,92.20000000001026,-0.017358178137730034,0.2166316394100891,10.027035580592656,10.358014498211402,185.55219790447285,186.65780897728752,30.15226231173915,249.46510697848825,40.53812042212476,0.0,0.0,0.0,12.2733508111748,0.0,-0.5381204221247629,0.0,12.2733508111748,0.0,-0.7975678997686588
461,92.40000000001037,-0.017367360842004305,0.21660880739409216,10.027204276005238,10.358193819834483,185.58654554588878,186.6975551205588,30.157843809050735,249.51129359967,40.54562575557213,0.0,0.0,0.0,12.275410615120736,0.0,-0.5456257555721322,0.0,12.275410615120736,0.0,-0.8085750554470048
462,92.60000000001047,-0.017375985946925337,0.2165848603111234,10.027381203410929,10.358381892189195,185.62224092717298,186.73857184918694,30.163644314309924,249.55929205401875,40.55342551220356,0.0,0.0,0.0,12.277549112392535,0.0,-0.5534255122035603,0.0,12.277549112392535,0.0,-0.8201518653795505
463,92.80000000001057,-0.017384034727141725,0.21655981398288163,10.027566244960457,10.358578590031263,185.6592615323276,186.7808332528268,30.169660168663405,249.60907206492277,40.561514772064726,0.0,0.0,0.0,12.279764952269486,0.0,-0.5615147720647258,0.0,12.279764952269486,0.0,-0.8322952106521069
464,93.00000000001067,-0.01739149781997775,0.21653368495179656,10.027759277455555,10.358783782431198,185.69758400750098,186.82431263775229,30.175887577106487,249.66060222941226,40.56988843216793,0.0,0.0,0.0,12.28205673517963,0.0,-0.5698884321679287,0.0,12.28205673517963,0.0,-0.8450016914268081
465,93.20000000001077,-0.017398377306028022,0.21650649046869674,10.027960172443345,10.358997332874537,185.7371841756647,186.86898254371175,30.182322610868127,249.7138500378954,40.57854120969922,0.0,0.0,0.0,12.28442301358376,0.0,-0.5785412096992175,0.0,12.28442301358376,0.0,-0.8582676184214637
466,93.40000000001088,-0.017404683588265545,0.21647824847997982,10.028168796314484,10.359219099366047,185.77803705181242,186.91481476127248,30.188961209880727,249.76878189459407,40.58746764533918,0.0,0.0,0.0,12.286862292889719,0.0,-0.5874676453391814,0.0,12.286862292889719,0.0,-0.8720890044048001
467,93.60000000001098,-0.017410432271149832,0.21644897761427567,10.028385010405099,10.359448934538008,185.82011685867104,186.96178034962088,30.19579918533323,249.82536313867107,40.59666210669616,0.0,0.0,0.0,12.289373032396412,0.0,-0.5966621066961579,0.0,12.289373032396412,0.0,-0.8864615557404442
468,93.80000000001108,-0.0174156452009242,0.21641869716863302,10.028608671102338,10.35968668576229,185.8633970429145,187.0098496548253,30.20283222230583,249.88355806603312,40.60611879184918,0.0,0.0,0.0,12.291953646266958,0.0,-0.6061187918491768,0.0,12.291953646266958,0.0,-0.9013806640123591
469,94.00000000001118,-0.017420346304426574,0.21638742709423262,10.028839629953435,10.359932195266184,185.90785029187472,187.0589923285361,30.210055882485527,249.9433299517967,40.6158317329987,0.0,0.0,0.0,12.29460250453032,0.0,-0.6158317329987,0.0,12.29460250453032,0.0,-0.9168413977649381
470,94.20000000001129,-0.017424564709981365,0.2163551879816523,10.029077733778147,10.360185300251834,185.95344855072884,187.1091773471252,30.217465606959042,250.0046410734026,40.62579480022273,0.0,0.0,0.0,12.29731793411085,0.0,-0.625794800222728,0.0,12.29731793411085,0.0,-0.9328384943909669
471,94.40000000001139,-0.017428331626507608,0.21632200104568475,10.029322824784504,10.360445833019144,186.0001630401636,187.16037303123673,30.225056719083305,250.06745273436536,40.63600170533608,0.0,0.0,0.0,12.30009821988502,0.0,-0.6360017053360778,0.0,12.30009821988502,0.0,-0.949366352200823
472,94.60000000001149,-0.01743167930322162,0.21628788810973884,10.029574740687677,10.360713621092046,186.0479642745003,187.2125470657524,30.232824427430725,250.13172528864246,40.64644600585041,0.0,0.0,0.0,12.302941605764747,0.0,-0.6464460058504073,0.0,12.302941605764747,0.0,-0.9664190227062162
473,94.8000000000116,-0.017434641029637033,0.21625287158982756,10.029833314831874,10.36098848734796,186.0968220802642,187.2656665201471,30.240763828806763,250.19741816560742,40.65712110903232,0.0,0.0,0.0,12.305846295806564,0.0,-0.6571211090323175,0.0,12.305846295806564,0.0,-0.9839902031515078
474,95.0000000000117,-0.017437250095267472,0.21621697447816982,10.030098376315127,10.361270250150334,186.146705615201,187.3196978692325,30.248869911340076,250.26448989561248,40.668020276057305,0.0,0.0,0.0,12.308810455345983,0.0,-0.6680202760573053,0.0,12.308810455345983,0.0,-1.0020732293257149
475,95.2000000000118,-0.017439536668734653,0.21618022032640755,10.030369750116861,10.361558723484139,186.19758338770998,187.37460701426158,30.25713755764043,250.3328981361239,40.67913662625676,0.0,0.0,0.0,12.311832212156308,0.0,-0.6791366262567635,0.0,12.311832212156308,0.0,-1.0206610686876876
476,95.4000000000119,-0.017441534039552214,0.21614263322847227,10.030647257228065,10.361853717094137,186.24942327669962,187.43035930439746,30.265561548025236,250.4025996984137,40.69046314145537,0.0,0.0,0.0,12.314909657631171,0.0,-0.6904631414553677,0.0,12.314909657631171,0.0,-1.039746313836723
477,95.600000000012,-0.017443271336044574,0.21610423780310548,10.030930714783967,10.36215503662581,186.30219255183633,187.4869195585221,30.274136563809968,250.47355057479103,40.701992670396216,0.0,0.0,0.0,12.318040847990048,0.0,-0.7019926703962156,0.0,12.318040847990048,0.0,-1.059321176360328
478,95.8000000000121,-0.017444776646238846,0.2160650591760515,10.031219936199085,10.362462483768802,186.35585789419136,187.54425208737172,30.282857190663286,250.54570596635696,40.71371793325094,0.0,0.0,0.0,12.321223805505998,0.0,-0.7137179332509405,0.0,12.321223805505998,0.0,-1.0793774810902936
479,96.00000000001221,-0.01744607597756756,0.21602512296194737,10.031514731304464,10.362775856402715,186.4103854172549,187.60232071599324,30.291717922021846,250.6190203112636,40.72563152621186,0.0,0.0,0.0,12.324456519754833,0.0,-0.7256315262118633,0.0,12.324456519754833,0.0,-1.0999066607974817
480,96.20000000001231,-0.017447193256868634,0.2159844552459144,10.031814906487055,10.363094948745152,186.46574068831887,187.6610888064952,30.300713162564982,250.69344731346163,40.73772592616344,0.0,0.0,0.0,12.327736948884946,0.0,-0.7377259261634421,0.0,12.327736948884946,0.0,-1.1208997513551076
481,96.40000000001241,-0.01744815033038538,0.2159430825648824,10.032120264830988,10.3634195515018,186.52188875020596,187.72051928109173,30.309837231745703,250.7689399719165,40.749993495429926,0.0,0.0,0.0,12.331063020906983,0.0,-0.7499934954299263,0.0,12.331063020906983,0.0,-1.1423473873992913
482,96.60000000001251,-0.01744896800406382,0.21590103188865822,10.03243060626065,10.363749452018414,186.57879414333556,187.78057464542078,30.319084367376398,250.84545061027566,40.76242648659628,0.0,0.0,0.0,12.334432635002571,0.0,-0.7624264865962829,0.0,12.334432635002571,0.0,-1.164239798514816
483,96.80000000001262,-0.01744966396295806,0.21585833060074924,10.032745727685487,10.364084434434664,186.6364209281106,187.84121701211396,30.3284487292667,250.92293090696873,40.775017047399466,0.0,0.0,0.0,12.337843662851222,0.0,-0.7750170473994658,0.0,12.337843662851222,0.0,-1.1865668059730972
484,97.00000000001272,-0.017450254851824925,0.21581500647897012,10.033065423146299,10.364424279839538,186.69473270761023,187.90240812461454,30.337924402911067,251.00133192572073,40.787757225686846,0.0,0.0,0.0,12.34129394997464,0.0,-0.7877572256868461,0.0,12.34129394997464,0.0,-1.2093178200481234
485,97.20000000001282,-0.017450755234826615,0.21577108767584838,10.03338948396291,10.364768766428236,186.75369265058126,187.96410938122656,30.347505403224858,251.08060414645874,40.80063897443852,0.0,0.0,0.0,12.344781317097521,0.0,-0.8006389744385203,0.0,12.344781317097521,0.0,-1.2324818379349434
486,97.40000000001292,-0.017451176555233445,0.215726602698843,10.033717698883112,10.365117669660412,186.81326351470162,188.02628185937795,30.35718567832469,251.1606974965936,40.81365415685062,0.0,0.0,0.0,12.34830356152405,0.0,-0.8136541568506175,0.0,12.34830356152405,0.0,-1.2560474422942798
487,97.60000000001303,-0.01745153233691032,0.21568158039038776,10.034049854232762,10.36547076241964,186.87340767011025,188.088886340074,30.36695911335203,251.24156138265676,40.826794551476276,0.0,0.0,0.0,12.351858458529149,0.0,-0.8267945514762758,0.0,12.351858458529149,0.0,-1.2800028004453323
488,97.80000000001313,-0.01745183298283026,0.21563604990780078,10.034385734066747,10.365827815173821,186.93408712318833,188.15188333255296,30.376819534337642,251.32314472227043,40.840051857420804,0.0,0.0,0.0,12.355443762763679,0.0,-0.8400518574208036,0.0,12.355443762763679,0.0,-1.3043356642273467
489,98.00000000001323,-0.01745208473477705,0.21559004070304072,10.034725120320932,10.366188596136622,186.99526354057255,188.21523309908997,30.38676071210375,251.4053959764339,40.85341769958821,0.0,0.0,0.0,12.35905720967264,0.0,-0.8534176995882135,0.0,12.35905720967264,0.0,-1.32903337054953
490,98.20000000001333,-0.017452294874831818,0.21554358250236258,10.035067792964712,10.366552871429581,187.0568982733828,188.2788956799693,30.396776366201074,251.4882631821028,40.86688363397534,0.0,0.0,0.0,12.362696516925514,0.0,-0.8668836339753412,0.0,12.362696516925514,0.0,-1.3540828426468219
491,98.40000000001343,-0.01745246964477835,0.21549670528587123,10.035413530154159,10.366920405244825,187.1189523816629,188.3428309185916,30.406860168880392,251.5716939850412,40.88044115301035,0.0,0.0,0.0,12.366359385857837,0.0,-0.8804411530103522,0.0,12.366359385857837,0.0,-1.3794705920578336
492,98.60000000001354,-0.017452614246103167,0.215449439266988,10.035762108385658,10.367290960008336,187.18138665900238,188.4069984866972,30.417005749093637,251.65563567292816,40.894081690932516,0.0,0.0,0.0,12.370043502923087,0.0,-0.8940816909325164,0.0,12.370043502923087,0.0,-1.405182721339743
493,98.80000000001364,-0.01745273388029276,0.21540181487185925,10.036113302649804,10.367664296543486,187.24416165732816,188.47135790970404,30.427206696522525,251.7400352086933,40.907796629209294,0.0,0.0,0.0,12.37374654115396,0.0,-0.9077966292092938,0.0,12.37374654115396,0.0,-1.431204927532744
494,99.00000000001374,-0.01745283374883364,0.21535386271871723,10.03646688658549,10.36804017423478,187.30723771186152,188.53586859213584,30.43745656563406,251.82483926406425,40.921577301987746,0.0,0.0,0.0,12.37746616163214,0.0,-0.921577301987746,0.0,12.37746616163214,0.0,-1.457522506385554
495,99.20000000001384,-0.0174529159323204,0.21530561359720446,10.036822632634083,10.368418351191703,187.37057496620787,188.60048984312132,30.44774887975766,251.90999425330259,40.93541500157667,0.0,0.0,0.0,12.381200014965613,0.0,-0.935415001576672,0.0,12.381200014965613,0.0,-1.4841203573514086
496,99.40000000001395,-0.017452983551644954,0.21525709844768665,10.037180312193518,10.368798584412483,187.43413339757362,188.66518090195638,30.458077135182847,251.99544636710718,40.9493009839559,0.0,0.0,0.0,12.384945742772578,0.0,-0.9493009839559008,0.0,12.384945742772578,0.0,-1.510982989362175
497,99.60000000001405,-0.0174530386874019,0.21520834834056685,10.037539695772196,10.369180629947644,187.49787284209398,188.7299009637111,30.46843480527508,252.0811416066638,40.963226474309344,0.0,0.0,0.0,12.388700979171073,0.0,-0.9632264743093444,0.0,12.388700979171073,0.0,-1.5380945273865083
498,99.80000000001415,-0.01745308446048313,0.21515939445561674,10.037900553142578,10.369564243063266,187.56175302024872,188.794609204864,30.47881534460576,252.16702581781843,40.97718267257817,0.0,0.0,0.0,12.3924633522733,0.0,-0.9771826725781665,0.0,12.3924633522733,0.0,-1.56543871977604
499,100.00000000001425,-0.017453121911185962,0.21511026806133923,10.038262653494362,10.369949178403768,187.62573356235825,188.85926480894906,30.489212193095412,252.25304472535316,40.99116075903065,0.0,0.0,0.0,12.396230485683766,0.0,-0.9911607590306488,0.0,12.396230485683766,0.0,-1.5929989464017693
